window_start,window_end,n_members,subsample_fraction,dominant_iau,dominant_iau_fraction,sporadic_fraction,q_med,e_med,i_med,peri_med,node_med,vgeo_med,thr_d_sh,thr_d_d,thr_d_h
0.0,2.0,5552,0.6006,,0.0,0.883,0.7835,0.8295,28.375,198.763,1.688,34.973,0.19198,0.10001,0.22648
0.0,2.0,24,0.6006,,0.0,1.0,0.4648,0.9668,130.839,83.822,1.026,60.892,0.19198,0.10001,0.22648
0.0,2.0,24,0.6006,,0.0,1.0,0.7008,0.9575,112.304,112.806,0.41,58.629,0.19198,0.10001,0.22648
1.0,3.0,5355,0.6977,,0.0,0.898,0.7975,0.8303,32.193,201.098,2.523,35.657,0.20503,0.09582,0.20081
1.0,3.0,8,0.6977,,0.0,1.0,0.3645,0.8838,111.647,111.167,182.438,54.734,0.20503,0.09582,0.20081
1.0,3.0,17,0.6977,,0.0,1.0,0.5041,0.9436,153.396,268.303,181.84,64.082,0.20503,0.09582,0.20081
1.0,3.0,104,0.6977,,0.0,1.0,0.6129,0.9372,67.234,81.136,181.847,42.737,0.20503,0.09582,0.20081
1.0,3.0,73,0.6977,,0.0,1.0,0.5558,0.9567,143.059,95.467,1.8,62.884,0.20503,0.09582,0.20081
1.0,3.0,15,0.6977,,0.0,1.0,0.4615,0.9794,75.456,84.18,1.768,46.766,0.20503,0.09582,0.20081
1.0,3.0,14,0.6977,,0.0,1.0,0.7275,0.9528,111.472,115.433,1.959,58.112,0.20503,0.09582,0.20081
1.0,3.0,15,0.6977,,0.0,1.0,0.5831,0.9695,60.567,98.962,2.627,40.495,0.20503,0.09582,0.20081
2.0,4.0,5011,0.7901,,0.0,0.918,0.8067,0.8298,27.966,197.534,3.454,34.449,0.20689,0.07852,0.17988
2.0,4.0,43,0.7901,,0.0,1.0,0.6727,0.9414,137.646,108.069,3.127,63.396,0.20689,0.07852,0.17988
2.0,4.0,95,0.7901,,0.0,1.0,0.454,0.9668,66.801,96.283,183.093,44.245,0.20689,0.07852,0.17988
2.0,4.0,12,0.7901,,0.0,1.0,0.3065,0.9606,53.14,294.683,2.894,42.125,0.20689,0.07852,0.17988
2.0,4.0,18,0.7901,,0.0,1.0,0.7611,0.9137,156.664,299.967,182.708,67.218,0.20689,0.07852,0.17988
2.0,4.0,8,0.7901,,0.0,1.0,0.2817,0.9324,161.038,117.922,182.827,61.551,0.20689,0.07852,0.17988
2.0,4.0,13,0.7901,,0.0,1.0,0.3876,0.9755,143.113,76.71,3.148,62.001,0.20689,0.07852,0.17988
2.0,4.0,8,0.7901,,0.0,1.0,0.6402,0.9272,140.476,284.943,182.6,63.906,0.20689,0.07852,0.17988
2.0,4.0,8,0.7901,,0.0,1.0,0.1714,0.9736,41.296,313.393,2.767,41.892,0.20689,0.07852,0.17988
2.0,4.0,39,0.7901,DME,0.769,0.231,0.992,0.9624,58.515,352.049,182.525,36.518,0.20689,0.07852,0.17988
2.0,4.0,8,0.7901,,0.0,1.0,0.9459,0.8843,73.021,27.09,182.435,42.905,0.20689,0.07852,0.17988
2.0,4.0,13,0.7901,,0.0,1.0,0.5796,0.9617,61.957,98.482,2.956,41.535,0.20689,0.07852,0.17988
3.0,5.0,5191,0.7732,,0.0,0.917,0.8013,0.8285,27.504,200.122,4.41,33.789,0.17036,0.10073,0.19919
3.0,5.0,70,0.7732,,0.0,1.0,0.4578,0.982,66.787,95.129,183.923,44.731,0.17036,0.10073,0.19919
3.0,5.0,70,0.7732,,0.0,1.0,0.6287,0.9459,137.104,102.52,4.134,62.222,0.17036,0.10073,0.19919
3.0,5.0,13,0.7732,DME,0.692,0.308,0.9926,0.9636,59.338,352.185,183.898,36.905,0.17036,0.10073,0.19919
3.0,5.0,8,0.7732,,0.0,1.0,0.5802,0.9856,61.682,99.089,3.472,41.433,0.17036,0.10073,0.19919
3.0,5.0,10,0.7732,,0.0,1.0,0.4819,0.9736,157.915,85.702,4.081,64.535,0.17036,0.10073,0.19919
3.0,5.0,8,0.7732,,0.0,1.0,0.8134,0.9477,159.018,307.008,184.332,68.453,0.17036,0.10073,0.19919
4.0,6.0,4943,0.7645,,0.0,0.909,0.8213,0.8266,24.894,198.049,5.33,33.063,0.19584,0.07564,0.18014
4.0,6.0,13,0.7645,,0.0,1.0,0.8892,0.8156,39.644,40.024,185.567,26.782,0.19584,0.07564,0.18014
4.0,6.0,8,0.7645,,0.0,1.0,0.9896,0.8959,100.738,10.429,185.145,55.154,0.19584,0.07564,0.18014
4.0,6.0,11,0.7645,,0.0,1.0,0.816,0.8511,151.066,308.568,185.293,66.418,0.19584,0.07564,0.18014
4.0,6.0,26,0.7645,,0.0,1.0,0.7055,0.9556,144.749,114.301,5.3,64.736,0.19584,0.07564,0.18014
4.0,6.0,14,0.7645,AAL,0.857,0.143,0.0527,0.9731,27.922,337.35,5.017,41.929,0.19584,0.07564,0.18014
4.0,6.0,53,0.7645,,0.0,1.0,0.489,0.9692,67.248,92.333,184.753,44.455,0.19584,0.07564,0.18014
4.0,6.0,13,0.7645,,0.0,1.0,0.2436,0.9667,50.636,302.032,5.058,41.993,0.19584,0.07564,0.18014
4.0,6.0,9,0.7645,,0.0,1.0,0.4662,0.9913,119.048,94.95,185.004,59.01,0.19584,0.07564,0.18014
4.0,6.0,8,0.7645,,0.0,1.0,0.3353,0.932,162.475,111.553,185.09,62.456,0.19584,0.07564,0.18014
4.0,6.0,11,0.7645,,0.0,0.727,0.9953,0.9488,60.415,354.772,185.088,37.012,0.19584,0.07564,0.18014
4.0,6.0,36,0.7645,,0.0,1.0,0.4791,0.9573,141.037,85.597,4.691,61.991,0.19584,0.07564,0.18014
4.0,6.0,9,0.7645,,0.0,1.0,0.502,0.9787,112.109,88.505,4.965,57.066,0.19584,0.07564,0.18014
4.0,6.0,8,0.7645,,0.0,1.0,0.4024,0.9492,80.414,77.376,4.741,47.787,0.19584,0.07564,0.18014
4.0,6.0,8,0.7645,,0.0,1.0,0.6162,0.9658,144.669,283.331,185.449,64.76,0.19584,0.07564,0.18014
5.0,7.0,4308,0.802,,0.0,0.897,0.7645,0.811,16.124,206.66,6.307,29.565,0.1444,0.10326,0.19442
5.0,7.0,201,0.802,,0.0,1.0,0.5839,0.9291,144.838,82.968,185.999,62.565,0.1444,0.10326,0.19442
5.0,7.0,37,0.802,,0.0,1.0,0.4501,0.974,128.605,83.491,6.094,60.839,0.1444,0.10326,0.19442
5.0,7.0,29,0.802,,0.0,1.0,0.2627,0.968,151.794,300.222,5.832,60.546,0.1444,0.10326,0.19442
5.0,7.0,10,0.802,,0.0,1.0,0.9956,0.9491,60.506,354.353,185.402,37.32,0.1444,0.10326,0.19442
5.0,7.0,31,0.802,EOP,0.806,0.194,0.9308,0.9577,168.875,210.554,6.16,70.648,0.1444,0.10326,0.19442
5.0,7.0,32,0.802,,0.0,1.0,0.4461,0.9761,66.71,95.991,186.048,44.764,0.1444,0.10326,0.19442
5.0,7.0,44,0.802,,0.0,1.0,0.9966,0.8559,134.505,177.847,185.921,64.759,0.1444,0.10326,0.19442
5.0,7.0,16,0.802,,0.0,1.0,0.9467,0.844,109.278,332.938,186.32,57.404,0.1444,0.10326,0.19442
5.0,7.0,41,0.802,,0.0,1.0,0.9516,0.8726,133.993,25.436,185.918,65.044,0.1444,0.10326,0.19442
5.0,7.0,8,0.802,,0.0,1.0,0.8878,0.9261,103.938,39.298,186.167,56.58,0.1444,0.10326,0.19442
5.0,7.0,25,0.802,,0.0,1.0,0.8951,0.8884,122.94,141.464,6.232,61.743,0.1444,0.10326,0.19442
5.0,7.0,11,0.802,,0.0,1.0,0.6325,0.9571,69.003,75.764,186.641,44.12,0.1444,0.10326,0.19442
5.0,7.0,15,0.802,,0.0,1.0,0.6644,0.9427,145.485,108.236,5.568,65.105,0.1444,0.10326,0.19442
5.0,7.0,10,0.802,,0.0,1.0,0.7965,0.9393,143.309,53.885,185.774,66.636,0.1444,0.10326,0.19442
5.0,7.0,10,0.802,,0.0,1.0,0.7613,0.949,134.054,119.789,6.155,63.994,0.1444,0.10326,0.19442
5.0,7.0,8,0.802,,0.0,1.0,0.5861,0.9025,173.072,84.361,186.099,66.277,0.1444,0.10326,0.19442
6.0,8.0,5645,0.8093,,0.0,0.919,0.7759,0.8437,35.602,197.183,7.4,36.468,0.2306,0.12091,0.2048
6.0,8.0,8,0.8093,,0.0,1.0,0.1612,0.9857,109.344,316.419,7.116,54.103,0.2306,0.12091,0.2048
6.0,8.0,8,0.8093,,0.0,1.0,0.9676,0.8169,89.427,21.132,186.465,49.854,0.2306,0.12091,0.2048
6.0,8.0,15,0.8093,,0.0,1.0,0.8941,0.929,53.058,37.943,187.024,34.987,0.2306,0.12091,0.2048
6.0,8.0,18,0.8093,,0.0,1.0,0.995,0.9415,61.093,350.658,187.171,37.723,0.2306,0.12091,0.2048
7.0,9.0,5288,0.8736,,0.0,0.914,0.8179,0.8327,30.879,198.66,8.355,34.776,0.19243,0.08402,0.18275
7.0,9.0,27,0.8736,,0.0,1.0,0.4144,0.9909,142.196,79.833,8.086,62.209,0.19243,0.08402,0.18275
7.0,9.0,10,0.8736,,0.0,1.0,0.304,0.985,114.792,294.063,7.305,56.923,0.19243,0.08402,0.18275
7.0,9.0,71,0.8736,,0.0,1.0,0.5089,0.9542,65.307,91.458,188.067,43.443,0.19243,0.08402,0.18275
7.0,9.0,11,0.8736,,0.0,1.0,0.9959,0.9401,60.786,354.338,187.977,37.653,0.19243,0.08402,0.18275
7.0,9.0,14,0.8736,,0.0,1.0,0.8878,0.9601,99.57,39.276,187.897,54.986,0.19243,0.08402,0.18275
8.0,10.0,4524,0.8632,,0.0,0.921,0.7629,0.8238,20.593,200.006,9.382,31.527,0.16701,0.10241,0.17199
8.0,10.0,11,0.8632,,0.0,1.0,0.1743,0.9774,45.77,313.392,8.676,42.765,0.16701,0.10241,0.17199
8.0,10.0,40,0.8632,,0.0,1.0,0.4579,0.976,145.927,84.09,8.543,62.993,0.16701,0.10241,0.17199
8.0,10.0,646,0.8632,,0.0,0.848,0.9131,0.909,131.912,72.524,189.276,62.915,0.16701,0.10241,0.17199
8.0,10.0,11,0.8632,,0.0,1.0,0.7259,0.9576,140.039,296.592,189.136,64.92,0.16701,0.10241,0.17199
8.0,10.0,52,0.8632,,0.0,1.0,0.86,0.9475,158.654,315.564,189.107,67.86,0.16701,0.10241,0.17199
8.0,10.0,14,0.8632,,0.0,1.0,0.9003,0.9476,57.842,37.08,189.184,37.028,0.16701,0.10241,0.17199
8.0,10.0,10,0.8632,,0.0,1.0,0.9974,0.8704,174.691,5.475,189.087,70.48,0.16701,0.10241,0.17199
8.0,10.0,13,0.8632,,0.0,1.0,0.8395,0.9455,93.438,47.574,189.189,52.296,0.16701,0.10241,0.17199
8.0,10.0,11,0.8632,,0.0,1.0,0.9953,0.9543,61.256,353.13,189.017,38.021,0.16701,0.10241,0.17199
8.0,10.0,18,0.8632,,0.0,1.0,0.9135,0.9118,152.768,145.524,9.189,68.258,0.16701,0.10241,0.17199
8.0,10.0,8,0.8632,,0.0,1.0,0.7396,0.9247,33.59,62.783,189.31,28.626,0.16701,0.10241,0.17199
9.0,11.0,5257,0.8266,,0.0,0.913,0.7863,0.8381,29.729,192.348,10.587,35.224,0.22143,0.09603,0.17238
9.0,11.0,25,0.8266,,0.0,1.0,0.866,0.8564,163.615,316.127,189.651,68.599,0.22143,0.09603,0.17238
9.0,11.0,12,0.8266,,0.0,1.0,0.8627,0.9513,141.468,316.347,189.55,66.64,0.22143,0.09603,0.17238
9.0,11.0,37,0.8266,,0.0,1.0,0.7525,0.9168,55.974,60.871,189.785,38.199,0.22143,0.09603,0.17238
9.0,11.0,19,0.8266,,0.0,1.0,0.4659,0.9712,145.714,84.045,9.974,62.416,0.22143,0.09603,0.17238
9.0,11.0,14,0.8266,,0.0,1.0,0.8433,0.9371,93.717,47.202,189.383,52.359,0.22143,0.09603,0.17238
9.0,11.0,8,0.8266,,0.0,1.0,0.6947,0.9512,140.358,290.84,190.381,64.49,0.22143,0.09603,0.17238
9.0,11.0,11,0.8266,,0.0,1.0,0.9053,0.9401,60.473,36.125,189.662,38.369,0.22143,0.09603,0.17238
9.0,11.0,12,0.8266,,0.0,1.0,0.9524,0.9435,67.708,335.006,189.648,40.64,0.22143,0.09603,0.17238
10.0,12.0,4553,0.8755,,0.0,0.915,0.7963,0.8035,18.515,202.22,11.215,29.992,0.15986,0.08673,0.21496
10.0,12.0,32,0.8755,,0.0,1.0,0.4133,0.9773,66.654,99.297,190.828,45.06,0.15986,0.08673,0.21496
10.0,12.0,12,0.8755,,0.0,1.0,0.2098,0.9291,157.428,309.815,10.625,58.498,0.15986,0.08673,0.21496
10.0,12.0,314,0.8755,,0.0,1.0,0.9042,0.8732,136.407,55.859,190.901,64.414,0.15986,0.08673,0.21496
10.0,12.0,97,0.8755,DPA,0.691,0.309,0.9251,0.925,110.113,328.017,190.675,58.302,0.15986,0.08673,0.21496
10.0,12.0,18,0.8755,,0.0,1.0,0.6399,0.9505,139.93,286.007,190.839,63.864,0.15986,0.08673,0.21496
10.0,12.0,20,0.8755,,0.0,1.0,0.3547,0.9744,142.325,72.045,11.405,61.167,0.15986,0.08673,0.21496
10.0,12.0,26,0.8755,,0.0,1.0,0.7342,0.9333,145.894,115.266,10.72,65.401,0.15986,0.08673,0.21496
10.0,12.0,9,0.8755,,0.0,1.0,0.584,0.9511,121.489,98.486,10.774,59.812,0.15986,0.08673,0.21496
10.0,12.0,12,0.8755,,0.0,1.0,0.7247,0.8451,174.261,68.515,190.256,67.67,0.15986,0.08673,0.21496
10.0,12.0,23,0.8755,,0.0,1.0,0.5039,0.8965,116.562,91.129,190.859,57.946,0.15986,0.08673,0.21496
10.0,12.0,18,0.8755,,0.0,1.0,0.3195,0.9273,163.834,114.64,190.878,61.911,0.15986,0.08673,0.21496
10.0,12.0,8,0.8755,,0.0,1.0,0.8583,0.8075,168.962,131.544,11.5,67.876,0.15986,0.08673,0.21496
10.0,12.0,14,0.8755,,0.0,1.0,0.4779,0.9497,136.399,94.187,191.03,62.018,0.15986,0.08673,0.21496
10.0,12.0,10,0.8755,,0.0,1.0,0.9904,0.9438,159.972,349.178,191.132,70.086,0.15986,0.08673,0.21496
10.0,12.0,9,0.8755,,0.0,1.0,0.456,0.9246,156.083,98.535,191.148,63.168,0.15986,0.08673,0.21496
10.0,12.0,9,0.8755,,0.0,1.0,0.4518,0.9636,77.673,83.054,11.08,47.204,0.15986,0.08673,0.21496
10.0,12.0,8,0.8755,,0.0,1.0,0.6356,0.9775,100.748,105.765,11.202,54.73,0.15986,0.08673,0.21496
10.0,12.0,8,0.8755,,0.0,1.0,0.9734,0.9189,66.711,341.206,191.049,40.293,0.15986,0.08673,0.21496
11.0,13.0,3775,0.8345,,0.0,0.918,0.7836,0.7755,12.728,199.123,12.324,26.39,0.1724,0.08419,0.13437
11.0,13.0,445,0.8345,,0.0,0.796,0.9306,0.8884,140.216,210.239,12.048,64.517,0.1724,0.08419,0.13437
11.0,13.0,20,0.8345,,0.0,1.0,0.9785,0.8925,105.178,163.149,11.896,56.677,0.1724,0.08419,0.13437
11.0,13.0,13,0.8345,,0.0,1.0,0.7819,0.8759,145.669,122.516,12.391,65.455,0.1724,0.08419,0.13437
11.0,13.0,66,0.8345,ALO,0.561,0.439,0.2957,0.9776,113.369,294.966,12.117,56.59,0.1724,0.08419,0.13437
11.0,13.0,26,0.8345,,0.0,1.0,0.6232,0.9581,119.67,255.257,11.906,59.949,0.1724,0.08419,0.13437
11.0,13.0,19,0.8345,,0.0,1.0,0.8932,0.8929,101.302,219.355,11.61,55.1,0.1724,0.08419,0.13437
11.0,13.0,11,0.8345,,0.0,1.0,0.9318,0.8906,122.568,148.806,11.979,61.705,0.1724,0.08419,0.13437
11.0,13.0,8,0.8345,,0.0,1.0,0.9194,0.8951,166.322,214.052,12.293,69.662,0.1724,0.08419,0.13437
11.0,13.0,9,0.8345,,0.0,1.0,0.2499,0.984,48.526,120.564,192.47,42.127,0.1724,0.08419,0.13437
11.0,13.0,59,0.8345,,0.0,1.0,0.9205,0.8596,129.04,33.801,192.032,63.062,0.1724,0.08419,0.13437
11.0,13.0,66,0.8345,,0.0,1.0,0.7319,0.9461,137.848,64.607,192.166,64.309,0.1724,0.08419,0.13437
11.0,13.0,23,0.8345,,0.0,1.0,0.5986,0.9075,157.285,81.027,191.929,66.226,0.1724,0.08419,0.13437
11.0,13.0,45,0.8345,,0.0,1.0,0.9959,0.8526,139.988,12.342,192.076,66.004,0.1724,0.08419,0.13437
11.0,13.0,20,0.8345,,0.0,1.0,0.5108,0.9598,135.109,90.871,192.119,61.859,0.1724,0.08419,0.13437
11.0,13.0,8,0.8345,,0.0,1.0,0.4942,0.909,163.101,93.813,192.26,64.515,0.1724,0.08419,0.13437
11.0,13.0,25,0.8345,,0.0,0.64,0.9213,0.9581,111.641,326.598,192.302,58.765,0.1724,0.08419,0.13437
11.0,13.0,25,0.8345,,0.0,1.0,0.382,0.9847,140.11,76.441,12.233,61.401,0.1724,0.08419,0.13437
11.0,13.0,12,0.8345,,0.0,1.0,0.7116,0.9029,125.913,113.392,12.268,60.613,0.1724,0.08419,0.13437
11.0,13.0,9,0.8345,,0.0,1.0,0.6062,0.9368,115.047,101.44,12.377,57.562,0.1724,0.08419,0.13437
11.0,13.0,8,0.8345,,0.0,1.0,0.8808,0.9019,164.659,318.81,192.341,69.027,0.1724,0.08419,0.13437
11.0,13.0,10,0.8345,,0.0,1.0,0.6203,0.9959,98.291,103.824,11.911,54.023,0.1724,0.08419,0.13437
11.0,13.0,19,0.8345,,0.0,1.0,0.4106,0.9768,65.633,101.204,192.125,44.704,0.1724,0.08419,0.13437
12.0,14.0,5553,0.7812,,0.0,0.914,0.8173,0.8282,31.459,193.191,13.323,34.627,0.24289,0.09224,0.22121
12.0,14.0,18,0.7812,,0.0,1.0,0.8361,0.9142,159.2,311.13,192.631,68.173,0.24289,0.09224,0.22121
12.0,14.0,12,0.7812,,0.0,1.0,0.916,0.951,52.442,33.802,193.003,34.228,0.24289,0.09224,0.22121
12.0,14.0,18,0.7812,,0.0,1.0,0.1815,0.9689,146.499,311.305,13.017,58.344,0.24289,0.09224,0.22121
12.0,14.0,10,0.7812,,0.0,1.0,0.4613,0.9148,100.803,277.913,13.028,53.832,0.24289,0.09224,0.22121
12.0,14.0,14,0.7812,,0.0,1.0,0.5397,0.9622,61.947,94.053,12.603,40.303,0.24289,0.09224,0.22121
12.0,14.0,8,0.7812,,0.0,1.0,0.5316,0.9395,97.508,89.253,192.972,53.031,0.24289,0.09224,0.22121
13.0,15.0,4402,0.8481,,0.0,0.895,0.8429,0.8049,19.173,197.004,14.212,29.779,0.22247,0.06639,0.1885
13.0,15.0,266,0.8481,,0.0,1.0,0.852,0.899,137.886,52.236,193.75,64.981,0.22247,0.06639,0.1885
13.0,15.0,12,0.8481,,0.0,1.0,0.3697,0.9418,163.607,106.63,193.911,63.186,0.22247,0.06639,0.1885
13.0,15.0,8,0.8481,,0.0,1.0,0.351,0.9792,139.788,71.341,14.141,60.79,0.22247,0.06639,0.1885
13.0,15.0,28,0.8481,,0.0,1.0,0.9206,0.9613,114.087,327.574,193.906,59.686,0.22247,0.06639,0.1885
13.0,15.0,13,0.8481,,0.0,1.0,0.3461,0.9651,32.671,289.127,13.796,37.459,0.22247,0.06639,0.1885
13.0,15.0,68,0.8481,,0.0,0.838,0.6846,0.958,128.932,109.033,14.181,61.468,0.22247,0.06639,0.1885
13.0,15.0,9,0.8481,,0.0,1.0,0.3485,0.9104,147.342,291.54,13.968,60.977,0.22247,0.06639,0.1885
13.0,15.0,46,0.8481,ALO,0.957,0.043,0.2855,0.9866,111.34,296.54,14.068,55.931,0.22247,0.06639,0.1885
13.0,15.0,16,0.8481,,0.0,1.0,0.2856,0.9799,47.807,115.906,193.724,41.996,0.22247,0.06639,0.1885
13.0,15.0,14,0.8481,,0.0,1.0,0.3914,0.9743,64.318,103.143,193.81,44.189,0.22247,0.06639,0.1885
13.0,15.0,12,0.8481,,0.0,1.0,0.4508,0.9492,141.067,96.966,193.537,62.303,0.22247,0.06639,0.1885
13.0,15.0,11,0.8481,,0.0,1.0,0.537,0.9147,164.62,87.784,193.318,65.375,0.22247,0.06639,0.1885
13.0,15.0,8,0.8481,,0.0,1.0,0.9781,0.7296,147.999,341.877,193.317,65.89,0.22247,0.06639,0.1885
13.0,15.0,8,0.8481,,0.0,1.0,0.2821,0.9667,149.208,298.336,14.056,61.023,0.22247,0.06639,0.1885
13.0,15.0,8,0.8481,,0.0,1.0,0.8763,0.742,151.876,224.924,14.212,66.024,0.22247,0.06639,0.1885
13.0,15.0,8,0.8481,,0.0,1.0,0.7657,0.8332,134.54,300.097,193.855,62.551,0.22247,0.06639,0.1885
14.0,16.0,5112,0.8382,,0.0,0.904,0.8272,0.821,24.423,194.975,15.279,31.973,0.18007,0.08823,0.18517
14.0,16.0,8,0.8382,,0.0,1.0,0.5079,0.8636,44.61,94.576,194.85,35.675,0.18007,0.08823,0.18517
14.0,16.0,9,0.8382,,0.0,1.0,0.2008,0.979,53.349,307.687,15.106,43.977,0.18007,0.08823,0.18517
14.0,16.0,133,0.8382,,0.0,0.857,0.6716,0.959,132.989,108.103,15.173,61.634,0.18007,0.08823,0.18517
14.0,16.0,34,0.8382,ALO,0.941,0.059,0.2816,0.9835,110.806,296.619,14.807,55.857,0.18007,0.08823,0.18517
14.0,16.0,13,0.8382,,0.0,1.0,0.3858,0.9559,65.195,104.57,194.622,44.626,0.18007,0.08823,0.18517
14.0,16.0,15,0.8382,,0.0,1.0,0.9223,0.96,137.346,327.368,195.604,66.17,0.18007,0.08823,0.18517
14.0,16.0,15,0.8382,,0.0,1.0,0.8632,0.8902,158.407,315.132,195.117,68.31,0.18007,0.08823,0.18517
14.0,16.0,12,0.8382,,0.0,1.0,0.9718,0.8566,112.942,340.421,195.433,58.085,0.18007,0.08823,0.18517
14.0,16.0,13,0.8382,,0.0,1.0,0.7213,0.9332,41.9,65.45,195.455,32.389,0.18007,0.08823,0.18517
14.0,16.0,8,0.8382,,0.0,1.0,0.7377,0.8687,134.739,296.441,194.806,63.148,0.18007,0.08823,0.18517
15.0,17.0,4269,0.7275,,0.0,0.885,0.8431,0.7929,15.212,195.894,16.414,28.257,0.14433,0.08149,0.15914
15.0,17.0,10,0.7275,,0.0,1.0,0.9826,0.2858,4.472,202.716,15.954,5.472,0.14433,0.08149,0.15914
15.0,17.0,134,0.7275,,0.0,1.0,0.7896,0.9193,135.21,55.971,196.311,64.308,0.14433,0.08149,0.15914
15.0,17.0,28,0.7275,ALO,1.0,0.0,0.2838,0.9763,110.452,296.658,15.976,55.636,0.14433,0.08149,0.15914
15.0,17.0,8,0.7275,,0.0,1.0,0.2792,0.9691,140.993,297.933,16.05,60.202,0.14433,0.08149,0.15914
15.0,17.0,145,0.7275,,0.0,0.897,0.5827,0.9374,150.909,262.39,16.057,64.245,0.14433,0.08149,0.15914
15.0,17.0,54,0.7275,AED,0.537,0.463,0.7323,0.9463,123.262,116.623,16.25,61.342,0.14433,0.08149,0.15914
15.0,17.0,30,0.7275,,0.0,1.0,0.5474,0.9265,161.309,86.376,195.797,65.586,0.14433,0.08149,0.15914
15.0,17.0,31,0.7275,,0.0,1.0,0.6019,0.9754,133.217,101.245,16.242,62.669,0.14433,0.08149,0.15914
15.0,17.0,16,0.7275,,0.0,1.0,0.897,0.9803,169.048,217.524,16.062,70.354,0.14433,0.08149,0.15914
15.0,17.0,19,0.7275,,0.0,0.526,0.3688,0.9752,142.058,73.658,16.528,61.072,0.14433,0.08149,0.15914
15.0,17.0,12,0.7275,,0.0,1.0,0.2847,0.9848,44.481,116.003,196.827,41.282,0.14433,0.08149,0.15914
15.0,17.0,44,0.7275,,0.0,1.0,0.9469,0.8623,126.121,151.947,16.191,62.483,0.14433,0.08149,0.15914
15.0,17.0,12,0.7275,,0.0,1.0,0.4557,0.9094,113.795,82.586,16.11,56.325,0.14433,0.08149,0.15914
15.0,17.0,27,0.7275,,0.0,1.0,0.9921,0.8769,132.101,11.796,196.036,64.032,0.14433,0.08149,0.15914
15.0,17.0,15,0.7275,,0.0,1.0,0.4065,0.9307,159.457,103.308,195.638,63.353,0.14433,0.08149,0.15914
15.0,17.0,14,0.7275,,0.0,1.0,0.9251,0.892,157.337,147.094,15.752,68.607,0.14433,0.08149,0.15914
15.0,17.0,15,0.7275,,0.0,1.0,0.4451,0.9583,118.373,277.239,16.166,58.476,0.14433,0.08149,0.15914
15.0,17.0,21,0.7275,,0.0,1.0,0.7724,0.9822,145.712,122.979,16.34,66.535,0.14433,0.08149,0.15914
15.0,17.0,13,0.7275,,0.0,1.0,0.9964,0.958,89.199,351.528,196.551,51.091,0.14433,0.08149,0.15914
16.0,18.0,5287,0.627,,0.0,0.885,0.8085,0.828,29.0,192.595,17.425,33.554,0.19778,0.08339,0.18889
16.0,18.0,41,0.627,ALO,0.659,0.341,0.3137,0.9667,111.104,293.968,17.174,56.214,0.19778,0.08339,0.18889
16.0,18.0,10,0.627,,0.0,1.0,0.9954,0.3236,78.507,181.595,17.459,40.73,0.19778,0.08339,0.18889
16.0,18.0,8,0.627,,0.0,1.0,0.3876,0.9849,63.867,104.5,197.41,44.38,0.19778,0.08339,0.18889
16.0,18.0,8,0.627,,0.0,1.0,0.5478,0.9879,68.971,84.802,197.406,44.624,0.19778,0.08339,0.18889
16.0,18.0,15,0.627,,0.0,1.0,0.8942,0.9517,111.745,321.709,197.034,58.719,0.19778,0.08339,0.18889
16.0,18.0,11,0.627,,0.0,1.0,0.9969,0.9191,88.39,352.328,196.952,50.055,0.19778,0.08339,0.18889
16.0,18.0,10,0.627,,0.0,1.0,0.9433,0.9129,174.747,330.648,197.179,70.235,0.19778,0.08339,0.18889
17.0,19.0,4687,0.5921,,0.0,0.878,0.7995,0.8127,20.172,202.153,18.231,30.142,0.18234,0.09347,0.15944
17.0,19.0,311,0.5921,,0.0,1.0,0.7597,0.906,139.755,65.46,198.055,63.92,0.18234,0.09347,0.15944
17.0,19.0,151,0.5921,,0.0,0.536,0.7114,0.9662,124.931,113.133,17.905,61.498,0.18234,0.09347,0.15944
17.0,19.0,9,0.5921,,0.0,1.0,0.8525,0.9306,115.015,134.458,17.892,59.459,0.18234,0.09347,0.15944
17.0,19.0,22,0.5921,,0.0,1.0,0.7955,0.9697,166.93,125.586,17.754,69.028,0.18234,0.09347,0.15944
17.0,19.0,10,0.5921,,0.0,1.0,0.3504,0.9585,139.523,108.833,198.723,60.578,0.18234,0.09347,0.15944
17.0,19.0,17,0.5921,,0.0,1.0,0.9701,0.8123,128.301,339.008,198.423,62.428,0.18234,0.09347,0.15944
17.0,19.0,8,0.5921,,0.0,1.0,0.6915,0.9524,147.446,110.918,17.737,65.35,0.18234,0.09347,0.15944
17.0,19.0,26,0.5921,ACU,0.808,0.192,0.293,0.9885,46.436,114.963,198.156,41.587,0.18234,0.09347,0.15944
17.0,19.0,10,0.5921,,0.0,1.0,0.4086,0.9407,62.873,102.815,198.565,43.344,0.18234,0.09347,0.15944
17.0,19.0,10,0.5921,,0.0,1.0,0.7901,0.9372,61.84,57.097,198.304,39.357,0.18234,0.09347,0.15944
17.0,19.0,8,0.5921,,0.0,1.0,0.9248,1.0034,167.96,147.682,18.084,70.718,0.18234,0.09347,0.15944
17.0,19.0,10,0.5921,,0.0,1.0,0.8924,0.9644,110.636,320.732,197.843,58.748,0.18234,0.09347,0.15944
18.0,20.0,5425,0.6167,,0.0,0.881,0.7682,0.8385,33.616,191.161,19.421,35.309,0.18453,0.11386,0.19015
18.0,20.0,30,0.6167,,0.0,1.0,0.8663,0.893,159.633,315.971,199.145,68.226,0.18453,0.11386,0.19015
18.0,20.0,17,0.6167,,0.0,1.0,0.9993,0.9258,87.177,345.274,199.319,49.554,0.18453,0.11386,0.19015
18.0,20.0,8,0.6167,,0.0,1.0,0.3338,0.9753,162.782,69.788,19.138,62.647,0.18453,0.11386,0.19015
18.0,20.0,9,0.6167,,0.0,1.0,0.4474,0.9923,110.593,83.454,18.496,56.609,0.18453,0.11386,0.19015
18.0,20.0,8,0.6167,,0.0,1.0,0.6387,0.9382,172.393,283.395,198.747,66.745,0.18453,0.11386,0.19015
18.0,20.0,8,0.6167,,0.0,1.0,0.9078,0.874,81.238,322.146,198.603,46.017,0.18453,0.11386,0.19015
19.0,21.0,5635,0.6538,,0.0,0.878,0.7707,0.8403,39.719,192.879,20.475,36.518,0.21836,0.1086,0.1988
19.0,21.0,17,0.6538,,0.0,1.0,0.6542,0.9431,69.586,73.492,200.278,43.113,0.21836,0.1086,0.1988
19.0,21.0,8,0.6538,,0.0,1.0,0.1916,0.9795,154.628,129.291,199.985,59.775,0.21836,0.1086,0.1988
19.0,21.0,8,0.6538,,0.0,1.0,0.8903,0.9099,83.772,40.823,200.282,48.593,0.21836,0.1086,0.1988
20.0,22.0,5256,0.7456,,0.0,0.866,0.7702,0.8337,30.092,197.384,21.445,34.865,0.19466,0.08355,0.19084
20.0,22.0,10,0.7456,,0.0,1.0,0.999,0.8833,109.431,8.303,200.791,56.749,0.19466,0.08355,0.19084
20.0,22.0,23,0.7456,ACU,1.0,0.0,0.3016,0.9939,44.875,113.664,201.07,41.131,0.19466,0.08355,0.19084
20.0,22.0,15,0.7456,,0.0,1.0,0.6886,0.9287,69.852,69.128,200.712,43.74,0.19466,0.08355,0.19084
20.0,22.0,13,0.7456,,0.0,1.0,0.2512,0.9664,158.191,304.111,21.056,61.394,0.19466,0.08355,0.19084
20.0,22.0,26,0.7456,ALO,0.615,0.385,0.3083,0.9823,109.756,292.515,21.196,55.919,0.19466,0.08355,0.19084
20.0,22.0,13,0.7456,,0.0,1.0,0.1743,0.9819,151.797,132.144,200.465,59.387,0.19466,0.08355,0.19084
20.0,22.0,18,0.7456,,0.0,1.0,0.5213,0.9475,160.544,88.409,21.074,64.439,0.19466,0.08355,0.19084
20.0,22.0,16,0.7456,,0.0,1.0,0.2961,0.9692,130.829,296.041,21.474,58.627,0.19466,0.08355,0.19084
20.0,22.0,9,0.7456,,0.0,1.0,0.8857,0.3528,9.304,235.459,21.648,9.679,0.19466,0.08355,0.19084
20.0,22.0,8,0.7456,,0.0,1.0,0.4031,0.9221,69.598,102.725,200.548,44.616,0.19466,0.08355,0.19084
20.0,22.0,15,0.7456,,0.0,1.0,0.7848,0.9444,166.767,124.021,20.651,68.672,0.19466,0.08355,0.19084
20.0,22.0,22,0.7456,,0.0,1.0,0.9732,0.9197,78.424,335.666,200.599,45.885,0.19466,0.08355,0.19084
21.0,23.0,5188,0.8183,,0.0,0.874,0.7729,0.8284,28.321,198.179,22.354,34.716,0.19326,0.10688,0.17874
21.0,23.0,204,0.8183,,0.0,0.691,0.6506,0.9594,135.802,106.002,22.09,61.324,0.19326,0.10688,0.17874
21.0,23.0,28,0.8183,ACU,0.893,0.107,0.3008,0.9808,44.755,114.219,202.234,40.988,0.19326,0.10688,0.17874
21.0,23.0,13,0.8183,,0.0,1.0,0.9572,0.8654,175.392,155.289,22.267,69.812,0.19326,0.10688,0.17874
21.0,23.0,20,0.8183,ALO,0.65,0.35,0.3466,0.9845,108.279,288.119,21.569,55.815,0.19326,0.10688,0.17874
21.0,23.0,15,0.8183,,0.0,1.0,0.8942,0.9705,106.589,322.593,202.317,57.7,0.19326,0.10688,0.17874
21.0,23.0,14,0.8183,,0.0,1.0,0.9874,0.8148,174.398,191.109,22.389,69.458,0.19326,0.10688,0.17874
21.0,23.0,8,0.8183,,0.0,1.0,0.9034,0.8954,133.095,322.948,202.22,64.426,0.19326,0.10688,0.17874
21.0,23.0,16,0.8183,,0.0,1.0,0.6827,0.9032,68.193,70.15,202.03,42.699,0.19326,0.10688,0.17874
21.0,23.0,10,0.8183,,0.0,1.0,0.9507,0.8674,84.383,332.727,201.842,48.076,0.19326,0.10688,0.17874
21.0,23.0,11,0.8183,,0.0,1.0,0.5082,0.9865,119.282,270.931,202.121,58.619,0.19326,0.10688,0.17874
21.0,23.0,9,0.8183,,0.0,1.0,1.0004,0.9263,80.127,7.851,202.366,46.529,0.19326,0.10688,0.17874
22.0,24.0,5403,0.7939,,0.0,0.865,0.7666,0.8412,34.382,192.793,23.531,36.2,0.19104,0.09691,0.2151
22.0,24.0,15,0.7939,,0.0,1.0,0.9791,0.1609,78.442,146.085,23.089,39.123,0.19104,0.09691,0.2151
22.0,24.0,11,0.7939,,0.0,1.0,0.8962,0.2313,75.929,114.806,22.962,37.78,0.19104,0.09691,0.2151
22.0,24.0,54,0.7939,ACU,0.593,0.407,0.2986,0.9865,44.767,115.269,203.174,40.998,0.19104,0.09691,0.2151
22.0,24.0,8,0.7939,,0.0,1.0,0.3396,0.9878,63.627,109.288,202.523,44.544,0.19104,0.09691,0.2151
22.0,24.0,15,0.7939,,0.0,1.0,0.7699,0.8817,141.145,301.648,203.283,64.409,0.19104,0.09691,0.2151
22.0,24.0,19,0.7939,,0.0,1.0,0.9968,0.8958,79.304,332.697,203.093,45.819,0.19104,0.09691,0.2151
22.0,24.0,13,0.7939,,0.0,1.0,0.5372,0.9602,65.636,87.002,202.569,43.01,0.19104,0.09691,0.2151
22.0,24.0,13,0.7939,,0.0,1.0,0.9572,0.9065,176.368,155.669,23.41,70.312,0.19104,0.09691,0.2151
22.0,24.0,16,0.7939,,0.0,1.0,0.775,0.8414,67.215,60.868,203.326,40.843,0.19104,0.09691,0.2151
23.0,25.0,3825,0.719,,0.0,0.852,0.7232,0.7955,12.341,204.691,24.506,27.143,0.14978,0.0923,0.17268
23.0,25.0,626,0.719,,0.0,0.818,0.8836,0.913,140.691,220.631,24.078,64.045,0.14978,0.0923,0.17268
23.0,25.0,262,0.719,,0.0,0.95,0.7062,0.9097,138.07,67.586,204.033,63.274,0.14978,0.0923,0.17268
23.0,25.0,29,0.719,,0.0,1.0,0.4654,0.9691,160.066,85.597,24.125,64.277,0.14978,0.0923,0.17268
23.0,25.0,39,0.719,AED,0.615,0.385,0.7331,0.9734,119.435,116.788,24.024,60.205,0.14978,0.0923,0.17268
23.0,25.0,12,0.719,,0.0,1.0,0.9078,0.8524,107.026,218.158,23.829,56.4,0.14978,0.0923,0.17268
23.0,25.0,34,0.719,NPE,0.824,0.176,0.3563,0.9895,142.34,73.413,23.792,61.524,0.14978,0.0923,0.17268
23.0,25.0,29,0.719,,0.0,1.0,0.9963,0.8897,80.475,349.852,204.307,47.035,0.14978,0.0923,0.17268
23.0,25.0,17,0.719,,0.0,1.0,1.0021,0.7952,153.435,355.982,204.427,67.576,0.14978,0.0923,0.17268
23.0,25.0,24,0.719,,0.0,1.0,0.7953,0.9123,72.519,56.287,203.85,43.681,0.14978,0.0923,0.17268
23.0,25.0,21,0.719,,0.0,1.0,1.0014,0.8395,135.15,345.546,204.243,65.057,0.14978,0.0923,0.17268
23.0,25.0,8,0.719,,0.0,0.75,0.9703,0.9504,156.171,338.87,204.324,69.395,0.14978,0.0923,0.17268
23.0,25.0,14,0.719,,0.0,1.0,0.9668,0.9004,95.57,22.365,203.87,53.183,0.14978,0.0923,0.17268
23.0,25.0,8,0.719,,0.0,1.0,0.8199,0.8718,167.267,128.565,23.589,68.265,0.14978,0.0923,0.17268
23.0,25.0,14,0.719,,0.0,1.0,0.9902,0.8988,116.026,346.327,204.195,60.042,0.14978,0.0923,0.17268
23.0,25.0,11,0.719,,0.0,1.0,0.9221,0.9329,105.212,326.327,204.399,56.175,0.14978,0.0923,0.17268
23.0,25.0,8,0.719,,0.0,1.0,0.9146,1.0075,126.396,325.486,203.93,63.847,0.14978,0.0923,0.17268
24.0,26.0,4559,0.6697,,0.0,0.839,0.7552,0.8168,17.553,207.504,25.302,30.746,0.20552,0.09835,0.16106
24.0,26.0,425,0.6697,,0.0,0.955,0.8416,0.9029,137.952,72.914,205.082,63.876,0.20552,0.09835,0.16106
24.0,26.0,28,0.6697,NPE,0.821,0.179,0.3549,0.9896,142.34,73.082,25.154,61.619,0.20552,0.09835,0.16106
24.0,26.0,13,0.6697,,0.0,1.0,0.6177,0.9169,52.905,79.539,205.305,38.398,0.20552,0.09835,0.16106
24.0,26.0,28,0.6697,,0.0,1.0,0.7439,0.9492,155.268,117.899,25.062,66.588,0.20552,0.09835,0.16106
24.0,26.0,50,0.6697,,0.0,0.56,0.7196,0.9606,120.849,115.208,24.934,60.608,0.20552,0.09835,0.16106
24.0,26.0,30,0.6697,,0.0,1.0,0.7805,0.8916,63.251,58.677,204.849,39.599,0.20552,0.09835,0.16106
24.0,26.0,58,0.6697,,0.0,1.0,0.9733,0.9166,89.886,338.574,205.079,50.747,0.20552,0.09835,0.16106
24.0,26.0,20,0.6697,,0.0,1.0,0.4514,0.9697,163.686,82.594,25.186,63.823,0.20552,0.09835,0.16106
24.0,26.0,11,0.6697,,0.0,1.0,0.1984,0.9755,55.839,128.073,205.106,44.059,0.20552,0.09835,0.16106
24.0,26.0,25,0.6697,,0.0,1.0,0.9087,0.8398,170.255,35.87,205.206,68.917,0.20552,0.09835,0.16106
24.0,26.0,10,0.6697,,0.0,1.0,0.5524,0.9644,156.668,94.666,24.999,65.01,0.20552,0.09835,0.16106
24.0,26.0,8,0.6697,,0.0,1.0,0.9209,0.9084,63.43,326.109,204.957,38.876,0.20552,0.09835,0.16106
24.0,26.0,11,0.6697,,0.0,1.0,0.8427,0.9336,81.003,48.116,205.394,47.507,0.20552,0.09835,0.16106
24.0,26.0,11,0.6697,,0.0,1.0,0.41,0.9627,62.388,101.86,205.314,43.308,0.20552,0.09835,0.16106
24.0,26.0,8,0.6697,,0.0,1.0,1.0019,0.8832,175.616,94.066,115.068,70.457,0.20552,0.09835,0.16106
24.0,26.0,10,0.6697,,0.0,1.0,0.2137,0.9607,141.876,306.494,24.675,58.513,0.20552,0.09835,0.16106
24.0,26.0,11,0.6697,,0.0,1.0,0.6483,0.9375,136.659,284.588,204.988,62.539,0.20552,0.09835,0.16106
25.0,27.0,5288,0.6674,,0.0,0.862,0.7774,0.8404,28.974,204.107,26.522,34.805,0.21384,0.08273,0.19863
25.0,27.0,29,0.6674,,0.0,1.0,0.4665,0.9647,164.281,85.325,25.871,64.705,0.21384,0.08273,0.19863
25.0,27.0,32,0.6674,NPE,0.781,0.219,0.3607,0.9907,142.209,73.685,26.119,61.579,0.21384,0.08273,0.19863
25.0,27.0,14,0.6674,,0.0,1.0,0.6704,0.9564,136.374,288.054,205.9,62.749,0.21384,0.08273,0.19863
25.0,27.0,11,0.6674,,0.0,1.0,0.4071,0.9875,113.486,78.687,25.739,56.064,0.21384,0.08273,0.19863
25.0,27.0,12,0.6674,,0.0,1.0,0.972,0.3019,74.793,149.914,25.748,38.713,0.21384,0.08273,0.19863
25.0,27.0,52,0.6674,,0.0,1.0,0.7681,0.9039,67.767,62.125,206.139,41.548,0.21384,0.08273,0.19863
25.0,27.0,19,0.6674,,0.0,1.0,0.978,0.2144,77.312,157.91,25.8,38.641,0.21384,0.08273,0.19863
25.0,27.0,10,0.6674,,0.0,1.0,0.5563,0.9554,51.72,85.501,205.728,38.432,0.21384,0.08273,0.19863
25.0,27.0,9,0.6674,,0.0,1.0,0.7198,0.9662,166.46,295.62,205.365,68.193,0.21384,0.08273,0.19863
25.0,27.0,13,0.6674,,0.0,1.0,0.2149,0.9539,46.277,129.252,205.766,41.621,0.21384,0.08273,0.19863
25.0,27.0,8,0.6674,,0.0,1.0,0.2028,0.9763,134.969,307.975,26.346,57.597,0.21384,0.08273,0.19863
26.0,28.0,5095,0.6347,,0.0,0.87,0.773,0.8281,25.237,202.312,27.489,33.688,0.1763,0.09264,0.23637
26.0,28.0,27,0.6347,NPE,0.926,0.074,0.3599,0.9956,142.779,73.67,26.869,61.66,0.1763,0.09264,0.23637
26.0,28.0,135,0.6347,,0.0,0.919,0.9425,0.8834,135.539,329.357,207.13,64.341,0.1763,0.09264,0.23637
26.0,28.0,26,0.6347,,0.0,1.0,0.4192,0.944,164.422,77.515,27.105,63.518,0.1763,0.09264,0.23637
26.0,28.0,54,0.6347,,0.0,1.0,0.994,0.934,80.75,347.14,207.129,46.201,0.1763,0.09264,0.23637
26.0,28.0,21,0.6347,,0.0,1.0,0.6019,0.9593,165.477,278.712,207.484,66.362,0.1763,0.09264,0.23637
26.0,28.0,11,0.6347,,0.0,1.0,0.9826,0.8566,102.099,17.529,206.876,54.823,0.1763,0.09264,0.23637
26.0,28.0,34,0.6347,,0.0,1.0,0.5377,0.9407,59.004,88.263,207.269,39.994,0.1763,0.09264,0.23637
26.0,28.0,24,0.6347,,0.0,1.0,0.7025,0.8876,72.596,69.368,206.685,43.574,0.1763,0.09264,0.23637
26.0,28.0,8,0.6347,,0.0,1.0,0.8055,0.9042,48.019,54.849,207.376,32.366,0.1763,0.09264,0.23637
26.0,28.0,8,0.6347,,0.0,1.0,0.7384,0.9492,145.284,297.068,206.631,65.499,0.1763,0.09264,0.23637
26.0,28.0,8,0.6347,,0.0,1.0,0.9446,0.7971,167.197,29.468,206.602,68.822,0.1763,0.09264,0.23637
26.0,28.0,12,0.6347,,0.0,1.0,0.8326,0.9358,60.917,49.497,207.595,38.946,0.1763,0.09264,0.23637
27.0,29.0,4278,0.6281,,0.0,0.849,0.8328,0.8167,19.13,206.595,28.251,30.905,0.18913,0.06323,0.18341
27.0,29.0,76,0.6281,,0.0,1.0,0.4964,0.9635,108.009,272.388,27.998,55.81,0.18913,0.06323,0.18341
27.0,29.0,165,0.6281,,0.0,1.0,0.9458,0.8933,134.972,50.805,207.869,64.909,0.18913,0.06323,0.18341
27.0,29.0,8,0.6281,,0.0,1.0,0.2255,0.9752,54.163,126.491,207.66,43.627,0.18913,0.06323,0.18341
27.0,29.0,32,0.6281,,0.0,1.0,0.6726,0.9348,115.692,70.97,208.108,59.18,0.18913,0.06323,0.18341
27.0,29.0,35,0.6281,,0.0,1.0,0.6555,0.9606,150.664,72.524,207.936,65.803,0.18913,0.06323,0.18341
27.0,29.0,12,0.6281,,0.0,1.0,0.9762,0.2987,78.973,151.797,27.73,40.32,0.18913,0.06323,0.18341
27.0,29.0,21,0.6281,,0.0,0.524,0.3997,0.9237,155.954,105.129,207.948,62.244,0.18913,0.06323,0.18341
27.0,29.0,9,0.6281,,0.0,1.0,0.4418,0.9179,130.282,279.796,27.796,59.869,0.18913,0.06323,0.18341
27.0,29.0,14,0.6281,,0.0,1.0,0.6127,0.8817,132.377,260.419,27.655,61.531,0.18913,0.06323,0.18341
27.0,29.0,8,0.6281,,0.0,1.0,0.293,0.9687,52.013,296.764,28.238,40.701,0.18913,0.06323,0.18341
27.0,29.0,10,0.6281,,0.0,1.0,0.9367,0.2318,72.499,130.653,27.723,36.573,0.18913,0.06323,0.18341
27.0,29.0,34,0.6281,,0.0,1.0,0.9932,0.9495,74.829,345.805,207.87,44.099,0.18913,0.06323,0.18341
27.0,29.0,13,0.6281,APC,0.615,0.385,0.9626,0.9466,166.709,336.111,208.271,69.879,0.18913,0.06323,0.18341
27.0,29.0,25,0.6281,,0.0,1.0,0.4395,0.9631,165.057,81.636,27.725,64.22,0.18913,0.06323,0.18341
27.0,29.0,25,0.6281,NPE,0.92,0.08,0.3494,0.9857,143.143,71.473,28.013,61.326,0.18913,0.06323,0.18341
27.0,29.0,10,0.6281,,0.0,1.0,0.8683,0.9116,153.082,315.82,207.451,67.409,0.18913,0.06323,0.18341
27.0,29.0,9,0.6281,,0.0,1.0,0.9657,0.8668,155.366,156.54,27.728,68.381,0.18913,0.06323,0.18341
28.0,30.0,5160,0.6547,,0.0,0.857,0.8129,0.838,29.123,206.102,29.442,34.304,0.21691,0.08468,0.17813
28.0,30.0,18,0.6547,,0.0,0.611,0.9342,0.8882,166.301,327.47,209.074,69.203,0.21691,0.08468,0.17813
28.0,30.0,62,0.6547,,0.0,1.0,0.9536,0.9193,127.51,333.477,209.323,62.929,0.21691,0.08468,0.17813
28.0,30.0,8,0.6547,,0.0,1.0,0.9717,0.8466,178.222,27.209,208.868,69.644,0.21691,0.08468,0.17813
28.0,30.0,35,0.6547,NPE,0.886,0.114,0.356,0.9853,143.251,72.217,29.034,61.463,0.21691,0.08468,0.17813
28.0,30.0,9,0.6547,,0.0,1.0,0.4113,0.986,115.179,79.124,29.418,57.057,0.21691,0.08468,0.17813
28.0,30.0,31,0.6547,,0.0,1.0,0.2768,0.9644,140.702,297.771,29.292,59.805,0.21691,0.08468,0.17813
28.0,30.0,14,0.6547,,0.0,1.0,0.4123,0.93,62.41,102.921,208.902,41.774,0.21691,0.08468,0.17813
28.0,30.0,27,0.6547,ETA,0.519,0.481,0.4563,0.9612,164.356,83.721,29.277,64.285,0.21691,0.08468,0.17813
28.0,30.0,17,0.6547,,0.0,1.0,0.3594,0.9459,118.966,108.224,208.995,56.531,0.21691,0.08468,0.17813
28.0,30.0,11,0.6547,,0.0,1.0,0.755,0.8224,73.476,62.551,209.045,43.588,0.21691,0.08468,0.17813
28.0,30.0,29,0.6547,,0.0,1.0,0.9968,0.9419,74.62,346.839,208.947,43.996,0.21691,0.08468,0.17813
29.0,31.0,4663,0.5988,,0.0,0.763,0.8854,0.8413,29.028,212.978,30.391,34.214,0.20072,0.06976,0.17664
29.0,31.0,31,0.5988,ETA,0.581,0.419,0.4778,0.9584,164.477,86.085,29.917,64.349,0.20072,0.06976,0.17664
29.0,31.0,62,0.5988,,0.0,1.0,0.7219,0.9279,150.01,65.717,210.196,65.994,0.20072,0.06976,0.17664
29.0,31.0,23,0.5988,NPE,0.913,0.087,0.364,0.9853,143.367,73.016,30.131,61.454,0.20072,0.06976,0.17664
29.0,31.0,61,0.5988,,0.0,1.0,0.9811,0.8372,132.61,21.053,209.865,63.762,0.20072,0.06976,0.17664
29.0,31.0,43,0.5988,,0.0,1.0,0.4524,0.9628,107.072,278.479,30.136,55.175,0.20072,0.06976,0.17664
29.0,31.0,48,0.5988,,0.0,0.812,0.4745,0.9528,163.226,274.722,29.794,64.634,0.20072,0.06976,0.17664
29.0,31.0,8,0.5988,,0.0,1.0,0.7667,0.8412,145.094,119.683,29.642,64.263,0.20072,0.06976,0.17664
29.0,31.0,26,0.5988,,0.0,1.0,0.7169,0.981,120.147,114.776,30.339,60.408,0.20072,0.06976,0.17664
29.0,31.0,17,0.5988,GSG,0.529,0.471,0.3499,0.9654,157.621,110.021,210.154,62.465,0.20072,0.06976,0.17664
29.0,31.0,10,0.5988,,0.0,1.0,0.7166,0.9328,117.975,65.116,209.946,59.527,0.20072,0.06976,0.17664
29.0,31.0,12,0.5988,,0.0,1.0,0.6541,0.9344,174.618,253.937,30.194,67.268,0.20072,0.06976,0.17664
29.0,31.0,11,0.5988,,0.0,1.0,0.9573,0.8898,122.286,334.241,209.528,62.056,0.20072,0.06976,0.17664
29.0,31.0,9,0.5988,,0.0,1.0,0.9778,0.9267,84.209,18.649,209.893,48.319,0.20072,0.06976,0.17664
29.0,31.0,9,0.5988,,0.0,1.0,0.4208,0.9334,71.421,101.9,209.786,45.574,0.20072,0.06976,0.17664
29.0,31.0,13,0.5988,,0.0,1.0,0.9692,0.8728,176.781,190.366,30.775,70.08,0.20072,0.06976,0.17664
29.0,31.0,9,0.5988,,0.0,1.0,1.0038,0.9657,76.775,350.32,209.844,45.453,0.20072,0.06976,0.17664
29.0,31.0,9,0.5988,,0.0,1.0,0.8764,0.8896,152.229,316.659,209.986,67.081,0.20072,0.06976,0.17664
30.0,32.0,8,0.4734,,0.0,1.0,0.368,0.8644,27.524,290.816,31.073,32.339,0.09109,0.04909,0.0953
30.0,32.0,1793,0.4734,LYR,0.811,0.163,0.9188,0.9566,78.76,214.516,31.53,46.374,0.09109,0.04909,0.0953
30.0,32.0,1599,0.4734,,0.0,0.853,0.6616,0.7387,6.596,224.31,31.578,21.056,0.09109,0.04909,0.0953
30.0,32.0,19,0.4734,,0.0,1.0,0.0748,0.9714,5.945,331.558,31.02,40.914,0.09109,0.04909,0.0953
30.0,32.0,24,0.4734,ETA,0.75,0.25,0.481,0.9576,164.357,85.937,31.486,64.351,0.09109,0.04909,0.0953
30.0,32.0,11,0.4734,,0.0,0.727,0.7596,0.9491,27.566,240.411,30.673,26.843,0.09109,0.04909,0.0953
30.0,32.0,212,0.4734,ARC,0.373,0.283,0.9139,0.745,74.164,140.407,31.019,42.018,0.09109,0.04909,0.0953
30.0,32.0,31,0.4734,,0.0,0.516,1.0036,0.9387,63.382,184.374,30.799,38.661,0.09109,0.04909,0.0953
30.0,32.0,34,0.4734,KSE,0.588,0.412,0.4678,0.9803,74.709,274.677,30.892,46.78,0.09109,0.04909,0.0953
30.0,32.0,19,0.4734,NPE,1.0,0.0,0.3579,0.9889,143.273,72.602,31.006,61.382,0.09109,0.04909,0.0953
30.0,32.0,12,0.4734,AHE,1.0,0.0,0.7585,0.9493,94.946,239.536,31.609,52.908,0.09109,0.04909,0.0953
30.0,32.0,14,0.4734,,0.0,1.0,0.969,0.8591,37.17,157.431,31.043,25.01,0.09109,0.04909,0.0953
30.0,32.0,15,0.4734,,0.0,0.733,0.7557,0.8895,66.311,117.953,31.175,40.779,0.09109,0.04909,0.0953
31.0,33.0,2516,0.3506,LYR,0.938,0.062,0.9194,0.9572,79.371,214.444,32.201,46.654,0.06051,0.02437,0.04286
31.0,33.0,58,0.3506,AVB,0.828,0.172,0.7499,0.708,7.328,247.078,31.987,18.494,0.06051,0.02437,0.04286
31.0,33.0,13,0.3506,,0.0,1.0,0.5814,0.7657,7.659,268.197,32.211,23.144,0.06051,0.02437,0.04286
31.0,33.0,11,0.3506,,0.0,1.0,0.5802,0.7741,3.18,88.124,211.816,23.309,0.06051,0.02437,0.04286
31.0,33.0,15,0.3506,,0.0,1.0,0.4317,0.8206,1.627,284.185,32.484,27.166,0.06051,0.02437,0.04286
31.0,33.0,87,0.3506,DLI,0.943,0.057,0.3419,0.8553,6.504,295.688,32.139,29.9,0.06051,0.02437,0.04286
31.0,33.0,32,0.3506,,0.0,1.0,0.5048,0.8014,2.284,100.615,211.037,25.335,0.06051,0.02437,0.04286
31.0,33.0,10,0.3506,,0.0,1.0,0.2414,0.8973,2.783,307.099,32.109,33.238,0.06051,0.02437,0.04286
31.0,33.0,8,0.3506,ARC,0.75,0.0,0.9064,0.744,72.486,140.33,32.336,41.524,0.06051,0.02437,0.04286
31.0,33.0,17,0.3506,ETA,1.0,0.0,0.4959,0.9703,165.22,88.054,31.756,65.064,0.06051,0.02437,0.04286
31.0,33.0,9,0.3506,NHE,1.0,0.0,0.9231,0.968,65.088,213.748,32.488,40.318,0.06051,0.02437,0.04286
31.0,33.0,11,0.3506,NPE,1.0,0.0,0.3591,0.9794,143.572,72.919,32.084,61.364,0.06051,0.02437,0.04286
32.0,34.0,2187,0.3658,LYR,0.911,0.089,0.9206,0.958,79.747,214.168,32.57,46.848,0.08686,0.03037,0.06018
32.0,34.0,39,0.3658,NHE,0.846,0.154,0.9088,0.9519,65.002,216.282,32.811,40.452,0.08686,0.03037,0.06018
32.0,34.0,411,0.3658,,0.0,0.71,0.3987,0.8334,4.873,275.774,33.641,28.38,0.08686,0.03037,0.06018
32.0,34.0,10,0.3658,,0.0,1.0,0.3785,0.835,10.523,111.421,213.103,28.973,0.08686,0.03037,0.06018
32.0,34.0,295,0.3658,,0.0,0.786,0.7593,0.7077,5.544,238.842,33.602,18.263,0.08686,0.03037,0.06018
32.0,34.0,10,0.3658,,0.0,1.0,0.1779,0.9232,7.403,315.176,33.308,35.678,0.08686,0.03037,0.06018
32.0,34.0,31,0.3658,,0.0,1.0,0.962,0.629,7.248,206.969,33.111,11.633,0.08686,0.03037,0.06018
32.0,34.0,18,0.3658,AHE,1.0,0.0,0.7658,0.9818,95.749,238.398,32.951,53.503,0.08686,0.03037,0.06018
32.0,34.0,34,0.3658,ETA,0.912,0.088,0.4934,0.9686,164.539,87.839,33.111,65.011,0.08686,0.03037,0.06018
32.0,34.0,12,0.3658,NPE,1.0,0.0,0.3694,0.9848,143.95,73.744,33.182,61.506,0.08686,0.03037,0.06018
33.0,35.0,5055,0.4825,,0.0,0.749,0.8534,0.8593,49.492,212.543,34.281,38.009,0.19757,0.09856,0.16824
33.0,35.0,25,0.4825,,0.0,1.0,0.7237,0.9435,121.925,113.516,33.736,60.352,0.19757,0.09856,0.16824
33.0,35.0,27,0.4825,,0.0,1.0,0.9285,0.9032,120.114,327.666,214.055,60.459,0.19757,0.09856,0.16824
33.0,35.0,13,0.4825,NPE,0.769,0.231,0.3694,0.9825,143.638,73.972,34.161,61.317,0.19757,0.09856,0.16824
33.0,35.0,20,0.4825,,0.0,1.0,0.5808,0.9608,91.39,81.763,213.916,51.473,0.19757,0.09856,0.16824
33.0,35.0,94,0.4825,ETA,0.745,0.255,0.4981,0.965,164.605,88.409,34.142,64.964,0.19757,0.09856,0.16824
33.0,35.0,17,0.4825,APC,0.529,0.471,0.9361,0.8851,160.841,328.397,214.142,68.305,0.19757,0.09856,0.16824
33.0,35.0,46,0.4825,,0.0,1.0,0.9964,0.905,82.521,338.178,214.137,47.207,0.19757,0.09856,0.16824
33.0,35.0,16,0.4825,,0.0,1.0,0.6945,0.904,146.365,290.781,214.246,64.599,0.19757,0.09856,0.16824
33.0,35.0,10,0.4825,,0.0,1.0,0.7847,0.9256,153.95,122.618,33.931,66.748,0.19757,0.09856,0.16824
33.0,35.0,14,0.4825,,0.0,1.0,0.5177,0.9486,64.173,89.115,213.934,42.5,0.19757,0.09856,0.16824
33.0,35.0,8,0.4825,,0.0,1.0,0.409,1.0005,118.165,79.229,34.486,58.244,0.19757,0.09856,0.16824
34.0,36.0,5041,0.5524,,0.0,0.854,0.8016,0.8443,31.187,204.43,35.315,35.488,0.24178,0.08102,0.18061
34.0,36.0,73,0.5524,,0.0,1.0,0.9856,0.9171,82.797,333.465,214.755,47.579,0.24178,0.08102,0.18061
34.0,36.0,34,0.5524,,0.0,0.794,0.9316,0.8828,158.994,327.389,214.925,68.084,0.24178,0.08102,0.18061
34.0,36.0,10,0.5524,,0.0,1.0,1.0015,0.9082,176.958,259.945,124.725,70.444,0.24178,0.08102,0.18061
34.0,36.0,142,0.5524,ETA,0.711,0.211,0.4923,0.9616,164.047,87.493,35.08,64.635,0.24178,0.08102,0.18061
34.0,36.0,14,0.5524,,0.0,1.0,0.7173,0.8729,147.242,292.842,214.407,64.613,0.24178,0.08102,0.18061
34.0,36.0,15,0.5524,,0.0,1.0,0.5642,0.96,90.933,84.856,215.036,51.285,0.24178,0.08102,0.18061
34.0,36.0,14,0.5524,,0.0,1.0,0.6087,0.9519,120.443,99.278,35.449,57.875,0.24178,0.08102,0.18061
34.0,36.0,10,0.5524,,0.0,1.0,0.6383,0.927,62.054,75.15,214.755,40.891,0.24178,0.08102,0.18061
34.0,36.0,9,0.5524,,0.0,1.0,0.3917,0.9782,117.761,75.981,34.525,57.747,0.24178,0.08102,0.18061
34.0,36.0,8,0.5524,GSG,0.625,0.375,0.339,0.8884,164.803,112.096,214.358,61.488,0.24178,0.08102,0.18061
35.0,37.0,142,0.6045,ETA,0.831,0.169,0.5059,0.9609,164.266,89.009,36.074,64.979,0.21162,0.06715,0.18767
35.0,37.0,4381,0.6045,,0.0,0.851,0.805,0.8191,17.076,207.193,36.362,30.307,0.21162,0.06715,0.18767
35.0,37.0,24,0.6045,,0.0,1.0,0.4917,0.9467,134.155,271.875,36.303,61.077,0.21162,0.06715,0.18767
35.0,37.0,255,0.6045,,0.0,0.992,0.86,0.9126,140.889,63.432,216.054,64.732,0.21162,0.06715,0.18767
35.0,37.0,54,0.6045,,0.0,1.0,0.9863,0.9315,83.881,342.11,216.039,47.839,0.21162,0.06715,0.18767
35.0,37.0,18,0.6045,,0.0,1.0,0.7262,0.935,128.667,114.641,36.119,61.967,0.21162,0.06715,0.18767
35.0,37.0,24,0.6045,NPE,0.917,0.083,0.3878,0.9865,144.034,75.762,36.358,61.703,0.21162,0.06715,0.18767
35.0,37.0,23,0.6045,,0.0,1.0,0.7266,0.9379,154.039,113.748,36.125,65.993,0.21162,0.06715,0.18767
35.0,37.0,15,0.6045,,0.0,1.0,0.0552,0.9756,12.198,156.771,215.826,41.563,0.21162,0.06715,0.18767
35.0,37.0,13,0.6045,APC,0.615,0.385,0.9363,0.8554,165.73,328.199,215.51,68.686,0.21162,0.06715,0.18767
35.0,37.0,9,0.6045,,0.0,1.0,0.2049,0.9709,136.788,307.975,35.805,58.456,0.21162,0.06715,0.18767
35.0,37.0,9,0.6045,,0.0,1.0,0.8918,0.8799,116.558,318.03,216.628,59.259,0.21162,0.06715,0.18767
35.0,37.0,8,0.6045,,0.0,1.0,0.6339,0.9532,90.757,76.018,216.158,51.193,0.21162,0.06715,0.18767
36.0,38.0,4730,0.599,,0.0,0.869,0.7759,0.8296,19.066,202.28,37.488,31.528,0.17819,0.07734,0.17324
36.0,38.0,11,0.599,,0.0,1.0,0.7836,0.3976,6.717,258.665,37.016,12.315,0.17819,0.07734,0.17324
36.0,38.0,13,0.599,,0.0,1.0,0.3167,0.949,44.261,295.018,37.362,38.943,0.17819,0.07734,0.17324
36.0,38.0,12,0.599,,0.0,0.75,0.2587,0.9128,154.477,121.396,216.742,59.934,0.17819,0.07734,0.17324
36.0,38.0,288,0.599,ETA,0.74,0.25,0.5182,0.9504,164.002,90.492,37.119,65.053,0.17819,0.07734,0.17324
36.0,38.0,10,0.599,,0.0,1.0,0.7396,0.932,26.56,62.966,216.82,26.722,0.17819,0.07734,0.17324
36.0,38.0,11,0.599,,0.0,1.0,0.6403,0.9571,89.389,76.452,216.899,49.816,0.17819,0.07734,0.17324
36.0,38.0,49,0.599,,0.0,1.0,0.9933,0.9366,80.339,341.159,216.994,46.532,0.17819,0.07734,0.17324
36.0,38.0,21,0.599,NPE,0.952,0.048,0.3866,0.9824,144.056,75.598,36.632,61.669,0.17819,0.07734,0.17324
36.0,38.0,11,0.599,,0.0,1.0,0.9002,0.8631,119.441,319.546,216.828,59.837,0.17819,0.07734,0.17324
36.0,38.0,11,0.599,,0.0,1.0,0.8019,0.9603,81.977,53.866,216.504,47.935,0.17819,0.07734,0.17324
36.0,38.0,10,0.599,,0.0,1.0,1.0032,0.8992,177.174,263.839,216.888,70.421,0.17819,0.07734,0.17324
36.0,38.0,8,0.599,,0.0,1.0,0.8023,0.9168,162.426,304.483,216.462,67.722,0.17819,0.07734,0.17324
37.0,39.0,5541,0.5644,,0.0,0.823,0.7476,0.8477,35.176,188.457,38.5,35.337,0.20931,0.11604,0.20477
37.0,39.0,8,0.5644,,0.0,0.75,0.4614,0.9372,61.625,82.625,38.16,41.931,0.20931,0.11604,0.20477
37.0,39.0,33,0.5644,,0.0,1.0,0.5298,0.9384,70.246,88.133,217.591,44.239,0.20931,0.11604,0.20477
37.0,39.0,10,0.5644,,0.0,1.0,1.005,0.87,60.182,353.988,217.232,36.669,0.20931,0.11604,0.20477
37.0,39.0,10,0.5644,,0.0,1.0,0.821,0.9146,63.659,52.441,218.285,40.021,0.20931,0.11604,0.20477
37.0,39.0,31,0.5644,,0.0,1.0,0.9966,0.941,85.335,336.818,217.529,48.733,0.20931,0.11604,0.20477
37.0,39.0,15,0.5644,,0.0,1.0,0.7701,0.7327,75.481,296.643,218.026,42.456,0.20931,0.11604,0.20477
37.0,39.0,13,0.5644,,0.0,1.0,0.7295,0.8948,41.797,66.149,217.674,30.448,0.20931,0.11604,0.20477
37.0,39.0,8,0.5644,,0.0,1.0,0.8089,0.8973,173.673,212.663,128.017,68.315,0.20931,0.11604,0.20477
38.0,40.0,3438,0.5528,,0.0,0.853,0.7687,0.7756,10.482,197.416,39.432,25.201,0.16829,0.0921,0.13014
38.0,40.0,434,0.5528,ETA,0.896,0.104,0.5267,0.9519,163.955,91.217,39.018,65.049,0.16829,0.0921,0.13014
38.0,40.0,13,0.5528,,0.0,1.0,0.3564,0.9736,56.519,288.058,38.639,42.494,0.16829,0.0921,0.13014
38.0,40.0,31,0.5528,,0.0,1.0,0.7481,0.9395,114.165,117.838,39.438,58.484,0.16829,0.0921,0.13014
38.0,40.0,20,0.5528,,0.0,1.0,0.8616,0.9594,157.584,225.447,38.739,68.543,0.16829,0.0921,0.13014
38.0,40.0,15,0.5528,,0.0,1.0,0.9134,0.7606,140.502,141.982,38.931,64.135,0.16829,0.0921,0.13014
38.0,40.0,10,0.5528,,0.0,1.0,0.7855,0.9449,108.281,236.204,38.519,56.903,0.16829,0.0921,0.13014
38.0,40.0,13,0.5528,,0.0,1.0,0.2112,0.9604,31.089,308.329,39.182,38.905,0.16829,0.0921,0.13014
38.0,40.0,37,0.5528,BAQ,0.568,0.432,0.9115,0.9419,155.031,143.301,39.006,68.311,0.16829,0.0921,0.13014
38.0,40.0,52,0.5528,,0.0,0.942,0.9896,0.8633,123.621,163.847,38.88,61.719,0.16829,0.0921,0.13014
38.0,40.0,116,0.5528,,0.0,0.474,1.0033,0.888,116.966,186.911,38.918,60.658,0.16829,0.0921,0.13014
38.0,40.0,61,0.5528,,0.0,0.951,0.9166,0.8894,129.987,216.131,38.885,63.661,0.16829,0.0921,0.13014
38.0,40.0,15,0.5528,,0.0,1.0,0.6814,0.9188,111.066,249.858,39.183,57.345,0.16829,0.0921,0.13014
38.0,40.0,24,0.5528,,0.0,1.0,0.5741,0.9492,144.011,263.182,39.357,64.155,0.16829,0.0921,0.13014
38.0,40.0,23,0.5528,,0.0,1.0,0.2848,0.951,153.169,299.92,38.958,60.447,0.16829,0.0921,0.13014
38.0,40.0,15,0.5528,,0.0,1.0,0.7519,0.8719,167.445,242.649,38.593,67.169,0.16829,0.0921,0.13014
38.0,40.0,9,0.5528,,0.0,1.0,0.7487,0.8751,146.122,243.224,38.922,65.064,0.16829,0.0921,0.13014
38.0,40.0,15,0.5528,,0.0,1.0,0.754,0.9202,158.073,117.441,38.838,66.879,0.16829,0.0921,0.13014
38.0,40.0,21,0.5528,,0.0,1.0,0.5432,0.9428,105.188,268.032,38.924,54.762,0.16829,0.0921,0.13014
38.0,40.0,9,0.5528,,0.0,1.0,0.9735,0.9551,149.061,202.461,38.932,68.082,0.16829,0.0921,0.13014
38.0,40.0,12,0.5528,,0.0,1.0,0.9318,0.9277,116.244,147.074,38.95,60.308,0.16829,0.0921,0.13014
38.0,40.0,11,0.5528,,0.0,1.0,0.9989,0.8108,156.436,191.121,39.509,67.497,0.16829,0.0921,0.13014
38.0,40.0,17,0.5528,,0.0,1.0,0.4016,0.9667,162.22,285.186,38.824,63.673,0.16829,0.0921,0.13014
38.0,40.0,17,0.5528,,0.0,1.0,0.4662,0.9438,139.21,276.835,39.05,61.645,0.16829,0.0921,0.13014
38.0,40.0,8,0.5528,,0.0,1.0,0.9787,0.6851,40.799,21.489,218.793,25.646,0.16829,0.0921,0.13014
38.0,40.0,10,0.5528,,0.0,1.0,0.4299,0.9571,176.116,277.874,39.398,65.198,0.16829,0.0921,0.13014
38.0,40.0,8,0.5528,,0.0,1.0,0.5707,0.9614,142.953,96.455,39.293,63.465,0.16829,0.0921,0.13014
38.0,40.0,19,0.5528,,0.0,1.0,0.7116,0.9388,155.7,66.881,219.34,66.654,0.16829,0.0921,0.13014
38.0,40.0,15,0.5528,,0.0,1.0,0.8672,0.9521,144.811,44.69,219.039,66.928,0.16829,0.0921,0.13014
38.0,40.0,20,0.5528,,0.0,1.0,0.5602,0.9591,127.908,86.799,218.524,60.615,0.16829,0.0921,0.13014
38.0,40.0,19,0.5528,,0.0,1.0,0.8976,0.8543,129.481,41.496,219.349,62.793,0.16829,0.0921,0.13014
38.0,40.0,8,0.5528,,0.0,1.0,0.4204,0.9277,129.234,102.256,218.788,59.237,0.16829,0.0921,0.13014
38.0,40.0,14,0.5528,,0.0,1.0,0.7699,0.7357,76.282,296.651,219.015,42.755,0.16829,0.0921,0.13014
38.0,40.0,12,0.5528,APC,0.917,0.083,0.975,0.9093,165.554,338.378,219.178,69.717,0.16829,0.0921,0.13014
39.0,41.0,5460,0.5942,,0.0,0.803,0.7532,0.8439,39.179,179.932,40.332,35.175,0.20426,0.09735,0.2046
39.0,41.0,19,0.5942,,0.0,1.0,0.2026,0.9538,145.318,307.992,39.945,58.273,0.20426,0.09735,0.2046
39.0,41.0,45,0.5942,,0.0,1.0,0.8968,0.9366,123.892,320.91,219.96,62.104,0.20426,0.09735,0.2046
39.0,41.0,13,0.5942,,0.0,1.0,0.7832,0.7556,76.343,297.601,219.601,42.816,0.20426,0.09735,0.2046
39.0,41.0,10,0.5942,,0.0,1.0,0.4712,0.9201,146.138,264.647,219.227,62.144,0.20426,0.09735,0.2046
39.0,41.0,12,0.5942,,0.0,1.0,0.334,0.9671,118.196,68.28,40.344,56.362,0.20426,0.09735,0.2046
39.0,41.0,14,0.5942,,0.0,1.0,0.9958,0.9209,71.232,347.457,220.409,42.356,0.20426,0.09735,0.2046
39.0,41.0,8,0.5942,,0.0,1.0,1.0041,0.7785,140.532,353.108,220.406,65.0,0.20426,0.09735,0.2046
39.0,41.0,8,0.5942,,0.0,1.0,0.4632,0.9481,71.352,97.159,219.521,45.285,0.20426,0.09735,0.2046
39.0,41.0,8,0.5942,,0.0,1.0,0.8151,0.8077,58.439,56.104,220.108,36.47,0.20426,0.09735,0.2046
39.0,41.0,15,0.5942,,0.0,1.0,0.6727,0.9409,164.958,287.079,220.014,66.358,0.20426,0.09735,0.2046
40.0,42.0,4893,0.6798,,0.0,0.747,0.7087,0.8486,30.296,179.707,41.206,34.051,0.20635,0.08405,0.17006
40.0,42.0,108,0.6798,,0.0,1.0,0.4012,0.9396,160.45,280.747,41.324,62.672,0.20635,0.08405,0.17006
40.0,42.0,57,0.6798,,0.0,1.0,0.998,0.8467,134.385,13.309,221.032,64.226,0.20635,0.08405,0.17006
40.0,42.0,26,0.6798,,0.0,1.0,0.8761,0.9455,116.641,316.77,220.996,59.806,0.20635,0.08405,0.17006
40.0,42.0,101,0.6798,,0.0,1.0,0.703,0.9217,139.375,69.108,221.003,63.952,0.20635,0.08405,0.17006
40.0,42.0,17,0.6798,,0.0,1.0,0.9075,0.9117,114.777,37.994,220.854,59.536,0.20635,0.08405,0.17006
40.0,42.0,11,0.6798,,0.0,1.0,0.9899,0.9475,73.036,344.182,220.981,43.027,0.20635,0.08405,0.17006
40.0,42.0,10,0.6798,,0.0,1.0,0.3674,0.9748,118.652,73.135,40.838,56.827,0.20635,0.08405,0.17006
40.0,42.0,8,0.6798,,0.0,1.0,0.4593,0.9528,148.001,262.865,220.351,62.875,0.20635,0.08405,0.17006
41.0,43.0,3439,0.6474,,0.0,0.905,0.7566,0.8093,12.484,207.739,42.441,28.346,0.18022,0.07749,0.15645
41.0,43.0,1135,0.6474,ETA,0.915,0.085,0.5516,0.9524,163.776,94.161,42.246,65.41,0.18022,0.07749,0.15645
41.0,43.0,151,0.6474,ARC,0.53,0.47,0.8339,0.8715,68.465,128.711,41.953,40.71,0.18022,0.07749,0.15645
41.0,43.0,51,0.6474,BAQ,0.627,0.373,0.9243,0.8997,155.909,145.996,42.096,68.258,0.18022,0.07749,0.15645
41.0,43.0,10,0.6474,,0.0,1.0,0.0913,0.9834,34.513,146.128,222.107,43.471,0.18022,0.07749,0.15645
41.0,43.0,46,0.6474,,0.0,1.0,0.9092,0.9301,117.701,322.964,222.203,59.965,0.18022,0.07749,0.15645
41.0,43.0,20,0.6474,,0.0,1.0,0.6041,0.9808,151.251,79.694,222.66,65.294,0.18022,0.07749,0.15645
41.0,43.0,18,0.6474,,0.0,1.0,0.3652,0.9585,138.967,107.873,222.462,60.018,0.18022,0.07749,0.15645
41.0,43.0,25,0.6474,,0.0,1.0,0.7547,0.894,160.134,60.749,222.079,67.4,0.18022,0.07749,0.15645
41.0,43.0,50,0.6474,,0.0,1.0,0.6852,0.9479,126.961,71.281,222.121,61.365,0.18022,0.07749,0.15645
41.0,43.0,96,0.6474,,0.0,1.0,0.9755,0.8771,141.674,33.766,222.189,66.012,0.18022,0.07749,0.15645
41.0,43.0,26,0.6474,,0.0,1.0,0.9398,0.9297,88.63,30.993,222.117,49.981,0.18022,0.07749,0.15645
41.0,43.0,13,0.6474,,0.0,1.0,0.7296,0.9618,133.059,115.907,41.752,62.664,0.18022,0.07749,0.15645
41.0,43.0,12,0.6474,,0.0,1.0,0.5759,0.9866,118.283,97.439,41.553,58.436,0.18022,0.07749,0.15645
42.0,44.0,2067,0.5143,,0.0,0.944,0.6132,0.7625,7.218,202.125,43.695,23.39,0.12835,0.07481,0.18267
42.0,44.0,1531,0.5143,ETA,0.962,0.038,0.5573,0.9509,163.711,94.729,43.164,65.416,0.12835,0.07481,0.18267
42.0,44.0,15,0.5143,,0.0,1.0,0.6003,0.9335,157.829,260.917,43.322,65.956,0.12835,0.07481,0.18267
42.0,44.0,56,0.5143,ARC,0.714,0.286,0.8357,0.865,66.595,128.97,42.697,39.958,0.12835,0.07481,0.18267
42.0,44.0,9,0.5143,,0.0,1.0,0.3207,0.9727,141.343,294.024,42.776,60.792,0.12835,0.07481,0.18267
42.0,44.0,24,0.5143,,0.0,1.0,0.8805,0.9709,115.872,318.234,223.202,60.082,0.12835,0.07481,0.18267
42.0,44.0,104,0.5143,,0.0,0.808,1.0037,0.9002,72.679,185.011,42.895,42.687,0.12835,0.07481,0.18267
42.0,44.0,10,0.5143,,0.0,1.0,0.4902,0.9415,26.037,93.128,222.856,31.917,0.12835,0.07481,0.18267
42.0,44.0,40,0.5143,,0.0,1.0,0.8959,0.8941,71.695,220.227,43.107,42.346,0.12835,0.07481,0.18267
42.0,44.0,37,0.5143,,0.0,0.541,0.9883,0.9001,141.901,196.477,43.084,66.713,0.12835,0.07481,0.18267
42.0,44.0,34,0.5143,,0.0,0.971,1.0022,0.8773,125.084,170.985,42.898,62.346,0.12835,0.07481,0.18267
42.0,44.0,8,0.5143,,0.0,1.0,0.736,0.9708,91.242,117.123,42.777,51.307,0.12835,0.07481,0.18267
42.0,44.0,58,0.5143,,0.0,0.707,0.9987,0.8857,121.231,191.492,42.913,61.04,0.12835,0.07481,0.18267
42.0,44.0,16,0.5143,,0.0,1.0,0.3747,0.9595,140.843,106.412,223.312,61.082,0.12835,0.07481,0.18267
42.0,44.0,13,0.5143,,0.0,1.0,0.7156,0.969,69.893,246.766,42.523,43.732,0.12835,0.07481,0.18267
42.0,44.0,39,0.5143,,0.0,1.0,0.586,0.9242,151.947,82.428,223.023,64.491,0.12835,0.07481,0.18267
42.0,44.0,18,0.5143,,0.0,1.0,0.6018,0.9316,68.87,260.386,43.099,44.051,0.12835,0.07481,0.18267
42.0,44.0,14,0.5143,,0.0,1.0,0.2917,0.9599,157.501,297.165,43.038,61.466,0.12835,0.07481,0.18267
42.0,44.0,13,0.5143,,0.0,1.0,0.389,0.9647,162.319,284.451,42.918,63.559,0.12835,0.07481,0.18267
42.0,44.0,12,0.5143,,0.0,1.0,0.7421,0.9547,163.094,242.117,43.075,68.022,0.12835,0.07481,0.18267
42.0,44.0,16,0.5143,,0.0,1.0,0.4724,0.9641,54.901,275.546,42.888,40.06,0.12835,0.07481,0.18267
42.0,44.0,9,0.5143,,0.0,1.0,0.7681,0.9486,155.574,119.663,42.8,66.936,0.12835,0.07481,0.18267
42.0,44.0,15,0.5143,,0.0,0.867,0.5753,0.9747,90.617,262.251,43.052,51.229,0.12835,0.07481,0.18267
42.0,44.0,61,0.5143,BAQ,0.787,0.213,0.9214,0.9061,156.109,145.461,43.129,68.182,0.12835,0.07481,0.18267
42.0,44.0,10,0.5143,,0.0,1.0,0.769,0.9441,149.31,240.103,42.951,66.119,0.12835,0.07481,0.18267
42.0,44.0,16,0.5143,,0.0,1.0,0.8825,0.8481,46.769,224.353,42.852,30.933,0.12835,0.07481,0.18267
42.0,44.0,13,0.5143,,0.0,1.0,0.6728,0.9141,70.496,108.367,42.584,42.508,0.12835,0.07481,0.18267
42.0,44.0,14,0.5143,,0.0,1.0,0.9031,0.9342,92.016,38.428,222.99,51.884,0.12835,0.07481,0.18267
42.0,44.0,10,0.5143,,0.0,1.0,0.4184,0.9656,107.48,280.922,43.069,55.375,0.12835,0.07481,0.18267
42.0,44.0,11,0.5143,,0.0,1.0,0.5745,0.9537,129.683,83.728,223.045,61.649,0.12835,0.07481,0.18267
42.0,44.0,9,0.5143,,0.0,0.889,0.9095,0.8,140.394,219.095,42.914,64.815,0.12835,0.07481,0.18267
42.0,44.0,8,0.5143,,0.0,1.0,0.8695,0.8818,148.055,314.343,223.192,65.978,0.12835,0.07481,0.18267
42.0,44.0,8,0.5143,,0.0,1.0,0.6458,0.9519,107.333,255.363,43.051,56.341,0.12835,0.07481,0.18267
42.0,44.0,9,0.5143,,0.0,1.0,0.861,0.8923,130.903,227.184,42.789,63.053,0.12835,0.07481,0.18267
42.0,44.0,15,0.5143,,0.0,1.0,0.8127,0.9238,36.552,233.541,43.461,28.368,0.12835,0.07481,0.18267
42.0,44.0,8,0.5143,,0.0,1.0,1.0023,0.9486,105.38,351.299,223.159,57.128,0.12835,0.07481,0.18267
42.0,44.0,8,0.5143,,0.0,1.0,0.9048,0.9302,102.956,218.172,43.009,55.956,0.12835,0.07481,0.18267
42.0,44.0,8,0.5143,,0.0,1.0,0.6597,0.9419,55.184,252.65,42.963,37.544,0.12835,0.07481,0.18267
42.0,44.0,8,0.5143,,0.0,1.0,0.4798,0.9641,128.905,274.513,42.452,60.674,0.12835,0.07481,0.18267
43.0,45.0,1830,0.4554,ETA,0.963,0.037,0.5621,0.9466,163.608,95.136,44.081,65.406,0.10697,0.07507,0.12592
43.0,45.0,1759,0.4554,,0.0,0.951,0.6001,0.7666,6.631,200.039,44.704,22.864,0.10697,0.07507,0.12592
43.0,45.0,46,0.4554,BAQ,0.957,0.043,0.9246,0.915,156.135,144.69,43.605,68.193,0.10697,0.07507,0.12592
43.0,45.0,31,0.4554,ARC,0.742,0.258,0.8263,0.8618,64.949,127.174,44.171,38.961,0.10697,0.07507,0.12592
43.0,45.0,54,0.4554,,0.0,0.648,1.0075,0.9039,72.489,180.763,44.136,42.775,0.10697,0.07507,0.12592
43.0,45.0,8,0.4554,,0.0,1.0,0.946,0.6993,45.473,212.096,44.069,28.343,0.10697,0.07507,0.12592
43.0,45.0,33,0.4554,,0.0,0.788,0.983,0.6416,38.735,158.719,43.734,24.1,0.10697,0.07507,0.12592
43.0,45.0,11,0.4554,,0.0,1.0,0.1081,0.9607,34.497,144.948,223.945,40.797,0.10697,0.07507,0.12592
43.0,45.0,11,0.4554,,0.0,1.0,0.284,0.9643,157.539,297.323,43.456,61.199,0.10697,0.07507,0.12592
43.0,45.0,16,0.4554,,0.0,1.0,0.874,0.9488,115.351,316.74,223.714,59.352,0.10697,0.07507,0.12592
43.0,45.0,14,0.4554,,0.0,1.0,1.0076,0.6163,30.528,10.926,223.737,19.479,0.10697,0.07507,0.12592
43.0,45.0,8,0.4554,,0.0,1.0,0.5781,0.9544,67.116,263.453,44.213,43.056,0.10697,0.07507,0.12592
43.0,45.0,8,0.4554,TVU,0.75,0.25,1.0079,0.9139,105.951,181.811,43.677,56.682,0.10697,0.07507,0.12592
43.0,45.0,8,0.4554,,0.0,0.875,0.9885,0.8106,138.839,197.102,43.882,65.185,0.10697,0.07507,0.12592
43.0,45.0,8,0.4554,,0.0,1.0,0.4228,0.9128,164.73,283.506,43.402,63.252,0.10697,0.07507,0.12592
43.0,45.0,8,0.4554,,0.0,1.0,1.0052,0.9316,156.724,186.765,44.738,69.299,0.10697,0.07507,0.12592
43.0,45.0,12,0.4554,GAQ,0.583,0.417,0.984,0.8853,124.333,198.563,44.404,62.306,0.10697,0.07507,0.12592
43.0,45.0,8,0.4554,,0.0,1.0,0.4733,0.9472,123.256,275.656,43.824,58.86,0.10697,0.07507,0.12592
43.0,45.0,10,0.4554,,0.0,1.0,0.8857,0.9166,92.778,41.754,223.602,51.679,0.10697,0.07507,0.12592
43.0,45.0,13,0.4554,,0.0,1.0,0.9034,0.9004,74.447,218.433,43.869,43.982,0.10697,0.07507,0.12592
43.0,45.0,8,0.4554,,0.0,1.0,0.5781,0.966,150.507,82.045,224.388,65.028,0.10697,0.07507,0.12592
43.0,45.0,8,0.4554,,0.0,1.0,0.8813,0.7972,156.748,44.89,224.698,66.594,0.10697,0.07507,0.12592
43.0,45.0,8,0.4554,,0.0,1.0,0.587,0.9603,79.028,261.683,44.077,47.284,0.10697,0.07507,0.12592
43.0,45.0,11,0.4554,,0.0,1.0,0.9412,0.8572,59.415,211.405,44.158,36.453,0.10697,0.07507,0.12592
44.0,46.0,1504,0.4662,,0.0,0.938,0.6132,0.7574,6.25,203.681,45.652,22.747,0.10634,0.04435,0.11007
44.0,46.0,13,0.4662,,0.0,1.0,0.1036,0.9596,2.66,324.622,45.393,39.146,0.10634,0.04435,0.11007
44.0,46.0,17,0.4662,,0.0,1.0,0.0765,0.9652,4.024,330.656,45.744,39.81,0.10634,0.04435,0.11007
44.0,46.0,11,0.4662,,0.0,1.0,0.0901,0.9524,16.319,149.778,224.363,38.662,0.10634,0.04435,0.11007
44.0,46.0,10,0.4662,,0.0,1.0,0.2393,0.9689,24.964,303.843,45.019,38.134,0.10634,0.04435,0.11007
44.0,46.0,8,0.4662,,0.0,0.875,0.7081,0.8579,18.148,249.297,44.867,23.977,0.10634,0.04435,0.11007
44.0,46.0,2039,0.4662,ETA,0.966,0.034,0.5709,0.9463,163.574,96.189,44.985,65.504,0.10634,0.04435,0.11007
44.0,46.0,25,0.4662,BAQ,0.92,0.08,0.9304,0.9506,156.854,147.113,45.107,68.79,0.10634,0.04435,0.11007
44.0,46.0,40,0.4662,,0.0,0.475,1.0061,0.9175,70.985,185.516,44.677,41.532,0.10634,0.04435,0.11007
44.0,46.0,24,0.4662,,0.0,1.0,0.9511,0.6375,6.633,148.553,44.769,11.399,0.10634,0.04435,0.11007
44.0,46.0,11,0.4662,,0.0,1.0,0.5812,1.0002,151.347,81.232,224.994,65.584,0.10634,0.04435,0.11007
44.0,46.0,39,0.4662,,0.0,0.564,0.9811,0.9131,124.517,199.329,44.857,62.681,0.10634,0.04435,0.11007
44.0,46.0,18,0.4662,,0.0,1.0,0.8866,0.9468,115.37,319.308,224.972,59.785,0.10634,0.04435,0.11007
44.0,46.0,8,0.4662,ARC,0.875,0.125,0.8464,0.7695,65.661,128.999,44.549,39.11,0.10634,0.04435,0.11007
44.0,46.0,14,0.4662,,0.0,1.0,0.997,0.9089,138.379,192.584,44.582,65.738,0.10634,0.04435,0.11007
45.0,47.0,1338,0.4924,,0.0,0.928,0.5675,0.7747,5.509,223.428,46.633,23.614,0.08892,0.04458,0.08057
45.0,47.0,9,0.4924,,0.0,1.0,0.1533,0.9378,15.715,319.382,46.091,37.223,0.08892,0.04458,0.08057
45.0,47.0,9,0.4924,,0.0,1.0,0.1113,0.9544,3.937,324.622,46.216,38.499,0.08892,0.04458,0.08057
45.0,47.0,17,0.4924,,0.0,1.0,0.0841,0.964,3.362,151.105,224.991,39.686,0.08892,0.04458,0.08057
45.0,47.0,2172,0.4924,ETA,0.971,0.029,0.5771,0.9424,163.483,96.713,46.011,65.492,0.08892,0.04458,0.08057
45.0,47.0,30,0.4924,GAQ,0.667,0.333,0.9839,0.8852,123.309,199.066,46.009,61.841,0.08892,0.04458,0.08057
45.0,47.0,25,0.4924,,0.0,0.84,0.5643,0.9674,151.187,83.41,226.083,64.928,0.08892,0.04458,0.08057
45.0,47.0,10,0.4924,,0.0,1.0,0.9943,0.6009,22.081,15.97,226.231,15.306,0.08892,0.04458,0.08057
45.0,47.0,32,0.4924,BAQ,0.969,0.031,0.9308,0.96,156.937,147.363,45.627,68.899,0.08892,0.04458,0.08057
45.0,47.0,37,0.4924,ELY,0.541,0.459,1.0069,0.9429,75.103,185.285,46.276,43.917,0.08892,0.04458,0.08057
45.0,47.0,11,0.4924,,0.0,1.0,1.0078,0.6222,34.456,175.863,45.965,21.262,0.08892,0.04458,0.08057
45.0,47.0,17,0.4924,,0.0,0.588,0.96,0.6619,39.09,151.874,45.503,24.219,0.08892,0.04458,0.08057
45.0,47.0,8,0.4924,,0.0,1.0,1.0085,0.6534,44.915,181.197,45.906,26.857,0.08892,0.04458,0.08057
46.0,48.0,2266,0.4735,ETA,0.973,0.027,0.5829,0.9394,163.428,97.287,47.009,65.508,0.08949,0.04139,0.08417
46.0,48.0,1209,0.4735,,0.0,0.929,0.5768,0.7694,5.669,220.089,47.716,23.359,0.08949,0.04139,0.08417
46.0,48.0,37,0.4735,,0.0,1.0,1.008,0.6315,26.676,177.365,46.88,18.009,0.08949,0.04139,0.08417
46.0,48.0,14,0.4735,,0.0,1.0,1.0005,0.6449,31.24,192.05,47.082,20.342,0.08949,0.04139,0.08417
46.0,48.0,58,0.4735,,0.0,1.0,0.1536,0.9372,7.476,319.308,47.19,36.905,0.08949,0.04139,0.08417
46.0,48.0,17,0.4735,,0.0,0.529,0.578,0.9702,151.217,82.476,226.705,65.056,0.08949,0.04139,0.08417
46.0,48.0,55,0.4735,ELY,0.582,0.418,1.0056,0.9413,74.678,187.215,47.035,43.917,0.08949,0.04139,0.08417
46.0,48.0,29,0.4735,GAQ,0.862,0.138,0.9821,0.9658,123.894,199.26,46.948,62.733,0.08949,0.04139,0.08417
46.0,48.0,27,0.4735,PCY,0.593,0.407,1.0046,0.9391,65.424,172.38,46.842,39.29,0.08949,0.04139,0.08417
46.0,48.0,16,0.4735,BAQ,1.0,0.0,0.9329,0.9245,156.772,146.865,46.736,68.433,0.08949,0.04139,0.08417
46.0,48.0,8,0.4735,,0.0,1.0,0.7589,0.9585,65.584,239.844,46.807,41.558,0.08949,0.04139,0.08417
47.0,49.0,1232,0.4221,,0.0,0.937,0.5523,0.7745,5.748,226.107,48.7,24.003,0.12584,0.05416,0.07651
47.0,49.0,10,0.4221,,0.0,1.0,0.9761,0.6192,6.877,24.009,227.715,10.334,0.12584,0.05416,0.07651
47.0,49.0,8,0.4221,,0.0,1.0,1.0086,0.617,43.044,183.334,47.543,25.816,0.12584,0.05416,0.07651
47.0,49.0,8,0.4221,,0.0,1.0,0.1255,0.9427,17.863,323.475,48.33,37.845,0.12584,0.05416,0.07651
47.0,49.0,8,0.4221,,0.0,1.0,1.0086,0.6108,8.744,176.003,47.973,9.671,0.12584,0.05416,0.07651
47.0,49.0,10,0.4221,,0.0,1.0,0.0728,0.9627,7.914,332.955,47.879,39.422,0.12584,0.05416,0.07651
47.0,49.0,2074,0.4221,ETA,0.968,0.032,0.5902,0.937,163.41,98.148,47.91,65.553,0.12584,0.05416,0.07651
47.0,49.0,119,0.4221,ELY,0.765,0.235,1.0025,0.942,74.386,189.749,48.266,43.896,0.12584,0.05416,0.07651
47.0,49.0,17,0.4221,PCY,0.706,0.294,1.0046,0.9553,65.671,172.067,48.241,39.845,0.12584,0.05416,0.07651
47.0,49.0,13,0.4221,TVU,1.0,0.0,1.0034,0.9708,95.301,188.978,48.356,53.152,0.12584,0.05416,0.07651
47.0,49.0,8,0.4221,,0.0,1.0,0.9402,0.9204,84.962,211.328,48.077,48.743,0.12584,0.05416,0.07651
47.0,49.0,32,0.4221,OMC,0.781,0.219,0.5693,0.9766,151.223,82.727,228.443,65.099,0.12584,0.05416,0.07651
47.0,49.0,13,0.4221,BAQ,0.923,0.077,0.931,0.8354,156.638,146.01,48.144,67.311,0.12584,0.05416,0.07651
47.0,49.0,18,0.4221,GAQ,0.944,0.056,0.9837,0.9041,122.921,198.787,48.165,61.983,0.12584,0.05416,0.07651
48.0,50.0,1806,0.4178,ETA,0.952,0.048,0.5946,0.9312,163.349,98.41,48.898,65.518,0.09266,0.06857,0.0915
48.0,50.0,259,0.4178,ELY,0.892,0.108,0.9991,0.9548,74.632,191.822,49.293,44.136,0.09266,0.06857,0.0915
48.0,50.0,1506,0.4178,,0.0,0.916,0.5666,0.7692,6.417,225.858,49.523,23.506,0.09266,0.06857,0.0915
48.0,50.0,14,0.4178,EPS,0.643,0.357,0.1214,0.9527,16.336,144.462,229.014,38.675,0.09266,0.06857,0.0915
48.0,50.0,11,0.4178,,0.0,1.0,0.2611,0.9836,31.141,299.408,48.877,38.967,0.09266,0.06857,0.0915
48.0,50.0,39,0.4178,GAQ,0.795,0.205,0.9858,0.9049,122.624,198.246,48.977,61.845,0.09266,0.06857,0.0915
48.0,50.0,20,0.4178,BAQ,0.9,0.1,0.9369,0.9473,157.218,148.44,48.696,68.896,0.09266,0.06857,0.0915
48.0,50.0,15,0.4178,,0.0,1.0,0.9043,0.6341,3.901,136.808,48.97,11.95,0.09266,0.06857,0.0915
48.0,50.0,27,0.4178,PCY,0.704,0.296,1.0067,0.9426,65.784,173.792,48.978,39.728,0.09266,0.06857,0.0915
48.0,50.0,27,0.4178,MUC,0.481,0.222,1.0074,0.9353,106.526,174.444,49.147,57.145,0.09266,0.06857,0.0915
48.0,50.0,24,0.4178,OMC,0.833,0.167,0.5594,0.9653,151.318,84.659,229.021,64.793,0.09266,0.06857,0.0915
48.0,50.0,12,0.4178,,0.0,1.0,1.008,0.606,6.872,180.316,228.917,8.918,0.09266,0.06857,0.0915
48.0,50.0,8,0.4178,,0.0,1.0,1.0095,0.8403,115.432,180.581,49.325,59.052,0.09266,0.06857,0.0915
48.0,50.0,15,0.4178,,0.0,1.0,0.9755,0.652,15.72,23.94,229.216,13.437,0.09266,0.06857,0.0915
48.0,50.0,9,0.4178,TVU,1.0,0.0,1.0046,0.9022,94.062,188.255,48.357,52.074,0.09266,0.06857,0.0915
49.0,51.0,1454,0.4726,ETA,0.935,0.065,0.6021,0.9296,163.335,99.315,49.866,65.555,0.13001,0.06668,0.12388
49.0,51.0,1932,0.4726,,0.0,0.921,0.6322,0.7622,7.881,211.975,50.563,23.114,0.13001,0.06668,0.12388
49.0,51.0,8,0.4726,,0.0,1.0,0.1059,0.9386,22.407,328.216,50.512,37.717,0.13001,0.06668,0.12388
49.0,51.0,9,0.4726,,0.0,1.0,0.8032,0.7608,32.763,238.356,49.489,25.483,0.13001,0.06668,0.12388
49.0,51.0,502,0.4726,ELY,0.737,0.207,0.9989,0.9531,74.088,191.966,50.019,43.838,0.13001,0.06668,0.12388
49.0,51.0,26,0.4726,,0.0,0.654,0.9459,0.8943,89.567,210.106,49.515,50.131,0.13001,0.06668,0.12388
49.0,51.0,10,0.4726,,0.0,1.0,0.9656,0.909,106.212,205.013,50.071,56.5,0.13001,0.06668,0.12388
49.0,51.0,128,0.4726,,0.0,0.516,0.9994,0.915,123.288,187.468,49.929,61.531,0.13001,0.06668,0.12388
49.0,51.0,15,0.4726,,0.0,1.0,0.9351,0.8735,149.486,212.645,49.868,66.69,0.13001,0.06668,0.12388
49.0,51.0,44,0.4726,OMC,0.727,0.273,0.5693,0.9681,151.177,83.162,230.218,64.941,0.13001,0.06668,0.12388
49.0,51.0,21,0.4726,,0.0,0.571,0.9441,0.9382,155.576,149.927,50.291,68.79,0.13001,0.06668,0.12388
49.0,51.0,29,0.4726,,0.0,0.69,0.7782,0.9585,86.689,238.034,50.039,49.387,0.13001,0.06668,0.12388
49.0,51.0,13,0.4726,,0.0,1.0,0.5668,0.9913,122.31,263.654,50.34,59.927,0.13001,0.06668,0.12388
49.0,51.0,11,0.4726,,0.0,1.0,0.4019,0.9393,139.593,102.544,230.278,60.732,0.13001,0.06668,0.12388
49.0,51.0,14,0.4726,,0.0,1.0,0.6027,0.9548,53.902,259.561,49.859,37.889,0.13001,0.06668,0.12388
49.0,51.0,24,0.4726,,0.0,1.0,0.8089,0.8623,140.864,235.601,50.111,64.624,0.13001,0.06668,0.12388
49.0,51.0,9,0.4726,,0.0,1.0,0.8565,0.9848,95.217,46.571,230.229,52.977,0.13001,0.06668,0.12388
49.0,51.0,9,0.4726,,0.0,1.0,0.8795,0.8664,119.941,137.177,49.741,59.309,0.13001,0.06668,0.12388
49.0,51.0,15,0.4726,,0.0,1.0,0.713,0.8953,119.247,247.299,49.965,59.014,0.13001,0.06668,0.12388
49.0,51.0,9,0.4726,,0.0,1.0,0.7046,0.9211,161.572,247.72,49.605,67.012,0.13001,0.06668,0.12388
49.0,51.0,8,0.4726,,0.0,1.0,0.9172,0.7745,51.815,217.503,50.348,32.506,0.13001,0.06668,0.12388
49.0,51.0,9,0.4726,,0.0,1.0,0.8293,0.94,110.676,230.925,49.587,57.955,0.13001,0.06668,0.12388
49.0,51.0,8,0.4726,MBC,0.75,0.25,0.6166,0.9335,169.894,259.289,49.549,66.327,0.13001,0.06668,0.12388
50.0,52.0,3777,0.5401,,0.0,0.821,0.8469,0.8381,19.316,193.213,51.355,32.41,0.18724,0.07614,0.19037
50.0,52.0,1226,0.5401,ETA,0.917,0.083,0.6119,0.9341,163.223,100.425,50.768,65.688,0.18724,0.07614,0.19037
50.0,52.0,42,0.5401,,0.0,0.548,0.6038,0.9415,166.494,260.862,50.912,65.754,0.18724,0.07614,0.19037
50.0,52.0,23,0.5401,,0.0,1.0,0.6984,0.9135,114.187,70.179,231.03,57.729,0.18724,0.07614,0.19037
50.0,52.0,13,0.5401,,0.0,1.0,0.259,0.978,161.094,300.768,50.373,61.057,0.18724,0.07614,0.19037
50.0,52.0,23,0.5401,,0.0,1.0,0.477,0.9498,107.81,276.109,50.943,55.414,0.18724,0.07614,0.19037
50.0,52.0,19,0.5401,,0.0,1.0,0.3509,0.9492,136.347,109.655,230.832,59.837,0.18724,0.07614,0.19037
50.0,52.0,8,0.5401,,0.0,1.0,0.459,0.9719,155.822,276.103,50.965,63.946,0.18724,0.07614,0.19037
50.0,52.0,12,0.5401,,0.0,1.0,0.51,0.9699,52.361,270.428,50.858,38.664,0.18724,0.07614,0.19037
50.0,52.0,8,0.5401,,0.0,1.0,0.461,0.9452,69.763,277.488,50.991,44.753,0.18724,0.07614,0.19037
50.0,52.0,13,0.5401,,0.0,1.0,0.9091,0.9308,120.556,322.189,230.67,61.132,0.18724,0.07614,0.19037
51.0,53.0,3413,0.6031,,0.0,0.858,0.7892,0.8132,11.955,201.844,52.37,28.449,0.19545,0.09624,0.14702
51.0,53.0,28,0.6031,BAQ,0.679,0.321,0.9537,0.9229,157.097,152.472,51.763,68.86,0.19545,0.09624,0.14702
51.0,53.0,49,0.6031,,0.0,1.0,0.5199,0.9498,63.328,269.278,52.005,41.385,0.19545,0.09624,0.14702
51.0,53.0,135,0.6031,,0.0,0.548,0.5791,0.9363,149.922,81.898,232.384,64.061,0.19545,0.09624,0.14702
51.0,53.0,65,0.6031,,0.0,1.0,0.4041,0.9421,156.599,282.834,52.058,62.239,0.19545,0.09624,0.14702
51.0,53.0,12,0.6031,,0.0,1.0,0.6876,0.9516,134.121,109.799,51.46,62.854,0.19545,0.09624,0.14702
51.0,53.0,108,0.6031,,0.0,0.778,0.7403,0.917,159.224,243.592,51.975,66.029,0.19545,0.09624,0.14702
51.0,53.0,8,0.6031,,0.0,1.0,0.5781,0.9447,111.062,263.571,52.288,56.976,0.19545,0.09624,0.14702
51.0,53.0,21,0.6031,,0.0,1.0,0.4207,0.9281,105.777,282.656,52.19,54.311,0.19545,0.09624,0.14702
51.0,53.0,21,0.6031,,0.0,1.0,0.4365,0.9492,136.656,99.379,232.058,60.605,0.19545,0.09624,0.14702
51.0,53.0,13,0.6031,,0.0,1.0,0.984,0.8685,138.215,19.543,231.375,65.332,0.19545,0.09624,0.14702
51.0,53.0,14,0.6031,,0.0,1.0,0.3184,0.9731,135.341,292.655,52.075,58.999,0.19545,0.09624,0.14702
51.0,53.0,8,0.6031,,0.0,1.0,0.8492,0.8849,128.994,131.656,52.222,62.073,0.19545,0.09624,0.14702
51.0,53.0,18,0.6031,,0.0,1.0,1.0068,0.9223,175.367,185.03,52.087,70.467,0.19545,0.09624,0.14702
51.0,53.0,10,0.6031,,0.0,1.0,0.8746,0.944,95.623,43.492,231.502,52.844,0.19545,0.09624,0.14702
51.0,53.0,8,0.6031,,0.0,1.0,0.8788,0.9927,109.246,137.36,52.38,57.1,0.19545,0.09624,0.14702
51.0,53.0,8,0.6031,,0.0,1.0,0.4695,0.8905,124.431,277.825,52.449,57.764,0.19545,0.09624,0.14702
51.0,53.0,957,0.6031,ETA,0.897,0.103,0.6188,0.9318,163.047,101.292,51.797,65.742,0.19545,0.09624,0.14702
51.0,53.0,11,0.6031,,0.0,1.0,0.5868,0.9778,85.433,81.049,231.583,49.717,0.19545,0.09624,0.14702
52.0,54.0,4763,0.6076,,0.0,0.757,0.6601,0.8498,25.015,189.275,53.27,33.694,0.19984,0.07753,0.17966
52.0,54.0,11,0.6076,,0.0,1.0,0.8094,0.936,62.972,126.04,52.874,39.747,0.19984,0.07753,0.17966
52.0,54.0,22,0.6076,,0.0,1.0,0.3393,0.9326,160.809,292.932,52.778,61.483,0.19984,0.07753,0.17966
52.0,54.0,365,0.6076,,0.0,0.803,0.7199,0.9187,142.881,85.813,233.034,63.666,0.19984,0.07753,0.17966
52.0,54.0,45,0.6076,,0.0,1.0,0.9111,0.9363,92.034,37.193,232.959,52.468,0.19984,0.07753,0.17966
52.0,54.0,12,0.6076,,0.0,1.0,0.8526,0.8833,141.272,310.96,232.538,64.93,0.19984,0.07753,0.17966
52.0,54.0,8,0.6076,,0.0,1.0,0.5752,0.9918,104.361,82.019,232.852,55.555,0.19984,0.07753,0.17966
52.0,54.0,10,0.6076,NOC,1.0,0.0,0.0897,0.9617,37.391,30.984,53.478,40.374,0.19984,0.07753,0.17966
52.0,54.0,11,0.6076,,0.0,1.0,0.4492,0.95,62.747,98.439,233.017,41.927,0.19984,0.07753,0.17966
52.0,54.0,11,0.6076,,0.0,1.0,0.6423,0.926,67.411,104.5,53.134,42.375,0.19984,0.07753,0.17966
53.0,55.0,5555,0.5938,,0.0,0.784,0.6572,0.8626,43.453,179.821,54.458,37.951,0.20796,0.10944,0.21506
53.0,55.0,17,0.5938,,0.0,1.0,0.5694,0.9045,73.266,86.747,234.211,43.481,0.20796,0.10944,0.21506
53.0,55.0,28,0.5938,,0.0,1.0,0.6529,0.8955,65.12,104.04,53.855,40.792,0.20796,0.10944,0.21506
53.0,55.0,16,0.5938,,0.0,1.0,0.3995,0.9676,73.274,75.832,54.023,45.599,0.20796,0.10944,0.21506
53.0,55.0,17,0.5938,,0.0,1.0,0.5329,0.9134,157.791,270.978,233.518,63.384,0.20796,0.10944,0.21506
53.0,55.0,9,0.5938,NOC,1.0,0.0,0.0891,0.9645,37.932,30.977,53.594,40.808,0.20796,0.10944,0.21506
53.0,55.0,18,0.5938,,0.0,1.0,1.0045,0.8998,69.564,10.528,233.896,40.849,0.20796,0.10944,0.21506
53.0,55.0,9,0.5938,,0.0,1.0,0.7077,0.8901,61.002,71.829,234.194,38.593,0.20796,0.10944,0.21506
53.0,55.0,11,0.5938,,0.0,1.0,0.3236,0.9808,118.574,68.206,53.357,55.903,0.20796,0.10944,0.21506
54.0,56.0,3056,0.5596,,0.0,0.907,0.6354,0.8023,9.064,212.613,55.594,26.213,0.21738,0.08828,0.14916
54.0,56.0,312,0.5596,,0.0,0.654,0.5365,0.9499,150.101,88.162,235.16,62.37,0.21738,0.08828,0.14916
54.0,56.0,610,0.5596,ETA,0.849,0.151,0.6333,0.9254,163.007,102.807,54.975,65.805,0.21738,0.08828,0.14916
54.0,56.0,427,0.5596,,0.0,0.768,0.9709,0.8946,122.324,201.726,54.987,61.064,0.21738,0.08828,0.14916
54.0,56.0,49,0.5596,,0.0,1.0,0.9861,0.8764,143.114,341.302,234.979,65.949,0.21738,0.08828,0.14916
54.0,56.0,19,0.5596,,0.0,1.0,0.9974,0.9348,128.529,13.328,235.196,63.532,0.21738,0.08828,0.14916
54.0,56.0,69,0.5596,MBC,0.855,0.145,0.5656,0.9487,170.452,264.938,54.981,65.944,0.21738,0.08828,0.14916
54.0,56.0,38,0.5596,,0.0,1.0,0.9246,0.8222,129.677,144.064,55.007,61.862,0.21738,0.08828,0.14916
54.0,56.0,27,0.5596,,0.0,1.0,0.7811,0.8694,177.111,232.235,55.781,67.281,0.21738,0.08828,0.14916
54.0,56.0,14,0.5596,,0.0,1.0,0.2991,0.9622,49.549,115.843,235.274,41.134,0.21738,0.08828,0.14916
54.0,56.0,34,0.5596,,0.0,1.0,0.4956,0.9533,145.727,272.544,55.102,62.798,0.21738,0.08828,0.14916
54.0,56.0,9,0.5596,,0.0,1.0,0.8944,0.9006,74.285,40.624,235.552,43.811,0.21738,0.08828,0.14916
54.0,56.0,20,0.5596,,0.0,1.0,1.005,0.9007,162.175,12.235,235.218,69.222,0.21738,0.08828,0.14916
54.0,56.0,20,0.5596,,0.0,1.0,0.9133,0.8995,143.976,37.575,234.806,66.001,0.21738,0.08828,0.14916
54.0,56.0,11,0.5596,,0.0,1.0,0.7057,0.9305,154.213,249.795,55.332,65.85,0.21738,0.08828,0.14916
54.0,56.0,15,0.5596,,0.0,1.0,0.4075,0.9457,54.839,285.019,55.119,40.493,0.21738,0.08828,0.14916
54.0,56.0,31,0.5596,,0.0,1.0,0.5584,0.9426,109.05,267.14,55.046,55.238,0.21738,0.08828,0.14916
54.0,56.0,24,0.5596,,0.0,1.0,1.0059,0.9685,104.868,351.558,234.94,56.908,0.21738,0.08828,0.14916
54.0,56.0,16,0.5596,,0.0,1.0,0.8321,0.9057,117.993,50.422,235.332,59.207,0.21738,0.08828,0.14916
54.0,56.0,21,0.5596,,0.0,1.0,0.876,0.9113,115.369,315.73,235.19,58.877,0.21738,0.08828,0.14916
54.0,56.0,9,0.5596,,0.0,1.0,0.9101,0.9456,86.512,142.84,55.086,48.855,0.21738,0.08828,0.14916
54.0,56.0,12,0.5596,,0.0,1.0,0.9211,0.9399,97.002,35.662,234.958,53.088,0.21738,0.08828,0.14916
54.0,56.0,15,0.5596,,0.0,0.733,0.9577,0.938,158.972,152.908,54.756,68.856,0.21738,0.08828,0.14916
54.0,56.0,15,0.5596,,0.0,1.0,0.3297,0.9275,157.535,296.395,55.159,60.966,0.21738,0.08828,0.14916
54.0,56.0,8,0.5596,,0.0,1.0,0.8124,0.8583,162.205,124.821,55.064,67.059,0.21738,0.08828,0.14916
54.0,56.0,9,0.5596,,0.0,1.0,0.4448,0.9437,126.305,278.657,55.093,58.737,0.21738,0.08828,0.14916
54.0,56.0,14,0.5596,,0.0,1.0,0.7525,0.9506,84.863,61.491,235.218,48.854,0.21738,0.08828,0.14916
54.0,56.0,11,0.5596,,0.0,1.0,0.5651,0.9103,47.459,265.231,55.224,35.443,0.21738,0.08828,0.14916
54.0,56.0,14,0.5596,,0.0,1.0,0.4344,0.8945,63.256,100.727,234.991,41.779,0.21738,0.08828,0.14916
54.0,56.0,16,0.5596,,0.0,1.0,0.4984,0.8894,69.99,85.33,54.99,42.551,0.21738,0.08828,0.14916
55.0,57.0,3879,0.5671,,0.0,0.902,0.7175,0.8254,12.413,208.068,56.39,29.44,0.16953,0.07742,0.16271
55.0,57.0,376,0.5671,,0.0,0.726,0.5623,0.9341,143.797,84.634,235.84,62.104,0.16953,0.07742,0.16271
55.0,57.0,17,0.5671,,0.0,1.0,1.0083,0.8979,124.886,10.824,235.662,62.017,0.16953,0.07742,0.16271
55.0,57.0,13,0.5671,,0.0,1.0,0.4045,0.9036,157.893,284.827,55.992,62.041,0.16953,0.07742,0.16271
55.0,57.0,11,0.5671,,0.0,1.0,0.3097,0.9377,162.121,296.083,55.817,60.437,0.16953,0.07742,0.16271
55.0,57.0,579,0.5671,ETA,0.794,0.206,0.6408,0.925,162.837,103.609,55.821,65.833,0.16953,0.07742,0.16271
55.0,57.0,42,0.5671,,0.0,1.0,0.9866,0.9409,143.909,341.761,235.654,66.952,0.16953,0.07742,0.16271
55.0,57.0,8,0.5671,,0.0,1.0,0.9534,0.7767,73.031,29.974,236.018,42.231,0.16953,0.07742,0.16271
55.0,57.0,12,0.5671,,0.0,1.0,0.6276,0.9505,63.153,102.821,56.757,40.775,0.16953,0.07742,0.16271
55.0,57.0,11,0.5671,,0.0,1.0,0.3175,0.9731,114.832,293.356,56.229,55.011,0.16953,0.07742,0.16271
55.0,57.0,10,0.5671,,0.0,1.0,0.4,0.9569,109.221,283.841,56.171,55.477,0.16953,0.07742,0.16271
55.0,57.0,20,0.5671,,0.0,1.0,0.6368,0.9369,137.333,104.828,56.502,62.981,0.16953,0.07742,0.16271
55.0,57.0,8,0.5671,,0.0,1.0,1.0015,0.8755,169.347,348.462,236.015,69.697,0.16953,0.07742,0.16271
55.0,57.0,9,0.5671,,0.0,1.0,1.0054,0.9911,105.293,351.199,235.738,57.241,0.16953,0.07742,0.16271
55.0,57.0,12,0.5671,,0.0,1.0,0.2836,0.9547,60.736,118.541,235.729,43.866,0.16953,0.07742,0.16271
55.0,57.0,8,0.5671,,0.0,1.0,1.004,0.9001,162.646,10.09,235.486,69.429,0.16953,0.07742,0.16271
55.0,57.0,11,0.5671,,0.0,1.0,0.8575,0.9193,126.897,312.473,235.895,61.92,0.16953,0.07742,0.16271
55.0,57.0,12,0.5671,,0.0,1.0,0.8948,0.8438,113.446,318.463,236.159,57.539,0.16953,0.07742,0.16271
55.0,57.0,9,0.5671,,0.0,1.0,0.5509,0.9739,80.061,90.947,55.512,46.566,0.16953,0.07742,0.16271
55.0,57.0,8,0.5671,,0.0,1.0,1.0071,0.8923,59.541,352.623,236.324,36.015,0.16953,0.07742,0.16271
55.0,57.0,8,0.5671,,0.0,1.0,1.0062,0.9157,68.02,8.072,235.875,40.648,0.16953,0.07742,0.16271
56.0,58.0,5122,0.606,,0.0,0.84,0.6921,0.8496,24.659,184.721,57.499,35.042,0.19646,0.0796,0.1949
56.0,58.0,17,0.606,,0.0,1.0,0.2995,0.948,163.847,295.079,56.789,61.311,0.19646,0.0796,0.1949
56.0,58.0,10,0.606,,0.0,1.0,0.3607,0.9513,57.767,109.232,237.113,42.23,0.19646,0.0796,0.1949
56.0,58.0,8,0.606,,0.0,1.0,0.6859,0.8905,61.783,71.215,237.165,39.584,0.19646,0.0796,0.1949
56.0,58.0,12,0.606,,0.0,1.0,0.2119,0.9516,162.376,308.519,57.377,58.978,0.19646,0.0796,0.1949
56.0,58.0,8,0.606,,0.0,1.0,0.4525,0.9583,38.131,98.325,237.195,35.095,0.19646,0.0796,0.1949
56.0,58.0,20,0.606,,0.0,1.0,0.9256,0.7662,73.587,36.621,237.013,42.056,0.19646,0.0796,0.1949
56.0,58.0,21,0.606,,0.0,1.0,1.0074,0.9587,68.502,343.334,237.101,41.161,0.19646,0.0796,0.1949
56.0,58.0,10,0.606,,0.0,1.0,0.6269,0.9493,63.283,102.728,56.999,41.105,0.19646,0.0796,0.1949
56.0,58.0,10,0.606,,0.0,1.0,0.5118,0.9528,72.831,87.528,56.943,44.326,0.19646,0.0796,0.1949
57.0,59.0,21,0.5958,,0.0,1.0,0.8508,0.9369,120.475,311.182,237.885,59.978,0.17482,0.08269,0.18629
57.0,59.0,4692,0.5958,,0.0,0.865,0.6718,0.8374,17.255,199.132,58.378,31.861,0.17482,0.08269,0.18629
57.0,59.0,10,0.5958,,0.0,1.0,0.2086,0.9782,155.164,307.251,58.093,59.403,0.17482,0.08269,0.18629
57.0,59.0,15,0.5958,,0.0,1.0,0.2424,0.9703,56.016,303.441,58.372,43.288,0.17482,0.08269,0.18629
57.0,59.0,375,0.5958,,0.0,0.747,0.6304,0.9154,141.645,77.492,238.09,62.953,0.17482,0.08269,0.18629
57.0,59.0,28,0.5958,,0.0,1.0,0.2974,0.9321,160.225,117.051,237.863,60.587,0.17482,0.08269,0.18629
57.0,59.0,11,0.5958,,0.0,1.0,0.9034,0.9767,177.369,146.884,58.677,69.727,0.17482,0.08269,0.18629
57.0,59.0,15,0.5958,,0.0,1.0,0.5445,0.9711,133.522,92.284,58.327,61.566,0.17482,0.08269,0.18629
57.0,59.0,15,0.5958,,0.0,1.0,0.8593,0.8472,156.645,311.789,238.382,66.612,0.17482,0.08269,0.18629
57.0,59.0,11,0.5958,,0.0,1.0,0.8059,0.8099,77.943,57.273,237.563,44.804,0.17482,0.08269,0.18629
57.0,59.0,16,0.5958,,0.0,1.0,0.6613,0.9118,65.407,105.915,58.192,42.294,0.17482,0.08269,0.18629
57.0,59.0,8,0.5958,,0.0,1.0,0.4677,0.9985,102.518,95.38,237.476,54.517,0.17482,0.08269,0.18629
57.0,59.0,9,0.5958,,0.0,1.0,0.7383,0.9007,123.619,114.359,57.81,60.498,0.17482,0.08269,0.18629
57.0,59.0,10,0.5958,,0.0,1.0,1.0058,0.9272,66.876,351.077,237.826,40.263,0.17482,0.08269,0.18629
58.0,60.0,523,0.6259,,0.0,0.822,0.7211,0.9232,142.314,85.77,238.764,63.263,0.21072,0.08785,0.18562
58.0,60.0,4739,0.6259,,0.0,0.898,0.6834,0.8293,16.697,200.301,59.388,31.334,0.21072,0.08785,0.18562
58.0,60.0,20,0.6259,,0.0,1.0,0.7367,0.9027,78.102,65.488,238.725,44.639,0.21072,0.08785,0.18562
58.0,60.0,21,0.6259,,0.0,1.0,0.9009,0.8651,164.95,319.661,238.802,67.758,0.21072,0.08785,0.18562
58.0,60.0,17,0.6259,,0.0,1.0,0.3099,0.8942,41.041,118.16,239.234,36.326,0.21072,0.08785,0.18562
58.0,60.0,11,0.6259,,0.0,1.0,0.2336,0.9514,129.613,306.919,58.285,55.416,0.21072,0.08785,0.18562
58.0,60.0,38,0.6259,,0.0,1.0,0.6678,0.903,68.401,106.466,59.118,42.325,0.21072,0.08785,0.18562
59.0,61.0,4882,0.632,,0.0,0.912,0.7116,0.8328,18.086,201.166,60.436,31.517,0.1772,0.11061,0.18608
59.0,61.0,313,0.632,,0.0,0.802,0.5585,0.9313,144.799,85.12,240.06,62.428,0.1772,0.11061,0.18608
59.0,61.0,15,0.632,,0.0,1.0,0.4956,0.9492,122.321,88.995,60.269,58.195,0.1772,0.11061,0.18608
59.0,61.0,41,0.632,,0.0,1.0,0.8984,0.9097,117.991,319.622,239.62,59.672,0.1772,0.11061,0.18608
59.0,61.0,12,0.632,,0.0,0.833,0.3797,0.5439,66.247,325.759,59.674,31.708,0.1772,0.11061,0.18608
59.0,61.0,15,0.632,,0.0,1.0,0.6965,0.9424,81.944,67.635,240.45,47.973,0.1772,0.11061,0.18608
59.0,61.0,13,0.632,,0.0,1.0,0.997,0.8423,134.135,345.685,240.031,64.514,0.1772,0.11061,0.18608
59.0,61.0,38,0.632,,0.0,1.0,0.9969,0.8653,71.087,19.664,240.314,41.933,0.1772,0.11061,0.18608
59.0,61.0,11,0.632,,0.0,1.0,0.9691,0.8261,141.216,25.036,239.501,65.441,0.1772,0.11061,0.18608
59.0,61.0,21,0.632,,0.0,1.0,0.566,0.917,70.352,92.181,59.659,43.127,0.1772,0.11061,0.18608
59.0,61.0,13,0.632,,0.0,1.0,0.4079,0.9696,102.959,104.872,240.35,53.661,0.1772,0.11061,0.18608
59.0,61.0,10,0.632,,0.0,1.0,0.4438,0.9728,70.512,100.636,240.36,45.481,0.1772,0.11061,0.18608
59.0,61.0,8,0.632,,0.0,1.0,1.0077,0.8325,159.84,8.07,240.222,68.184,0.1772,0.11061,0.18608
60.0,62.0,5459,0.6482,,0.0,0.908,0.7266,0.8465,26.529,192.215,61.451,34.286,0.20935,0.08585,0.25173
60.0,62.0,8,0.6482,,0.0,1.0,0.3362,0.9048,61.027,115.37,241.114,41.656,0.20935,0.08585,0.25173
60.0,62.0,12,0.6482,,0.0,1.0,0.5338,0.9127,67.924,90.726,60.945,42.714,0.20935,0.08585,0.25173
60.0,62.0,18,0.6482,,0.0,1.0,0.4885,0.9537,126.739,85.091,60.994,59.315,0.20935,0.08585,0.25173
60.0,62.0,9,0.6482,,0.0,1.0,0.4044,0.9329,70.722,76.186,61.675,43.611,0.20935,0.08585,0.25173
60.0,62.0,8,0.6482,,0.0,1.0,0.4814,0.9263,69.069,94.955,240.475,42.748,0.20935,0.08585,0.25173
60.0,62.0,12,0.6482,,0.0,1.0,0.4397,0.4557,68.927,325.7,60.839,31.393,0.20935,0.08585,0.25173
61.0,63.0,5098,0.678,,0.0,0.915,0.7051,0.8394,20.978,197.75,62.485,33.16,0.20949,0.07937,0.1824
61.0,63.0,39,0.678,,0.0,0.795,0.943,0.8953,72.274,32.406,242.179,42.194,0.20949,0.07937,0.1824
61.0,63.0,17,0.678,,0.0,1.0,1.0074,0.7715,107.528,9.522,242.34,56.015,0.20949,0.07937,0.1824
61.0,63.0,13,0.678,,0.0,1.0,1.0106,0.9213,57.868,9.341,241.313,35.088,0.20949,0.07937,0.1824
61.0,63.0,9,0.678,,0.0,1.0,0.4349,0.9917,94.958,98.388,242.281,52.302,0.20949,0.07937,0.1824
61.0,63.0,39,0.678,,0.0,0.897,0.6455,0.9333,64.579,103.354,62.01,41.374,0.20949,0.07937,0.1824
61.0,63.0,10,0.678,,0.0,0.7,0.1893,0.763,54.593,331.049,62.657,30.393,0.20949,0.07937,0.1824
61.0,63.0,19,0.678,,0.0,1.0,0.2999,0.9329,166.324,298.056,62.082,60.498,0.20949,0.07937,0.1824
61.0,63.0,18,0.678,,0.0,1.0,0.4998,0.9459,133.446,87.249,61.954,60.899,0.20949,0.07937,0.1824
61.0,63.0,13,0.678,,0.0,1.0,0.2112,0.9628,152.857,129.042,241.452,58.546,0.20949,0.07937,0.1824
62.0,64.0,321,0.6529,,0.0,0.875,0.5894,0.9321,138.086,81.848,242.969,61.817,0.17688,0.09396,0.19966
62.0,64.0,4733,0.6529,,0.0,0.93,0.6939,0.8307,15.319,208.265,63.332,31.373,0.17688,0.09396,0.19966
62.0,64.0,9,0.6529,,0.0,0.778,0.1829,0.7685,54.737,332.631,62.961,30.549,0.17688,0.09396,0.19966
62.0,64.0,8,0.6529,,0.0,1.0,0.122,0.9754,154.432,321.897,63.171,56.619,0.17688,0.09396,0.19966
62.0,64.0,42,0.6529,,0.0,0.667,0.5835,0.8903,70.839,93.29,63.298,43.254,0.17688,0.09396,0.19966
62.0,64.0,135,0.6529,,0.0,1.0,0.9842,0.8823,134.683,328.991,242.966,64.274,0.17688,0.09396,0.19966
62.0,64.0,11,0.6529,,0.0,0.818,0.3369,0.5353,63.003,326.979,62.721,30.19,0.17688,0.09396,0.19966
62.0,64.0,39,0.6529,,0.0,0.795,0.9602,0.8425,72.377,29.549,242.933,41.942,0.17688,0.09396,0.19966
62.0,64.0,18,0.6529,,0.0,1.0,0.4325,0.9632,99.406,99.043,242.906,53.103,0.17688,0.09396,0.19966
62.0,64.0,15,0.6529,,0.0,1.0,0.9716,0.9362,164.832,23.369,242.585,69.797,0.17688,0.09396,0.19966
62.0,64.0,17,0.6529,,0.0,1.0,1.0068,0.9467,62.381,348.814,242.954,38.144,0.17688,0.09396,0.19966
62.0,64.0,18,0.6529,,0.0,1.0,0.2404,0.9433,59.765,126.568,242.663,42.804,0.17688,0.09396,0.19966
62.0,64.0,15,0.6529,,0.0,1.0,0.4549,0.9484,69.29,98.55,242.788,44.355,0.17688,0.09396,0.19966
62.0,64.0,14,0.6529,,0.0,1.0,0.5282,0.971,133.128,90.728,62.713,61.142,0.17688,0.09396,0.19966
62.0,64.0,9,0.6529,,0.0,1.0,1.0114,0.574,68.157,4.382,242.411,38.04,0.17688,0.09396,0.19966
63.0,65.0,5354,0.703,,0.0,0.942,0.7468,0.8341,24.222,201.479,64.425,33.999,0.21094,0.09766,0.19258
63.0,65.0,49,0.703,,0.0,0.939,0.9602,0.8344,77.782,28.574,243.489,44.4,0.21094,0.09766,0.19258
63.0,65.0,55,0.703,,0.0,0.782,0.5509,0.9106,67.31,92.069,63.933,42.008,0.21094,0.09766,0.19258
63.0,65.0,18,0.703,,0.0,1.0,0.7245,0.9567,86.503,64.904,244.083,49.793,0.21094,0.09766,0.19258
63.0,65.0,11,0.703,,0.0,1.0,0.9733,0.9097,178.15,194.416,64.488,69.983,0.21094,0.09766,0.19258
63.0,65.0,17,0.703,,0.0,1.0,0.2099,0.9585,170.53,134.225,243.187,59.861,0.21094,0.09766,0.19258
63.0,65.0,29,0.703,,0.0,0.828,0.3712,0.5117,62.156,323.528,63.941,30.182,0.21094,0.09766,0.19258
63.0,65.0,8,0.703,,0.0,1.0,1.0038,0.8808,89.898,347.48,244.316,50.499,0.21094,0.09766,0.19258
63.0,65.0,8,0.703,,0.0,1.0,1.0067,0.9325,59.198,348.992,243.495,36.054,0.21094,0.09766,0.19258
63.0,65.0,9,0.703,,0.0,1.0,0.5482,0.9585,166.686,271.164,243.501,64.949,0.21094,0.09766,0.19258
64.0,66.0,5375,0.7345,,0.0,0.942,0.7477,0.8404,26.452,200.734,65.402,34.089,0.22219,0.10562,0.18187
64.0,66.0,26,0.7345,,0.0,1.0,0.8494,0.8931,121.112,311.207,244.693,60.866,0.22219,0.10562,0.18187
64.0,66.0,20,0.7345,,0.0,1.0,0.9648,0.8876,92.02,26.434,245.146,50.762,0.22219,0.10562,0.18187
64.0,66.0,12,0.7345,,0.0,1.0,0.1935,0.9555,160.772,311.472,65.219,58.62,0.22219,0.10562,0.18187
64.0,66.0,24,0.7345,,0.0,0.958,0.9477,0.9099,69.353,31.117,245.235,41.8,0.22219,0.10562,0.18187
64.0,66.0,27,0.7345,,0.0,0.815,0.3636,0.5249,61.306,327.587,64.811,29.676,0.22219,0.10562,0.18187
64.0,66.0,12,0.7345,,0.0,1.0,0.7058,0.9809,90.845,67.249,245.018,51.146,0.22219,0.10562,0.18187
64.0,66.0,9,0.7345,,0.0,1.0,0.3968,0.9678,101.002,102.637,245.345,53.252,0.22219,0.10562,0.18187
65.0,67.0,5071,0.7521,,0.0,0.943,0.7551,0.8315,21.149,200.113,66.35,32.569,0.17443,0.08588,0.1824
65.0,67.0,21,0.7521,,0.0,1.0,0.4085,0.9665,101.667,102.371,246.033,53.602,0.17443,0.08588,0.1824
65.0,67.0,12,0.7521,,0.0,1.0,0.2374,0.9693,159.719,124.079,245.665,60.178,0.17443,0.08588,0.1824
65.0,67.0,11,0.7521,,0.0,1.0,0.182,0.9675,158.408,313.138,65.763,58.519,0.17443,0.08588,0.1824
65.0,67.0,56,0.7521,,0.0,0.607,0.5741,0.9249,70.156,95.922,66.35,43.11,0.17443,0.08588,0.1824
65.0,67.0,29,0.7521,,0.0,1.0,0.958,0.9006,69.919,28.672,245.548,41.854,0.17443,0.08588,0.1824
65.0,67.0,14,0.7521,,0.0,1.0,0.6352,0.9517,40.333,76.61,246.001,33.194,0.17443,0.08588,0.1824
65.0,67.0,20,0.7521,,0.0,0.7,0.3369,0.584,62.625,324.295,65.907,31.206,0.17443,0.08588,0.1824
65.0,67.0,34,0.7521,,0.0,1.0,0.5188,0.9519,130.096,88.73,66.03,60.631,0.17443,0.08588,0.1824
65.0,67.0,13,0.7521,,0.0,1.0,1.0126,0.9035,71.809,355.796,246.022,42.637,0.17443,0.08588,0.1824
65.0,67.0,13,0.7521,,0.0,1.0,0.2172,0.9679,59.643,126.355,246.056,43.991,0.17443,0.08588,0.1824
65.0,67.0,46,0.7521,,0.0,1.0,0.9072,0.9193,121.147,322.162,245.961,60.197,0.17443,0.08588,0.1824
65.0,67.0,10,0.7521,,0.0,1.0,0.8965,0.8988,149.394,319.556,245.828,66.4,0.17443,0.08588,0.1824
65.0,67.0,15,0.7521,,0.0,1.0,0.927,0.9119,96.356,35.153,245.657,52.971,0.17443,0.08588,0.1824
66.0,68.0,4653,0.8501,,0.0,0.944,0.7461,0.8206,15.716,208.08,67.252,29.665,0.21612,0.09607,0.16394
66.0,68.0,59,0.8501,,0.0,0.814,0.5268,0.9466,153.174,89.508,246.802,64.09,0.21612,0.09607,0.16394
66.0,68.0,108,0.8501,,0.0,1.0,0.888,0.8951,137.928,41.866,246.95,63.935,0.21612,0.09607,0.16394
66.0,68.0,36,0.8501,,0.0,1.0,0.3361,0.9402,134.988,111.434,247.025,58.851,0.21612,0.09607,0.16394
66.0,68.0,59,0.8501,,0.0,1.0,0.6885,0.9247,123.197,108.813,66.834,59.773,0.21612,0.09607,0.16394
66.0,68.0,31,0.8501,,0.0,1.0,0.9051,0.9153,120.314,321.349,247.023,60.32,0.21612,0.09607,0.16394
66.0,68.0,9,0.8501,,0.0,1.0,0.4347,0.958,46.705,99.333,246.276,37.399,0.21612,0.09607,0.16394
66.0,68.0,19,0.8501,,0.0,1.0,0.7091,0.9453,100.374,69.013,246.936,53.947,0.21612,0.09607,0.16394
66.0,68.0,8,0.8501,,0.0,1.0,0.9152,0.9019,171.843,321.266,246.2,69.068,0.21612,0.09607,0.16394
66.0,68.0,9,0.8501,,0.0,1.0,0.5709,0.8972,123.26,85.481,246.926,58.953,0.21612,0.09607,0.16394
66.0,68.0,8,0.8501,,0.0,1.0,1.008,0.764,159.258,351.067,246.287,67.58,0.21612,0.09607,0.16394
66.0,68.0,10,0.8501,,0.0,1.0,0.9569,0.9323,97.597,332.069,246.902,53.224,0.21612,0.09607,0.16394
66.0,68.0,8,0.8501,,0.0,1.0,0.073,0.973,39.702,332.015,66.537,42.158,0.21612,0.09607,0.16394
66.0,68.0,8,0.8501,,0.0,1.0,0.6251,0.8662,158.587,281.277,247.083,64.34,0.21612,0.09607,0.16394
66.0,68.0,8,0.8501,,0.0,1.0,0.9964,0.8578,79.045,344.727,246.45,45.233,0.21612,0.09607,0.16394
66.0,68.0,14,0.8501,,0.0,1.0,0.2146,0.9781,59.55,126.342,247.157,44.094,0.21612,0.09607,0.16394
66.0,68.0,17,0.8501,,0.0,0.647,0.3477,0.5373,62.934,323.625,66.916,30.665,0.21612,0.09607,0.16394
66.0,68.0,71,0.8501,,0.0,0.535,0.5791,0.9252,69.428,96.571,66.922,43.029,0.21612,0.09607,0.16394
66.0,68.0,14,0.8501,,0.0,1.0,0.9606,0.8665,79.491,27.632,246.624,45.2,0.21612,0.09607,0.16394
66.0,68.0,8,0.8501,,0.0,1.0,0.6366,0.9394,72.136,76.04,247.268,43.87,0.21612,0.09607,0.16394
66.0,68.0,8,0.8501,,0.0,1.0,0.5311,0.9409,100.599,271.686,246.946,53.135,0.21612,0.09607,0.16394
67.0,69.0,5357,0.8182,,0.0,0.931,0.7527,0.8344,23.809,199.743,68.44,32.937,0.21526,0.0995,0.18642
67.0,69.0,54,0.8182,,0.0,1.0,0.9027,0.9134,123.662,320.123,248.2,61.359,0.21526,0.0995,0.18642
67.0,69.0,15,0.8182,,0.0,1.0,1.0112,0.7844,55.804,7.554,248.203,34.156,0.21526,0.0995,0.18642
67.0,69.0,8,0.8182,,0.0,1.0,0.9919,0.8307,89.349,342.32,247.375,48.5,0.21526,0.0995,0.18642
67.0,69.0,13,0.8182,,0.0,1.0,0.6145,0.9352,68.407,79.31,247.981,42.644,0.21526,0.0995,0.18642
67.0,69.0,9,0.8182,,0.0,1.0,1.0104,0.6701,122.521,6.65,248.256,59.829,0.21526,0.0995,0.18642
67.0,69.0,11,0.8182,,0.0,0.636,0.2914,0.6357,57.147,324.01,68.158,29.375,0.21526,0.0995,0.18642
67.0,69.0,13,0.8182,,0.0,1.0,0.499,0.9233,111.416,86.661,67.561,55.274,0.21526,0.0995,0.18642
67.0,69.0,15,0.8182,,0.0,1.0,0.4128,0.489,62.934,324.011,67.705,29.84,0.21526,0.0995,0.18642
67.0,69.0,10,0.8182,,0.0,1.0,0.1879,0.9702,152.867,131.058,247.766,58.728,0.21526,0.0995,0.18642
67.0,69.0,15,0.8182,,0.0,1.0,0.251,0.9606,59.34,124.401,248.041,44.078,0.21526,0.0995,0.18642
67.0,69.0,10,0.8182,,0.0,1.0,0.9316,0.9816,70.004,326.781,248.318,42.204,0.21526,0.0995,0.18642
68.0,70.0,3276,0.7273,,0.0,0.792,0.7226,0.7339,9.131,199.838,69.481,20.552,0.14791,0.08279,0.12861
68.0,70.0,605,0.7273,,0.0,0.937,0.9549,0.899,110.448,198.32,68.976,57.493,0.14791,0.08279,0.12861
68.0,70.0,71,0.7273,,0.0,0.803,0.4471,0.962,150.211,277.224,68.778,62.308,0.14791,0.08279,0.12861
68.0,70.0,13,0.7273,,0.0,1.0,0.0948,0.959,41.055,329.108,69.236,40.868,0.14791,0.08279,0.12861
68.0,70.0,92,0.7273,ETA,0.609,0.391,0.706,0.9243,162.354,110.905,68.885,66.269,0.14791,0.08279,0.12861
68.0,70.0,25,0.7273,,0.0,1.0,0.5225,0.9409,106.547,270.137,69.264,54.882,0.14791,0.08279,0.12861
68.0,70.0,29,0.7273,,0.0,1.0,0.9246,0.8345,157.502,215.327,69.091,67.304,0.14791,0.08279,0.12861
68.0,70.0,23,0.7273,,0.0,1.0,0.7555,0.9099,162.414,241.296,69.036,66.246,0.14791,0.08279,0.12861
68.0,70.0,11,0.7273,,0.0,1.0,0.5927,0.9492,85.933,262.06,68.96,49.443,0.14791,0.08279,0.12861
68.0,70.0,11,0.7273,,0.0,1.0,0.9481,0.9244,78.508,149.895,68.351,45.537,0.14791,0.08279,0.12861
68.0,70.0,11,0.7273,,0.0,1.0,0.7021,0.8461,139.772,251.685,68.85,62.373,0.14791,0.08279,0.12861
68.0,70.0,9,0.7273,,0.0,1.0,0.9574,0.869,91.809,151.698,69.038,50.631,0.14791,0.08279,0.12861
68.0,70.0,11,0.7273,,0.0,1.0,1.0112,0.5391,69.996,180.384,69.146,38.357,0.14791,0.08279,0.12861
68.0,70.0,8,0.7273,,0.0,1.0,0.7913,0.9234,111.632,237.351,69.159,57.641,0.14791,0.08279,0.12861
68.0,70.0,19,0.7273,EMC,0.579,0.421,0.3242,0.9431,138.261,113.293,248.499,59.154,0.14791,0.08279,0.12861
68.0,70.0,8,0.7273,,0.0,1.0,0.6594,0.9345,123.67,73.908,248.624,60.259,0.14791,0.08279,0.12861
68.0,70.0,41,0.7273,,0.0,1.0,0.6829,0.941,147.0,71.989,248.665,64.504,0.14791,0.08279,0.12861
68.0,70.0,19,0.7273,,0.0,1.0,0.467,0.9226,151.731,97.328,248.993,62.391,0.14791,0.08279,0.12861
68.0,70.0,11,0.7273,,0.0,1.0,0.5824,0.9207,165.497,84.161,248.728,65.106,0.14791,0.08279,0.12861
68.0,70.0,12,0.7273,,0.0,1.0,0.8331,0.9363,139.63,51.221,249.04,64.933,0.14791,0.08279,0.12861
68.0,70.0,12,0.7273,,0.0,1.0,0.9983,1.0022,159.171,165.895,68.575,69.956,0.14791,0.08279,0.12861
68.0,70.0,8,0.7273,,0.0,1.0,0.512,0.9421,52.104,271.372,69.009,38.717,0.14791,0.08279,0.12861
68.0,70.0,49,0.7273,,0.0,0.531,0.5891,0.9191,71.601,96.288,68.876,43.484,0.14791,0.08279,0.12861
68.0,70.0,12,0.7273,,0.0,1.0,0.843,0.9188,119.881,311.029,248.364,59.91,0.14791,0.08279,0.12861
68.0,70.0,8,0.7273,,0.0,1.0,0.9544,0.9446,172.2,151.501,69.005,69.687,0.14791,0.08279,0.12861
68.0,70.0,33,0.7273,,0.0,1.0,0.9979,0.9147,139.542,15.016,249.208,65.88,0.14791,0.08279,0.12861
68.0,70.0,8,0.7273,,0.0,1.0,0.9663,0.8737,72.894,26.415,248.919,42.959,0.14791,0.08279,0.12861
68.0,70.0,8,0.7273,,0.0,1.0,1.013,0.9629,51.951,182.84,69.292,33.196,0.14791,0.08279,0.12861
69.0,71.0,39,0.7377,,0.0,0.949,0.4639,0.943,151.967,97.182,250.104,62.85,0.18702,0.07693,0.1302
69.0,71.0,3703,0.7377,,0.0,0.814,0.7959,0.7635,10.092,199.94,70.25,22.972,0.18702,0.07693,0.1302
69.0,71.0,25,0.7377,,0.0,1.0,1.0044,0.8403,124.58,168.228,70.182,61.185,0.18702,0.07693,0.1302
69.0,71.0,32,0.7377,EMC,0.531,0.469,0.3141,0.9465,133.64,114.469,250.19,58.543,0.18702,0.07693,0.1302
69.0,71.0,15,0.7377,,0.0,1.0,1.0128,0.9333,88.701,4.432,250.183,48.983,0.18702,0.07693,0.1302
69.0,71.0,36,0.7377,,0.0,1.0,0.994,0.9416,140.684,16.328,249.703,66.867,0.18702,0.07693,0.1302
69.0,71.0,20,0.7377,,0.0,1.0,0.9665,0.8079,77.0,26.642,250.242,43.742,0.18702,0.07693,0.1302
69.0,71.0,106,0.7377,ETA,0.509,0.491,0.7086,0.9309,161.717,112.135,69.824,66.35,0.18702,0.07693,0.1302
69.0,71.0,48,0.7377,,0.0,1.0,0.7179,0.9179,118.07,246.425,70.074,58.452,0.18702,0.07693,0.1302
69.0,71.0,27,0.7377,,0.0,1.0,1.0045,0.899,98.082,168.348,70.173,52.426,0.18702,0.07693,0.1302
69.0,71.0,10,0.7377,,0.0,1.0,1.012,0.5273,67.976,184.04,70.388,37.437,0.18702,0.07693,0.1302
69.0,71.0,80,0.7377,,0.0,0.613,0.9368,0.9071,129.965,147.016,70.013,63.292,0.18702,0.07693,0.1302
69.0,71.0,16,0.7377,,0.0,1.0,0.6206,0.9241,122.233,78.933,249.71,58.821,0.18702,0.07693,0.1302
69.0,71.0,9,0.7377,,0.0,1.0,1.0059,0.9853,170.376,169.828,69.964,70.716,0.18702,0.07693,0.1302
69.0,71.0,43,0.7377,MUA,0.558,0.442,0.3937,0.9729,150.594,284.924,69.896,62.021,0.18702,0.07693,0.1302
69.0,71.0,11,0.7377,,0.0,1.0,0.6322,0.9359,139.772,257.392,70.083,63.104,0.18702,0.07693,0.1302
69.0,71.0,25,0.7377,,0.0,0.96,0.9132,0.9458,107.554,142.765,69.875,56.869,0.18702,0.07693,0.1302
69.0,71.0,17,0.7377,,0.0,1.0,0.578,0.9167,79.412,264.014,70.009,45.993,0.18702,0.07693,0.1302
69.0,71.0,17,0.7377,,0.0,1.0,0.514,0.9572,108.209,270.762,69.708,55.0,0.18702,0.07693,0.1302
69.0,71.0,8,0.7377,,0.0,1.0,0.6316,0.9365,49.86,256.87,70.14,35.694,0.18702,0.07693,0.1302
69.0,71.0,9,0.7377,,0.0,1.0,0.8658,0.8524,155.86,46.936,250.089,66.646,0.18702,0.07693,0.1302
69.0,71.0,9,0.7377,,0.0,1.0,0.9231,0.8797,95.098,144.235,69.605,51.697,0.18702,0.07693,0.1302
69.0,71.0,10,0.7377,,0.0,1.0,0.9244,0.8766,117.364,35.635,249.981,59.744,0.18702,0.07693,0.1302
69.0,71.0,17,0.7377,,0.0,1.0,0.4569,0.9283,66.773,277.946,70.14,42.874,0.18702,0.07693,0.1302
69.0,71.0,8,0.7377,,0.0,1.0,0.9405,0.7504,158.318,214.249,69.643,66.728,0.18702,0.07693,0.1302
69.0,71.0,17,0.7377,,0.0,1.0,0.8354,0.9001,139.145,51.275,250.048,64.687,0.18702,0.07693,0.1302
69.0,71.0,8,0.7377,,0.0,1.0,0.5848,0.9412,119.992,263.058,69.928,58.714,0.18702,0.07693,0.1302
69.0,71.0,8,0.7377,,0.0,1.0,1.0009,0.9091,147.616,346.874,249.792,67.433,0.18702,0.07693,0.1302
69.0,71.0,8,0.7377,,0.0,1.0,1.0104,0.912,51.95,186.725,69.831,32.431,0.18702,0.07693,0.1302
69.0,71.0,13,0.7377,,0.0,1.0,0.8433,0.8725,165.932,229.8,69.711,67.929,0.18702,0.07693,0.1302
69.0,71.0,8,0.7377,,0.0,1.0,0.7683,0.8011,163.66,244.297,69.553,65.803,0.18702,0.07693,0.1302
69.0,71.0,10,0.7377,,0.0,1.0,0.2955,0.9589,42.585,297.981,69.942,39.361,0.18702,0.07693,0.1302
69.0,71.0,8,0.7377,,0.0,1.0,0.8703,0.9194,61.694,135.239,70.018,37.9,0.18702,0.07693,0.1302
69.0,71.0,12,0.7377,,0.0,1.0,0.0925,0.9657,41.232,329.519,69.567,41.431,0.18702,0.07693,0.1302
69.0,71.0,51,0.7377,JMC,0.627,0.373,0.6029,0.9044,70.34,98.377,70.185,42.916,0.18702,0.07693,0.1302
70.0,72.0,5315,0.7646,,0.0,0.928,0.7399,0.8399,23.208,193.685,71.495,33.965,0.22458,0.1001,0.18166
70.0,72.0,95,0.7646,PAN,0.347,0.337,0.6385,0.9538,74.924,103.552,71.211,45.08,0.22458,0.1001,0.18166
70.0,72.0,29,0.7646,,0.0,1.0,0.2173,0.9586,55.001,127.282,251.023,41.981,0.22458,0.1001,0.18166
70.0,72.0,28,0.7646,,0.0,1.0,0.8381,0.9337,118.066,309.385,251.232,59.468,0.22458,0.1001,0.18166
70.0,72.0,16,0.7646,,0.0,1.0,0.9284,0.9436,175.526,125.879,160.933,69.751,0.22458,0.1001,0.18166
70.0,72.0,10,0.7646,,0.0,1.0,0.3943,0.9505,34.248,105.397,250.881,35.618,0.22458,0.1001,0.18166
70.0,72.0,9,0.7646,,0.0,1.0,0.8191,0.9635,40.141,53.087,251.252,31.614,0.22458,0.1001,0.18166
70.0,72.0,9,0.7646,,0.0,1.0,0.4355,0.9498,68.947,99.363,250.371,44.29,0.22458,0.1001,0.18166
70.0,72.0,13,0.7646,,0.0,1.0,0.2251,0.9886,153.548,305.518,70.344,59.949,0.22458,0.1001,0.18166
70.0,72.0,11,0.7646,,0.0,0.818,0.3051,0.598,54.727,326.648,71.007,29.532,0.22458,0.1001,0.18166
70.0,72.0,12,0.7646,,0.0,1.0,0.6031,0.9284,49.366,80.261,251.026,36.013,0.22458,0.1001,0.18166
70.0,72.0,11,0.7646,ARI,0.909,0.091,0.0959,0.9641,25.17,32.41,70.734,39.705,0.22458,0.1001,0.18166
71.0,73.0,4272,0.8268,,0.0,0.933,0.7663,0.8142,13.174,204.782,72.287,28.8,0.16011,0.07594,0.16275
71.0,73.0,13,0.8268,,0.0,1.0,0.096,0.9564,40.312,329.181,72.258,40.93,0.16011,0.07594,0.16275
71.0,73.0,27,0.8268,,0.0,1.0,0.4943,0.957,77.656,273.036,72.115,46.149,0.16011,0.07594,0.16275
71.0,73.0,12,0.8268,,0.0,1.0,0.1812,0.989,154.387,311.81,72.378,58.969,0.16011,0.07594,0.16275
71.0,73.0,12,0.8268,,0.0,1.0,0.3052,0.9666,73.087,294.183,72.19,45.932,0.16011,0.07594,0.16275
71.0,73.0,16,0.8268,,0.0,1.0,0.268,0.9498,39.776,300.563,71.877,38.755,0.16011,0.07594,0.16275
71.0,73.0,130,0.8268,,0.0,0.662,0.7042,0.9091,161.412,111.186,71.781,65.782,0.16011,0.07594,0.16275
71.0,73.0,130,0.8268,PAN,0.554,0.192,0.6897,0.9581,88.481,109.305,71.875,49.418,0.16011,0.07594,0.16275
71.0,73.0,34,0.8268,,0.0,1.0,0.8521,0.8928,119.436,311.426,251.683,60.182,0.16011,0.07594,0.16275
71.0,73.0,241,0.8268,,0.0,0.859,0.6009,0.9387,134.563,81.46,251.847,61.079,0.16011,0.07594,0.16275
71.0,73.0,26,0.8268,,0.0,1.0,1.0063,0.8634,118.29,11.828,251.892,59.845,0.16011,0.07594,0.16275
71.0,73.0,28,0.8268,,0.0,1.0,1.0116,0.9465,85.653,18.436,251.641,48.921,0.16011,0.07594,0.16275
71.0,73.0,9,0.8268,ARI,1.0,0.0,0.0948,0.9643,25.674,32.267,72.352,39.779,0.16011,0.07594,0.16275
71.0,73.0,111,0.8268,,0.0,1.0,0.9978,0.9096,146.92,32.07,251.988,67.008,0.16011,0.07594,0.16275
71.0,73.0,11,0.8268,,0.0,1.0,0.9393,0.8894,175.265,32.159,252.144,69.186,0.16011,0.07594,0.16275
71.0,73.0,25,0.8268,,0.0,1.0,0.2307,0.9683,55.001,126.378,251.825,42.678,0.16011,0.07594,0.16275
71.0,73.0,15,0.8268,,0.0,1.0,0.9888,0.7891,125.382,341.183,251.636,61.274,0.16011,0.07594,0.16275
71.0,73.0,21,0.8268,,0.0,1.0,0.9666,0.8263,75.61,25.785,252.003,43.607,0.16011,0.07594,0.16275
71.0,73.0,9,0.8268,,0.0,1.0,0.9935,0.8064,108.152,342.638,251.591,56.166,0.16011,0.07594,0.16275
71.0,73.0,8,0.8268,,0.0,1.0,0.7937,0.8972,36.589,57.931,251.336,27.663,0.16011,0.07594,0.16275
71.0,73.0,8,0.8268,,0.0,1.0,0.9757,0.841,94.669,337.219,252.037,51.886,0.16011,0.07594,0.16275
72.0,74.0,5003,0.9642,,0.0,0.925,0.7483,0.8367,20.699,199.316,73.318,32.159,0.19425,0.09308,0.16953
72.0,74.0,20,0.9642,,0.0,1.0,0.856,0.9384,120.412,311.951,252.773,60.455,0.19425,0.09308,0.16953
72.0,74.0,9,0.9642,,0.0,1.0,0.6718,0.9172,124.83,107.392,73.264,60.698,0.19425,0.09308,0.16953
72.0,74.0,19,0.9642,,0.0,1.0,1.0119,0.8546,143.507,345.333,252.734,66.02,0.19425,0.09308,0.16953
72.0,74.0,13,0.9642,,0.0,1.0,1.0096,0.8261,112.164,10.686,252.852,57.919,0.19425,0.09308,0.16953
72.0,74.0,8,0.9642,,0.0,1.0,0.9501,0.887,176.536,31.733,252.425,69.322,0.19425,0.09308,0.16953
72.0,74.0,9,0.9642,,0.0,1.0,0.9745,0.884,124.695,336.449,252.914,62.191,0.19425,0.09308,0.16953
72.0,74.0,21,0.9642,,0.0,1.0,0.2393,0.964,54.054,123.706,252.615,42.227,0.19425,0.09308,0.16953
72.0,74.0,9,0.9642,,0.0,1.0,0.182,0.961,154.506,134.266,253.114,57.653,0.19425,0.09308,0.16953
72.0,74.0,11,0.9642,,0.0,1.0,0.1769,0.9829,154.693,311.728,72.551,58.889,0.19425,0.09308,0.16953
72.0,74.0,10,0.9642,,0.0,1.0,0.4211,0.9678,49.177,103.085,253.061,39.708,0.19425,0.09308,0.16953
72.0,74.0,55,0.9642,PAN,0.945,0.055,0.7157,0.9728,89.207,113.643,72.421,50.311,0.19425,0.09308,0.16953
72.0,74.0,73,0.9642,JMC,0.589,0.411,0.6039,0.9306,69.885,98.552,73.12,42.918,0.19425,0.09308,0.16953
72.0,74.0,10,0.9642,,0.0,0.8,0.5668,0.9725,55.303,83.494,252.974,39.223,0.19425,0.09308,0.16953
72.0,74.0,26,0.9642,,0.0,1.0,0.9523,0.8249,71.731,30.113,253.018,41.955,0.19425,0.09308,0.16953
72.0,74.0,16,0.9642,,0.0,1.0,1.013,0.9269,86.365,351.618,252.961,49.115,0.19425,0.09308,0.16953
72.0,74.0,9,0.9642,,0.0,1.0,0.9744,0.8892,93.95,336.646,252.199,52.274,0.19425,0.09308,0.16953
72.0,74.0,27,0.9642,ARI,0.889,0.111,0.0889,0.9645,26.866,31.036,73.044,39.779,0.19425,0.09308,0.16953
72.0,74.0,10,0.9642,,0.0,1.0,1.0118,0.931,61.228,14.543,252.82,37.375,0.19425,0.09308,0.16953
73.0,75.0,4891,0.836,,0.0,0.911,0.7508,0.8365,21.104,203.012,74.396,31.985,0.18144,0.09634,0.18627
73.0,75.0,16,0.836,,0.0,0.625,0.2215,0.726,57.422,331.376,74.266,29.806,0.18144,0.09634,0.18627
73.0,75.0,278,0.836,,0.0,0.917,0.5837,0.9344,135.743,82.413,254.079,60.904,0.18144,0.09634,0.18627
73.0,75.0,44,0.836,,0.0,1.0,0.969,0.8315,75.627,25.814,254.152,43.505,0.18144,0.09634,0.18627
73.0,75.0,65,0.836,,0.0,1.0,1.004,0.8698,150.028,33.007,254.156,67.301,0.18144,0.09634,0.18627
73.0,75.0,26,0.836,,0.0,1.0,0.6644,0.9379,123.033,105.64,74.092,59.007,0.18144,0.09634,0.18627
73.0,75.0,39,0.836,,0.0,1.0,0.9674,0.8813,125.515,26.114,254.069,62.431,0.18144,0.09634,0.18627
73.0,75.0,32,0.836,ARI,1.0,0.0,0.082,0.971,27.173,29.912,74.167,40.728,0.18144,0.09634,0.18627
73.0,75.0,35,0.836,,0.0,1.0,0.8665,0.9499,122.028,313.646,254.111,61.457,0.18144,0.09634,0.18627
73.0,75.0,16,0.836,,0.0,1.0,1.0126,0.9167,84.676,351.116,254.019,48.021,0.18144,0.09634,0.18627
73.0,75.0,14,0.836,,0.0,0.643,0.544,0.9736,54.967,88.317,254.482,38.981,0.18144,0.09634,0.18627
74.0,76.0,5490,0.716,,0.0,0.916,0.7366,0.8503,27.992,192.883,75.546,35.157,0.21011,0.08902,0.22248
74.0,76.0,21,0.716,,0.0,1.0,0.1742,0.964,144.91,312.737,75.171,57.624,0.21011,0.08902,0.22248
74.0,76.0,13,0.716,JDP,0.615,0.385,0.5896,0.9631,55.554,81.044,254.945,39.21,0.21011,0.08902,0.22248
74.0,76.0,37,0.716,ARI,0.973,0.027,0.0772,0.9725,27.554,29.219,74.881,41.021,0.21011,0.08902,0.22248
74.0,76.0,14,0.716,,0.0,1.0,0.4215,0.9557,139.576,78.572,74.917,60.228,0.21011,0.08902,0.22248
75.0,77.0,4341,0.7048,,0.0,0.903,0.6949,0.83,13.19,202.229,76.454,30.06,0.23185,0.09119,0.15809
75.0,77.0,345,0.7048,,0.0,0.907,0.6227,0.9313,137.042,78.075,255.904,60.343,0.23185,0.09119,0.15809
75.0,77.0,72,0.7048,,0.0,1.0,1.0054,0.8593,142.852,14.863,255.887,65.895,0.23185,0.09119,0.15809
75.0,77.0,23,0.7048,,0.0,1.0,0.9096,0.9392,120.447,321.932,256.104,60.839,0.23185,0.09119,0.15809
75.0,77.0,11,0.7048,,0.0,1.0,0.9754,0.8492,135.647,336.814,255.89,64.248,0.23185,0.09119,0.15809
75.0,77.0,50,0.7048,JMC,0.52,0.48,0.6417,0.9153,69.973,102.679,76.156,42.71,0.23185,0.09119,0.15809
75.0,77.0,28,0.7048,,0.0,1.0,0.9734,0.8396,77.784,24.155,255.924,44.427,0.23185,0.09119,0.15809
75.0,77.0,10,0.7048,,0.0,1.0,0.4551,0.9272,80.786,277.18,76.382,46.981,0.23185,0.09119,0.15809
75.0,77.0,27,0.7048,,0.0,1.0,0.6653,0.9207,158.689,286.143,255.76,65.692,0.23185,0.09119,0.15809
75.0,77.0,17,0.7048,,0.0,1.0,0.3189,0.9706,75.107,293.711,75.999,46.596,0.23185,0.09119,0.15809
75.0,77.0,33,0.7048,,0.0,1.0,0.2476,0.9441,51.55,125.038,255.808,41.866,0.23185,0.09119,0.15809
75.0,77.0,14,0.7048,,0.0,1.0,1.0128,0.949,99.442,8.892,255.374,54.334,0.23185,0.09119,0.15809
75.0,77.0,43,0.7048,,0.0,0.535,0.2165,0.7451,54.877,330.697,76.273,30.692,0.23185,0.09119,0.15809
75.0,77.0,16,0.7048,,0.0,1.0,0.4404,0.9476,104.509,101.487,256.4,53.375,0.23185,0.09119,0.15809
75.0,77.0,22,0.7048,,0.0,1.0,0.6406,0.9417,126.261,104.43,76.101,61.119,0.23185,0.09119,0.15809
75.0,77.0,11,0.7048,,0.0,1.0,1.0034,0.9369,85.263,347.642,256.162,48.519,0.23185,0.09119,0.15809
75.0,77.0,21,0.7048,,0.0,1.0,0.4514,0.9515,107.86,281.298,75.969,54.289,0.23185,0.09119,0.15809
75.0,77.0,29,0.7048,,0.0,1.0,0.9595,0.8917,173.43,156.453,76.354,69.075,0.23185,0.09119,0.15809
75.0,77.0,14,0.7048,,0.0,1.0,0.4033,0.9632,60.51,283.705,76.015,42.252,0.23185,0.09119,0.15809
75.0,77.0,12,0.7048,,0.0,1.0,0.7996,0.8296,135.119,303.509,255.867,62.293,0.23185,0.09119,0.15809
75.0,77.0,8,0.7048,,0.0,1.0,1.0125,0.928,120.615,354.333,256.423,61.624,0.23185,0.09119,0.15809
75.0,77.0,8,0.7048,JDP,0.625,0.375,0.59,0.931,53.681,82.175,255.932,37.815,0.23185,0.09119,0.15809
75.0,77.0,38,0.7048,ARI,0.974,0.026,0.0756,0.9732,28.17,28.645,75.887,41.129,0.23185,0.09119,0.15809
76.0,78.0,5304,0.6793,,0.0,0.91,0.7403,0.8463,27.606,193.573,77.614,34.377,0.19657,0.08774,0.21299
76.0,78.0,20,0.6793,,0.0,0.65,0.561,0.9499,56.361,85.045,257.08,39.665,0.19657,0.08774,0.21299
76.0,78.0,25,0.6793,,0.0,1.0,0.2538,0.9644,52.185,123.122,257.222,42.444,0.19657,0.08774,0.21299
76.0,78.0,11,0.6793,,0.0,1.0,0.2992,0.9818,74.71,295.029,76.589,47.24,0.19657,0.08774,0.21299
76.0,78.0,51,0.6793,ARI,0.882,0.02,0.0717,0.9756,29.198,28.116,77.198,41.465,0.19657,0.08774,0.21299
76.0,78.0,52,0.6793,,0.0,0.538,0.634,0.9187,69.613,102.201,76.992,42.299,0.19657,0.08774,0.21299
76.0,78.0,12,0.6793,,0.0,1.0,0.9603,0.9445,64.185,332.9,256.704,39.305,0.19657,0.08774,0.21299
76.0,78.0,9,0.6793,,0.0,1.0,0.4359,0.9669,153.948,261.585,256.891,62.892,0.19657,0.08774,0.21299
76.0,78.0,10,0.6793,,0.0,1.0,0.8285,0.7961,167.972,304.925,256.95,66.761,0.19657,0.08774,0.21299
77.0,79.0,4695,0.6642,,0.0,0.904,0.7549,0.8298,18.005,202.835,78.364,31.105,0.22496,0.07681,0.18198
77.0,79.0,48,0.6642,,0.0,1.0,0.924,0.8905,123.893,323.819,257.755,61.562,0.22496,0.07681,0.18198
77.0,79.0,251,0.6642,,0.0,1.0,0.7912,0.9247,118.009,56.802,258.051,59.475,0.22496,0.07681,0.18198
77.0,79.0,52,0.6642,,0.0,0.519,0.3086,0.9323,131.624,116.993,258.154,57.936,0.22496,0.07681,0.18198
77.0,79.0,29,0.6642,,0.0,1.0,0.2341,0.9671,52.052,124.648,258.347,42.686,0.22496,0.07681,0.18198
77.0,79.0,36,0.6642,,0.0,1.0,0.0853,0.8987,51.373,158.952,258.351,33.87,0.22496,0.07681,0.18198
77.0,79.0,12,0.6642,,0.0,0.667,0.5853,0.9369,55.059,81.767,257.438,38.577,0.22496,0.07681,0.18198
77.0,79.0,25,0.6642,,0.0,1.0,0.4524,0.9564,73.539,278.718,77.877,45.292,0.22496,0.07681,0.18198
77.0,79.0,21,0.6642,,0.0,1.0,0.2692,0.9894,73.324,298.28,78.113,47.288,0.22496,0.07681,0.18198
77.0,79.0,10,0.6642,,0.0,1.0,0.4031,0.9894,111.595,102.158,258.298,56.072,0.22496,0.07681,0.18198
77.0,79.0,10,0.6642,,0.0,1.0,0.3124,0.9848,101.159,113.706,258.329,53.399,0.22496,0.07681,0.18198
77.0,79.0,9,0.6642,,0.0,1.0,0.5551,0.914,157.91,272.609,258.047,63.902,0.22496,0.07681,0.18198
77.0,79.0,8,0.6642,,0.0,1.0,0.402,0.9645,119.651,282.995,77.908,57.944,0.22496,0.07681,0.18198
77.0,79.0,11,0.6642,,0.0,1.0,0.5639,0.9622,51.794,264.648,77.832,37.394,0.22496,0.07681,0.18198
77.0,79.0,12,0.6642,,0.0,1.0,0.2157,0.7385,50.1,151.101,258.451,29.432,0.22496,0.07681,0.18198
77.0,79.0,10,0.6642,,0.0,1.0,0.6977,0.9526,127.465,290.999,257.746,61.367,0.22496,0.07681,0.18198
77.0,79.0,8,0.6642,,0.0,1.0,0.3474,0.9606,71.763,109.617,258.196,45.029,0.22496,0.07681,0.18198
77.0,79.0,57,0.6642,ARI,0.825,0.035,0.07,0.9744,30.136,27.553,77.699,41.332,0.22496,0.07681,0.18198
78.0,80.0,4119,0.6613,,0.0,0.893,0.7261,0.8165,12.855,208.348,79.37,28.866,0.20357,0.10212,0.14708
78.0,80.0,17,0.6613,,0.0,1.0,0.2345,0.9575,161.678,127.324,259.35,58.718,0.20357,0.10212,0.14708
78.0,80.0,39,0.6613,,0.0,1.0,0.0823,0.9103,49.144,158.811,259.194,34.546,0.20357,0.10212,0.14708
78.0,80.0,91,0.6613,,0.0,1.0,0.7647,0.9043,161.896,118.33,79.144,66.721,0.20357,0.10212,0.14708
78.0,80.0,19,0.6613,,0.0,1.0,0.9761,0.8557,78.392,23.217,259.107,44.912,0.20357,0.10212,0.14708
78.0,80.0,67,0.6613,,0.0,0.642,0.6288,0.9218,67.319,101.406,78.836,41.729,0.20357,0.10212,0.14708
78.0,80.0,181,0.6613,,0.0,0.834,0.5587,0.9405,131.663,87.245,259.054,59.469,0.20357,0.10212,0.14708
78.0,80.0,28,0.6613,,0.0,1.0,0.248,0.9698,50.203,123.855,258.972,42.199,0.20357,0.10212,0.14708
78.0,80.0,13,0.6613,,0.0,1.0,0.9379,0.8479,110.775,33.934,258.411,57.143,0.20357,0.10212,0.14708
78.0,80.0,29,0.6613,,0.0,1.0,0.1882,0.7864,48.167,148.634,259.296,31.423,0.20357,0.10212,0.14708
78.0,80.0,23,0.6613,,0.0,0.913,0.9298,0.9165,119.506,324.785,259.169,60.776,0.20357,0.10212,0.14708
78.0,80.0,11,0.6613,,0.0,1.0,0.8148,0.9037,168.968,306.509,259.43,67.447,0.20357,0.10212,0.14708
78.0,80.0,34,0.6613,,0.0,1.0,0.7698,0.9514,108.261,59.686,259.282,56.575,0.20357,0.10212,0.14708
78.0,80.0,17,0.6613,,0.0,1.0,0.2725,0.9754,72.983,298.28,78.53,47.08,0.20357,0.10212,0.14708
78.0,80.0,13,0.6613,,0.0,1.0,0.3586,0.9688,58.221,109.198,259.172,42.088,0.20357,0.10212,0.14708
78.0,80.0,16,0.6613,,0.0,1.0,1.01,0.8514,166.154,9.416,259.162,68.65,0.20357,0.10212,0.14708
78.0,80.0,37,0.6613,,0.0,1.0,1.0056,0.9298,146.484,17.065,258.783,67.523,0.20357,0.10212,0.14708
78.0,80.0,29,0.6613,,0.0,1.0,0.966,0.915,171.936,153.512,79.05,69.197,0.20357,0.10212,0.14708
78.0,80.0,18,0.6613,,0.0,1.0,1.0068,0.8754,126.826,347.861,259.233,62.59,0.20357,0.10212,0.14708
78.0,80.0,9,0.6613,,0.0,1.0,0.7724,0.9186,139.356,119.944,78.971,64.014,0.20357,0.10212,0.14708
78.0,80.0,16,0.6613,,0.0,1.0,0.4418,0.9139,160.83,101.06,259.224,63.107,0.20357,0.10212,0.14708
78.0,80.0,14,0.6613,,0.0,0.857,0.2089,0.9441,146.248,308.105,79.077,58.053,0.20357,0.10212,0.14708
78.0,80.0,10,0.6613,,0.0,1.0,0.423,0.9868,52.596,280.014,78.724,39.995,0.20357,0.10212,0.14708
78.0,80.0,8,0.6613,,0.0,1.0,0.5197,0.9328,111.73,270.049,79.051,55.604,0.20357,0.10212,0.14708
78.0,80.0,8,0.6613,,0.0,1.0,0.6489,0.8712,162.155,281.48,258.943,64.561,0.20357,0.10212,0.14708
78.0,80.0,63,0.6613,ARI,0.857,0.0,0.0663,0.9758,29.949,26.683,79.034,41.508,0.20357,0.10212,0.14708
78.0,80.0,22,0.6613,,0.0,1.0,0.9224,0.9587,89.172,324.686,259.468,50.343,0.20357,0.10212,0.14708
79.0,81.0,5205,0.6737,,0.0,0.913,0.7366,0.8371,24.783,192.654,80.585,32.86,0.22922,0.09495,0.18126
79.0,81.0,42,0.6737,,0.0,0.81,0.9254,0.9408,119.742,324.924,259.94,60.755,0.22922,0.09495,0.18126
79.0,81.0,52,0.6737,,0.0,0.692,0.6259,0.9295,66.228,101.596,79.77,41.545,0.22922,0.09495,0.18126
79.0,81.0,19,0.6737,,0.0,0.737,0.5759,0.987,55.712,82.307,260.256,39.615,0.22922,0.09495,0.18126
79.0,81.0,20,0.6737,,0.0,1.0,0.8441,0.8623,164.025,309.328,259.552,66.91,0.22922,0.09495,0.18126
79.0,81.0,8,0.6737,,0.0,1.0,1.0139,0.9199,97.347,352.417,259.507,53.107,0.22922,0.09495,0.18126
79.0,81.0,39,0.6737,,0.0,1.0,0.2709,0.9678,53.303,119.538,259.658,41.982,0.22922,0.09495,0.18126
79.0,81.0,26,0.6737,,0.0,1.0,0.1783,0.8005,47.159,148.703,259.444,31.369,0.22922,0.09495,0.18126
79.0,81.0,9,0.6737,,0.0,1.0,0.2789,0.9912,72.905,297.196,79.839,47.203,0.22922,0.09495,0.18126
79.0,81.0,21,0.6737,,0.0,0.952,0.194,0.9475,140.516,311.032,79.691,56.362,0.22922,0.09495,0.18126
79.0,81.0,60,0.6737,ARI,0.717,0.017,0.0642,0.9763,30.155,26.047,80.288,41.555,0.22922,0.09495,0.18126
79.0,81.0,15,0.6737,,0.0,1.0,0.9206,0.8984,88.76,323.206,259.514,49.478,0.22922,0.09495,0.18126
80.0,82.0,5543,0.6431,,0.0,0.906,0.7339,0.8453,35.16,190.013,81.577,34.331,0.24864,0.09472,0.20092
80.0,82.0,69,0.6431,ARI,0.58,0.058,0.0654,0.9749,30.96,26.22,80.973,41.39,0.24864,0.09472,0.20092
81.0,83.0,4738,0.5861,,0.0,0.852,0.751,0.8301,20.232,207.807,82.388,31.376,0.16653,0.09424,0.24428
81.0,83.0,32,0.5861,,0.0,1.0,0.2757,0.9687,55.493,119.321,261.69,42.15,0.16653,0.09424,0.24428
81.0,83.0,242,0.5861,,0.0,0.917,0.626,0.9362,137.341,80.218,261.953,60.512,0.16653,0.09424,0.24428
81.0,83.0,50,0.5861,ARI,0.52,0.06,0.0645,0.9729,31.459,25.864,81.634,41.278,0.16653,0.09424,0.24428
81.0,83.0,72,0.5861,,0.0,1.0,1.0003,0.8713,148.234,338.005,261.956,66.838,0.16653,0.09424,0.24428
81.0,83.0,49,0.5861,,0.0,0.837,0.9301,0.8891,120.692,325.473,261.845,60.576,0.16653,0.09424,0.24428
81.0,83.0,51,0.5861,,0.0,1.0,0.9889,0.8953,107.658,20.601,262.058,56.497,0.16653,0.09424,0.24428
81.0,83.0,19,0.5861,,0.0,0.684,0.6401,0.8612,68.587,101.093,82.363,41.509,0.16653,0.09424,0.24428
81.0,83.0,15,0.5861,,0.0,1.0,0.9771,0.853,81.113,22.735,262.302,45.934,0.16653,0.09424,0.24428
81.0,83.0,26,0.5861,,0.0,0.654,0.5727,0.9835,55.935,83.016,262.101,39.64,0.16653,0.09424,0.24428
81.0,83.0,13,0.5861,,0.0,1.0,0.8991,0.854,173.793,41.688,261.516,68.161,0.16653,0.09424,0.24428
81.0,83.0,8,0.5861,,0.0,1.0,0.7662,0.9198,168.602,299.765,262.038,67.506,0.16653,0.09424,0.24428
81.0,83.0,8,0.5861,,0.0,1.0,0.4016,0.9732,110.111,102.716,261.968,55.49,0.16653,0.09424,0.24428
82.0,84.0,5589,0.5895,,0.0,0.854,0.7923,0.8471,42.767,194.797,83.429,36.223,0.21446,0.11186,0.20976
82.0,84.0,16,0.5895,,0.0,1.0,0.7505,0.8435,169.435,295.791,262.692,66.286,0.21446,0.11186,0.20976
82.0,84.0,33,0.5895,,0.0,0.909,0.6164,0.9228,60.638,101.737,82.759,40.469,0.21446,0.11186,0.20976
82.0,84.0,35,0.5895,ARI,0.543,0.086,0.0588,0.9745,31.749,25.099,83.313,41.318,0.21446,0.11186,0.20976
82.0,84.0,20,0.5895,,0.0,1.0,0.4547,0.9581,160.181,263.987,262.986,63.396,0.21446,0.11186,0.20976
83.0,85.0,2671,0.5865,,0.0,0.86,0.6121,0.771,7.074,206.195,84.753,23.463,0.1872,0.09277,0.14031
83.0,85.0,1389,0.5865,,0.0,0.791,0.9349,0.9142,119.824,192.558,84.004,59.571,0.1872,0.09277,0.14031
83.0,85.0,136,0.5865,,0.0,0.522,0.1077,0.9314,42.964,330.699,84.06,38.084,0.1872,0.09277,0.14031
83.0,85.0,17,0.5865,,0.0,1.0,0.9754,0.8351,75.472,24.196,264.029,43.431,0.1872,0.09277,0.14031
83.0,85.0,37,0.5865,,0.0,0.865,0.8998,0.9296,122.522,319.76,263.914,61.148,0.1872,0.09277,0.14031
83.0,85.0,27,0.5865,,0.0,1.0,0.9605,0.8893,124.634,27.757,264.042,61.904,0.1872,0.09277,0.14031
83.0,85.0,34,0.5865,,0.0,1.0,0.0897,0.9447,37.921,152.147,264.335,38.592,0.1872,0.09277,0.14031
83.0,85.0,11,0.5865,,0.0,1.0,0.1733,0.8132,37.158,147.822,264.19,29.944,0.1872,0.09277,0.14031
83.0,85.0,50,0.5865,,0.0,0.76,0.4723,0.9431,154.493,96.015,264.284,62.597,0.1872,0.09277,0.14031
83.0,85.0,9,0.5865,,0.0,0.556,0.7169,0.9773,72.732,65.674,264.392,43.474,0.1872,0.09277,0.14031
83.0,85.0,20,0.5865,,0.0,1.0,0.8815,0.8787,49.097,224.825,83.981,32.079,0.1872,0.09277,0.14031
83.0,85.0,32,0.5865,,0.0,1.0,0.2896,0.9554,127.953,119.185,264.183,57.11,0.1872,0.09277,0.14031
83.0,85.0,14,0.5865,,0.0,1.0,1.0104,0.8769,54.73,171.626,83.703,33.414,0.1872,0.09277,0.14031
83.0,85.0,44,0.5865,,0.0,1.0,0.7327,0.9657,97.802,65.128,264.147,53.649,0.1872,0.09277,0.14031
83.0,85.0,45,0.5865,,0.0,1.0,0.7533,0.8775,158.955,63.424,264.13,65.773,0.1872,0.09277,0.14031
83.0,85.0,9,0.5865,,0.0,1.0,0.2957,0.9758,47.889,295.614,83.402,40.702,0.1872,0.09277,0.14031
83.0,85.0,16,0.5865,,0.0,1.0,0.8381,0.9208,75.971,129.422,84.514,44.587,0.1872,0.09277,0.14031
83.0,85.0,8,0.5865,,0.0,1.0,1.0152,0.9232,62.198,2.685,263.641,37.482,0.1872,0.09277,0.14031
83.0,85.0,24,0.5865,,0.0,1.0,0.4711,0.959,73.834,275.125,84.27,45.089,0.1872,0.09277,0.14031
83.0,85.0,8,0.5865,,0.0,1.0,0.8661,0.9076,122.952,46.25,263.702,61.081,0.1872,0.09277,0.14031
83.0,85.0,11,0.5865,,0.0,1.0,0.6876,0.9386,95.124,251.533,84.083,52.755,0.1872,0.09277,0.14031
83.0,85.0,8,0.5865,,0.0,1.0,0.8055,0.8336,75.639,57.035,264.011,44.021,0.1872,0.09277,0.14031
83.0,85.0,14,0.5865,,0.0,1.0,1.0145,0.8162,129.581,181.288,264.108,62.679,0.1872,0.09277,0.14031
83.0,85.0,8,0.5865,,0.0,1.0,0.9909,0.9568,145.602,18.364,264.233,67.497,0.1872,0.09277,0.14031
83.0,85.0,9,0.5865,,0.0,1.0,0.4556,0.9752,107.039,96.88,263.548,55.455,0.1872,0.09277,0.14031
83.0,85.0,8,0.5865,,0.0,1.0,0.7835,0.9109,59.168,120.101,83.872,37.466,0.1872,0.09277,0.14031
83.0,85.0,8,0.5865,,0.0,1.0,0.6939,0.8827,122.5,69.866,263.888,59.319,0.1872,0.09277,0.14031
83.0,85.0,16,0.5865,JDP,0.625,0.375,0.5672,0.987,55.88,83.419,264.07,39.526,0.1872,0.09277,0.14031
83.0,85.0,20,0.5865,,0.0,1.0,0.2768,0.9612,48.919,120.665,263.698,41.094,0.1872,0.09277,0.14031
83.0,85.0,48,0.5865,JEA,0.542,0.021,0.0649,0.9656,33.765,25.171,84.243,40.401,0.1872,0.09277,0.14031
83.0,85.0,13,0.5865,,0.0,1.0,0.5931,0.9289,60.586,98.931,83.946,39.978,0.1872,0.09277,0.14031
84.0,86.0,4599,0.5569,,0.0,0.859,0.7438,0.8225,16.713,195.152,85.331,29.787,0.16522,0.11251,0.1602
84.0,86.0,32,0.5569,,0.0,0.812,0.4405,0.9586,48.365,279.521,84.968,38.218,0.16522,0.11251,0.1602
84.0,86.0,27,0.5569,,0.0,1.0,0.2614,0.966,45.363,121.399,264.872,40.408,0.16522,0.11251,0.1602
84.0,86.0,96,0.5569,,0.0,0.875,0.7067,0.9613,93.311,67.323,264.979,51.214,0.16522,0.11251,0.1602
84.0,86.0,16,0.5569,JDP,0.5,0.5,0.5673,0.9846,55.805,83.516,265.196,39.364,0.16522,0.11251,0.1602
84.0,86.0,79,0.5569,,0.0,1.0,1.0074,0.8894,144.435,17.539,265.152,66.314,0.16522,0.11251,0.1602
84.0,86.0,154,0.5569,,0.0,0.896,0.6806,0.9285,151.694,72.478,265.055,63.905,0.16522,0.11251,0.1602
84.0,86.0,67,0.5569,,0.0,1.0,0.9697,0.9222,97.248,25.249,265.134,52.859,0.16522,0.11251,0.1602
84.0,86.0,16,0.5569,,0.0,1.0,0.6353,0.8879,175.069,81.129,265.242,65.688,0.16522,0.11251,0.1602
84.0,86.0,23,0.5569,,0.0,0.783,0.9174,0.9083,121.671,322.009,264.825,61.114,0.16522,0.11251,0.1602
84.0,86.0,36,0.5569,ARI,0.556,0.083,0.0592,0.9766,33.518,23.908,84.642,41.833,0.16522,0.11251,0.1602
84.0,86.0,8,0.5569,,0.0,1.0,0.6146,0.9048,139.83,279.802,264.645,62.265,0.16522,0.11251,0.1602
84.0,86.0,10,0.5569,,0.0,1.0,0.9811,0.9543,57.352,21.571,265.125,35.797,0.16522,0.11251,0.1602
84.0,86.0,15,0.5569,,0.0,0.533,0.4155,0.9581,120.455,281.144,85.215,57.328,0.16522,0.11251,0.1602
84.0,86.0,21,0.5569,,0.0,1.0,0.4118,0.9561,108.62,102.124,265.248,54.855,0.16522,0.11251,0.1602
84.0,86.0,17,0.5569,,0.0,1.0,0.6489,0.8704,166.685,282.611,265.289,65.046,0.16522,0.11251,0.1602
84.0,86.0,32,0.5569,,0.0,1.0,0.3101,0.9347,130.87,115.896,264.996,57.487,0.16522,0.11251,0.1602
84.0,86.0,8,0.5569,,0.0,1.0,0.7054,0.8623,121.164,69.96,264.602,59.143,0.16522,0.11251,0.1602
84.0,86.0,15,0.5569,,0.0,1.0,0.494,0.9501,122.644,87.022,85.236,57.415,0.16522,0.11251,0.1602
85.0,87.0,4279,0.5389,,0.0,0.85,0.7354,0.8142,14.065,194.286,86.451,28.22,0.20152,0.0831,0.15635
85.0,87.0,196,0.5389,,0.0,0.903,0.4988,0.9367,145.647,93.885,266.071,62.293,0.20152,0.0831,0.15635
85.0,87.0,34,0.5389,,0.0,1.0,0.9521,0.9268,78.408,30.563,266.228,45.889,0.20152,0.0831,0.15635
85.0,87.0,54,0.5389,,0.0,1.0,0.5252,0.9629,104.783,90.269,265.799,54.638,0.20152,0.0831,0.15635
85.0,87.0,154,0.5389,,0.0,0.903,0.5829,0.9559,75.257,262.383,86.155,45.31,0.20152,0.0831,0.15635
85.0,87.0,34,0.5389,,0.0,1.0,0.6467,0.9544,65.357,103.18,86.124,41.07,0.20152,0.0831,0.15635
85.0,87.0,157,0.5389,,0.0,1.0,0.965,0.9126,133.719,35.693,266.022,63.805,0.20152,0.0831,0.15635
85.0,87.0,43,0.5389,,0.0,1.0,1.0128,0.8308,171.7,188.225,86.636,68.941,0.20152,0.0831,0.15635
85.0,87.0,33,0.5389,,0.0,0.576,0.7231,0.9619,72.918,65.515,265.439,44.087,0.20152,0.0831,0.15635
85.0,87.0,23,0.5389,JDP,0.652,0.348,0.5761,0.9816,56.756,83.125,266.0,40.104,0.20152,0.0831,0.15635
85.0,87.0,13,0.5389,,0.0,1.0,0.9458,0.9297,154.208,329.061,265.493,67.936,0.20152,0.0831,0.15635
85.0,87.0,25,0.5389,,0.0,1.0,0.9599,0.8809,172.483,159.074,86.755,69.011,0.20152,0.0831,0.15635
85.0,87.0,25,0.5389,,0.0,0.76,0.9383,0.9387,120.185,327.525,266.386,60.534,0.20152,0.0831,0.15635
85.0,87.0,9,0.5389,,0.0,1.0,1.015,0.9216,74.347,4.145,265.47,43.733,0.20152,0.0831,0.15635
85.0,87.0,10,0.5389,,0.0,1.0,0.79,0.8879,64.865,240.365,86.303,39.74,0.20152,0.0831,0.15635
85.0,87.0,22,0.5389,,0.0,0.682,0.4008,0.9315,118.452,284.122,86.048,56.798,0.20152,0.0831,0.15635
85.0,87.0,10,0.5389,,0.0,1.0,0.2774,0.9735,42.619,118.569,266.08,40.223,0.20152,0.0831,0.15635
85.0,87.0,11,0.5389,JEA,0.727,0.0,0.0471,0.9816,33.96,22.215,85.886,42.612,0.20152,0.0831,0.15635
86.0,88.0,3958,0.5336,,0.0,0.867,0.7428,0.8082,11.561,204.121,87.388,26.927,0.24611,0.08027,0.13149
86.0,88.0,87,0.5336,,0.0,0.713,0.448,0.9339,157.513,98.671,267.011,62.526,0.24611,0.08027,0.13149
86.0,88.0,68,0.5336,,0.0,0.588,0.3454,0.9687,162.257,290.227,86.938,62.0,0.24611,0.08027,0.13149
86.0,88.0,21,0.5336,JTS,0.952,0.048,0.3856,0.9807,35.56,284.83,87.071,36.723,0.24611,0.08027,0.13149
86.0,88.0,11,0.5336,,0.0,1.0,0.5529,0.9486,135.24,93.246,87.153,61.46,0.24611,0.08027,0.13149
86.0,88.0,9,0.5336,,0.0,1.0,0.5593,0.9439,70.103,266.886,86.905,43.707,0.24611,0.08027,0.13149
86.0,88.0,17,0.5336,,0.0,1.0,0.5104,0.967,141.767,270.332,87.34,61.987,0.24611,0.08027,0.13149
86.0,88.0,13,0.5336,TSC,0.538,0.462,0.9346,0.9601,120.54,326.648,267.008,61.237,0.24611,0.08027,0.13149
86.0,88.0,18,0.5336,,0.0,1.0,0.9931,0.9267,134.908,17.581,267.137,65.401,0.24611,0.08027,0.13149
86.0,88.0,8,0.5336,,0.0,1.0,0.8772,0.6235,45.365,229.962,86.72,27.613,0.24611,0.08027,0.13149
86.0,88.0,10,0.5336,,0.0,1.0,0.965,0.9083,176.03,156.737,87.327,69.549,0.24611,0.08027,0.13149
86.0,88.0,8,0.5336,,0.0,1.0,0.8452,0.9079,145.451,49.646,266.689,65.876,0.24611,0.08027,0.13149
86.0,88.0,19,0.5336,,0.0,1.0,0.467,0.9561,108.883,96.072,266.54,55.476,0.24611,0.08027,0.13149
86.0,88.0,9,0.5336,,0.0,1.0,0.635,1.0087,129.612,75.342,267.297,61.625,0.24611,0.08027,0.13149
86.0,88.0,22,0.5336,,0.0,1.0,1.0061,0.8885,154.328,168.359,87.002,68.002,0.24611,0.08027,0.13149
86.0,88.0,15,0.5336,,0.0,1.0,0.9486,0.9167,83.245,149.127,86.563,47.234,0.24611,0.08027,0.13149
86.0,88.0,8,0.5336,,0.0,1.0,1.0036,0.6919,56.701,194.021,87.356,33.594,0.24611,0.08027,0.13149
86.0,88.0,8,0.5336,,0.0,1.0,0.9566,0.9454,110.379,28.166,266.337,58.143,0.24611,0.08027,0.13149
86.0,88.0,9,0.5336,,0.0,1.0,0.5439,0.9787,60.069,267.112,86.828,40.786,0.24611,0.08027,0.13149
86.0,88.0,8,0.5336,,0.0,1.0,1.0092,0.8836,156.056,9.569,266.541,68.403,0.24611,0.08027,0.13149
86.0,88.0,15,0.5336,JDP,0.6,0.4,0.5603,0.9841,57.499,84.692,266.5,40.127,0.24611,0.08027,0.13149
86.0,88.0,52,0.5336,,0.0,0.827,0.1188,0.9271,39.91,148.715,266.862,37.696,0.24611,0.08027,0.13149
86.0,88.0,9,0.5336,M25O1,0.556,0.444,0.4216,0.9548,117.407,281.476,86.949,56.673,0.24611,0.08027,0.13149
86.0,88.0,30,0.5336,,0.0,1.0,0.2929,0.9224,128.49,120.857,266.908,56.33,0.24611,0.08027,0.13149
86.0,88.0,18,0.5336,,0.0,1.0,0.2964,0.9645,43.413,116.037,267.116,38.862,0.24611,0.08027,0.13149
86.0,88.0,8,0.5336,,0.0,1.0,0.2514,0.9624,62.746,302.213,87.103,44.044,0.24611,0.08027,0.13149
87.0,89.0,3576,0.6081,,0.0,0.883,0.8263,0.8031,12.255,190.957,88.281,26.752,0.2007,0.05462,0.17525
87.0,89.0,17,0.6081,JTS,0.647,0.353,0.3852,0.9788,35.945,284.703,87.952,36.77,0.2007,0.05462,0.17525
87.0,89.0,218,0.6081,,0.0,0.459,0.1132,0.9223,42.566,329.382,87.903,37.464,0.2007,0.05462,0.17525
87.0,89.0,12,0.6081,,0.0,1.0,0.9857,0.9539,90.538,20.305,268.123,50.86,0.2007,0.05462,0.17525
87.0,89.0,38,0.6081,,0.0,1.0,0.9668,0.9256,147.365,25.495,267.712,66.989,0.2007,0.05462,0.17525
87.0,89.0,10,0.6081,SZC,0.9,0.1,0.0672,0.97,41.951,153.688,268.588,41.574,0.2007,0.05462,0.17525
87.0,89.0,34,0.6081,,0.0,0.824,0.1106,0.9451,38.772,149.151,267.931,38.926,0.2007,0.05462,0.17525
87.0,89.0,12,0.6081,M25O1,0.583,0.417,0.4211,0.9652,119.922,280.589,88.01,57.855,0.2007,0.05462,0.17525
87.0,89.0,10,0.6081,,0.0,1.0,0.9208,0.9186,69.043,143.595,88.103,41.578,0.2007,0.05462,0.17525
87.0,89.0,9,0.6081,,0.0,1.0,0.546,0.9251,151.916,87.862,267.681,63.696,0.2007,0.05462,0.17525
87.0,89.0,24,0.6081,OAQ,0.792,0.208,0.3954,0.9577,163.456,283.68,87.725,63.251,0.2007,0.05462,0.17525
87.0,89.0,10,0.6081,,0.0,1.0,0.696,0.9727,98.162,249.007,87.646,53.66,0.2007,0.05462,0.17525
87.0,89.0,13,0.6081,,0.0,1.0,0.1538,0.8314,42.719,149.413,267.799,31.36,0.2007,0.05462,0.17525
87.0,89.0,10,0.6081,,0.0,1.0,1.015,0.9808,143.328,353.61,267.843,67.945,0.2007,0.05462,0.17525
87.0,89.0,16,0.6081,,0.0,1.0,0.8196,0.8845,114.772,233.992,88.095,58.431,0.2007,0.05462,0.17525
87.0,89.0,8,0.6081,,0.0,1.0,0.2903,0.9718,43.681,116.596,267.757,39.806,0.2007,0.05462,0.17525
87.0,89.0,8,0.6081,ADS,1.0,0.0,0.37,0.9425,162.164,108.216,268.026,62.089,0.2007,0.05462,0.17525
87.0,89.0,8,0.6081,,0.0,1.0,0.5196,0.9443,135.439,270.323,87.401,61.06,0.2007,0.05462,0.17525
87.0,89.0,8,0.6081,DPI,0.625,0.375,0.9012,0.9,177.972,139.901,88.221,69.015,0.2007,0.05462,0.17525
87.0,89.0,8,0.6081,,0.0,1.0,0.4819,0.8938,161.154,97.022,267.828,62.889,0.2007,0.05462,0.17525
87.0,89.0,8,0.6081,,0.0,0.75,0.4105,0.971,151.775,101.795,267.428,62.568,0.2007,0.05462,0.17525
87.0,89.0,8,0.6081,,0.0,1.0,0.0753,0.9621,5.501,332.108,88.311,38.861,0.2007,0.05462,0.17525
87.0,89.0,18,0.6081,TSC,0.667,0.333,0.9301,0.9408,120.061,325.759,268.094,60.864,0.2007,0.05462,0.17525
88.0,90.0,4690,0.6216,,0.0,0.834,0.7759,0.8266,26.622,198.891,89.363,31.987,0.16146,0.10121,0.176
88.0,90.0,23,0.6216,,0.0,1.0,0.4958,0.9558,126.156,93.295,269.073,59.137,0.16146,0.10121,0.176
88.0,90.0,189,0.6216,,0.0,1.0,0.9648,0.8799,146.936,48.242,269.117,65.755,0.16146,0.10121,0.176
88.0,90.0,10,0.6216,,0.0,1.0,0.9214,0.7796,176.795,215.809,89.755,67.68,0.16146,0.10121,0.176
88.0,90.0,95,0.6216,,0.0,0.821,0.3456,0.956,151.307,110.744,269.082,60.621,0.16146,0.10121,0.176
88.0,90.0,13,0.6216,,0.0,1.0,0.6831,0.8289,172.121,78.039,269.29,65.675,0.16146,0.10121,0.176
88.0,90.0,18,0.6216,,0.0,1.0,0.9114,0.9186,67.273,140.736,88.734,40.185,0.16146,0.10121,0.176
88.0,90.0,13,0.6216,,0.0,1.0,0.7858,0.9582,65.736,122.626,88.948,40.68,0.16146,0.10121,0.176
88.0,90.0,10,0.6216,,0.0,1.0,1.011,0.9665,74.461,351.855,268.804,43.619,0.16146,0.10121,0.176
88.0,90.0,30,0.6216,,0.0,1.0,0.4703,0.9733,101.731,94.704,269.25,54.993,0.16146,0.10121,0.176
88.0,90.0,17,0.6216,JDP,0.529,0.471,0.5818,0.967,55.956,82.362,269.029,39.223,0.16146,0.10121,0.176
88.0,90.0,12,0.6216,,0.0,1.0,0.8393,0.8261,70.424,52.401,269.547,41.953,0.16146,0.10121,0.176
88.0,90.0,15,0.6216,,0.0,1.0,0.7849,0.9201,119.33,57.901,269.308,59.667,0.16146,0.10121,0.176
88.0,90.0,18,0.6216,TSC,0.556,0.444,0.9177,0.9291,121.576,323.448,268.505,61.371,0.16146,0.10121,0.176
88.0,90.0,10,0.6216,,0.0,1.0,0.2921,0.9442,44.657,116.839,269.151,39.243,0.16146,0.10121,0.176
88.0,90.0,11,0.6216,,0.0,1.0,1.0027,0.9087,60.252,14.234,269.087,36.662,0.16146,0.10121,0.176
88.0,90.0,13,0.6216,,0.0,1.0,0.9975,0.8949,85.27,16.657,269.774,47.438,0.16146,0.10121,0.176
88.0,90.0,10,0.6216,M25O2,0.5,0.5,0.658,0.8616,73.872,76.145,269.821,43.29,0.16146,0.10121,0.176
88.0,90.0,8,0.6216,,0.0,1.0,0.6978,0.9285,175.784,289.369,269.496,66.755,0.16146,0.10121,0.176
89.0,91.0,4640,0.5712,,0.0,0.809,0.7503,0.8291,21.117,195.342,90.276,31.294,0.23783,0.07607,0.16675
89.0,91.0,303,0.5712,,0.0,0.983,0.9248,0.8963,129.156,65.368,270.029,62.124,0.23783,0.07607,0.16675
89.0,91.0,63,0.5712,,0.0,1.0,1.004,0.8898,75.439,19.471,270.033,43.563,0.23783,0.07607,0.16675
89.0,91.0,21,0.5712,,0.0,1.0,0.7016,0.9335,176.361,289.152,270.015,67.04,0.23783,0.07607,0.16675
89.0,91.0,25,0.5712,,0.0,1.0,0.3216,0.9413,130.015,115.112,270.146,57.669,0.23783,0.07607,0.16675
89.0,91.0,18,0.5712,,0.0,0.833,0.4779,0.9453,161.001,96.08,269.968,63.505,0.23783,0.07607,0.16675
89.0,91.0,9,0.5712,,0.0,1.0,0.4864,0.968,33.844,93.45,270.105,34.238,0.23783,0.07607,0.16675
89.0,91.0,11,0.5712,JTS,0.818,0.182,0.3853,0.972,35.562,284.531,90.094,36.119,0.23783,0.07607,0.16675
89.0,91.0,17,0.5712,,0.0,0.765,0.2691,0.9663,153.585,119.548,270.06,60.057,0.23783,0.07607,0.16675
89.0,91.0,10,0.5712,,0.0,1.0,0.47,0.9236,113.772,97.598,270.217,56.134,0.23783,0.07607,0.16675
89.0,91.0,16,0.5712,,0.0,1.0,0.5601,0.9594,68.444,94.638,90.29,43.189,0.23783,0.07607,0.16675
89.0,91.0,12,0.5712,,0.0,1.0,0.8114,0.818,71.587,55.978,270.059,42.163,0.23783,0.07607,0.16675
89.0,91.0,9,0.5712,,0.0,1.0,0.8053,0.9383,65.011,124.883,89.477,40.628,0.23783,0.07607,0.16675
89.0,91.0,12,0.5712,,0.0,1.0,0.3961,0.9706,90.775,103.791,270.7,50.319,0.23783,0.07607,0.16675
90.0,92.0,5290,0.6058,,0.0,0.828,0.7522,0.8477,37.612,190.203,91.409,35.355,0.21206,0.10844,0.17845
90.0,92.0,19,0.6058,,0.0,1.0,1.002,0.9685,91.205,14.001,270.88,51.318,0.21206,0.10844,0.17845
90.0,92.0,26,0.6058,,0.0,0.962,0.8262,0.8863,77.708,53.363,270.928,44.606,0.21206,0.10844,0.17845
90.0,92.0,20,0.6058,,0.0,1.0,0.5872,0.9613,65.476,98.151,91.08,41.956,0.21206,0.10844,0.17845
90.0,92.0,26,0.6058,,0.0,1.0,0.885,0.9587,111.221,43.583,271.048,57.745,0.21206,0.10844,0.17845
90.0,92.0,29,0.6058,,0.0,1.0,1.0076,0.8722,68.741,345.496,270.926,40.099,0.21206,0.10844,0.17845
90.0,92.0,17,0.6058,,0.0,1.0,0.3219,0.9407,63.163,113.574,270.922,42.72,0.21206,0.10844,0.17845
90.0,92.0,11,0.6058,,0.0,1.0,0.7621,0.9257,70.917,119.009,91.182,42.426,0.21206,0.10844,0.17845
90.0,92.0,9,0.6058,,0.0,1.0,0.484,0.9361,132.462,87.256,90.914,60.175,0.21206,0.10844,0.17845
90.0,92.0,8,0.6058,,0.0,0.75,0.6514,0.9449,70.732,75.729,270.951,43.329,0.21206,0.10844,0.17845
90.0,92.0,9,0.6058,,0.0,1.0,0.1169,0.9691,139.017,320.429,90.664,55.284,0.21206,0.10844,0.17845
90.0,92.0,11,0.6058,,0.0,1.0,0.3259,0.979,144.379,68.395,90.976,60.231,0.21206,0.10844,0.17845
90.0,92.0,10,0.6058,,0.0,1.0,0.9623,0.9388,63.03,26.909,271.577,38.889,0.21206,0.10844,0.17845
91.0,93.0,5479,0.5959,,0.0,0.831,0.7591,0.8598,43.98,190.934,92.348,38.31,0.1993,0.09846,0.19372
91.0,93.0,8,0.5959,,0.0,1.0,0.1027,0.9442,28.459,31.26,92.266,37.992,0.1993,0.09846,0.19372
91.0,93.0,45,0.5959,,0.0,1.0,1.0013,0.8958,69.753,16.449,271.971,41.355,0.1993,0.09846,0.19372
91.0,93.0,14,0.5959,,0.0,1.0,1.006,0.9328,77.646,347.998,272.295,45.215,0.1993,0.09846,0.19372
91.0,93.0,15,0.5959,,0.0,1.0,0.8137,0.7664,68.126,59.004,272.148,39.505,0.1993,0.09846,0.19372
92.0,94.0,5213,0.5709,,0.0,0.807,0.8102,0.8575,42.362,199.801,93.259,37.506,0.20153,0.08428,0.20795
92.0,94.0,18,0.5709,,0.0,1.0,0.2281,0.9547,132.997,125.9,272.283,56.978,0.20153,0.08428,0.20795
92.0,94.0,67,0.5709,,0.0,1.0,0.764,0.9175,79.702,61.82,272.796,46.087,0.20153,0.08428,0.20795
92.0,94.0,11,0.5709,,0.0,1.0,0.4374,0.9632,112.622,100.046,272.628,55.182,0.20153,0.08428,0.20795
92.0,94.0,9,0.5709,,0.0,1.0,0.0544,0.9799,7.255,156.582,272.288,41.408,0.20153,0.08428,0.20795
92.0,94.0,9,0.5709,,0.0,1.0,0.4666,0.9871,89.58,95.104,273.44,50.669,0.20153,0.08428,0.20795
92.0,94.0,8,0.5709,,0.0,1.0,0.9534,0.922,26.598,150.695,93.321,21.465,0.20153,0.08428,0.20795
92.0,94.0,16,0.5709,,0.0,1.0,0.3822,0.9647,138.938,74.702,93.104,60.632,0.20153,0.08428,0.20795
92.0,94.0,60,0.5709,,0.0,1.0,1.0068,0.921,79.181,29.589,272.801,45.779,0.20153,0.08428,0.20795
92.0,94.0,22,0.5709,,0.0,1.0,0.91,0.9391,118.33,321.943,272.972,59.996,0.20153,0.08428,0.20795
93.0,95.0,4683,0.5956,,0.0,0.778,0.8304,0.8532,37.885,205.754,94.104,35.331,0.25428,0.08836,0.15311
93.0,95.0,100,0.5956,,0.0,0.57,0.1003,0.9471,36.607,149.444,274.117,38.736,0.25428,0.08836,0.15311
93.0,95.0,30,0.5956,,0.0,0.633,0.73,0.941,172.293,293.149,273.785,67.295,0.25428,0.08836,0.15311
93.0,95.0,17,0.5956,,0.0,0.529,0.3752,0.9581,118.683,286.817,93.79,56.892,0.25428,0.08836,0.15311
93.0,95.0,22,0.5956,,0.0,1.0,1.0127,0.9299,78.775,350.701,273.781,45.716,0.25428,0.08836,0.15311
93.0,95.0,56,0.5956,,0.0,0.679,0.4043,0.9452,157.658,105.52,274.11,61.182,0.25428,0.08836,0.15311
93.0,95.0,12,0.5956,,0.0,1.0,0.3975,0.915,79.066,285.492,93.464,46.374,0.25428,0.08836,0.15311
93.0,95.0,13,0.5956,,0.0,1.0,1.0136,0.7918,151.965,352.767,274.023,67.122,0.25428,0.08836,0.15311
93.0,95.0,14,0.5956,,0.0,1.0,1.0007,0.9071,142.993,14.794,274.236,66.304,0.25428,0.08836,0.15311
93.0,95.0,15,0.5956,,0.0,1.0,0.8507,0.8978,131.558,49.503,274.266,62.431,0.25428,0.08836,0.15311
93.0,95.0,14,0.5956,,0.0,1.0,0.5274,0.9577,106.888,89.346,273.535,54.476,0.25428,0.08836,0.15311
93.0,95.0,17,0.5956,,0.0,1.0,0.9207,0.8739,117.6,322.785,274.058,59.273,0.25428,0.08836,0.15311
93.0,95.0,12,0.5956,,0.0,1.0,0.6211,0.8954,157.048,79.892,274.074,64.594,0.25428,0.08836,0.15311
93.0,95.0,10,0.5956,,0.0,1.0,0.9965,0.8689,173.899,163.541,93.904,69.419,0.25428,0.08836,0.15311
93.0,95.0,8,0.5956,,0.0,1.0,0.9488,0.8704,151.433,328.767,274.717,67.254,0.25428,0.08836,0.15311
93.0,95.0,11,0.5956,,0.0,1.0,0.7603,0.9132,147.54,62.978,274.658,64.847,0.25428,0.08836,0.15311
93.0,95.0,8,0.5956,,0.0,1.0,0.405,0.9464,130.468,76.375,93.687,58.94,0.25428,0.08836,0.15311
93.0,95.0,9,0.5956,,0.0,1.0,0.2802,0.957,44.035,298.698,93.628,39.304,0.25428,0.08836,0.15311
93.0,95.0,10,0.5956,,0.0,1.0,0.5611,0.9282,63.13,93.101,93.835,41.478,0.25428,0.08836,0.15311
93.0,95.0,9,0.5956,,0.0,1.0,0.7506,0.7693,74.26,65.898,273.705,42.347,0.25428,0.08836,0.15311
94.0,96.0,5499,0.5971,,0.0,0.798,0.7834,0.8678,43.993,195.473,95.416,39.014,0.26585,0.08844,0.20894
94.0,96.0,16,0.5971,,0.0,1.0,0.3654,0.99,150.257,73.43,95.086,61.394,0.26585,0.08844,0.20894
94.0,96.0,12,0.5971,,0.0,1.0,0.3499,0.931,120.876,112.062,274.794,55.887,0.26585,0.08844,0.20894
94.0,96.0,8,0.5971,,0.0,1.0,0.4112,0.9785,92.599,101.633,275.21,51.112,0.26585,0.08844,0.20894
94.0,96.0,10,0.5971,,0.0,1.0,0.2542,0.9296,130.735,124.703,275.506,55.477,0.26585,0.08844,0.20894
95.0,97.0,5272,0.5783,,0.0,0.802,0.8037,0.8663,42.263,195.033,96.344,39.041,0.23724,0.0824,0.21786
95.0,97.0,23,0.5783,,0.0,1.0,0.5063,0.9092,164.157,94.449,275.761,63.525,0.23724,0.0824,0.21786
95.0,97.0,26,0.5783,,0.0,1.0,0.3595,0.9427,122.247,112.388,276.074,55.974,0.23724,0.0824,0.21786
95.0,97.0,27,0.5783,ADS,0.593,0.407,0.2747,0.9391,160.953,120.57,276.055,60.125,0.23724,0.0824,0.21786
95.0,97.0,11,0.5783,,0.0,1.0,0.1805,0.9787,169.743,310.719,95.828,59.239,0.23724,0.0824,0.21786
95.0,97.0,8,0.5783,,0.0,1.0,0.3971,0.9788,89.243,103.645,275.63,50.424,0.23724,0.0824,0.21786
95.0,97.0,8,0.5783,,0.0,1.0,0.5731,0.944,37.642,83.881,276.091,33.108,0.23724,0.0824,0.21786
95.0,97.0,11,0.5783,,0.0,1.0,0.4102,0.9685,43.837,101.462,276.126,37.417,0.23724,0.0824,0.21786
95.0,97.0,8,0.5783,,0.0,1.0,0.6242,0.9326,74.357,78.09,276.047,44.882,0.23724,0.0824,0.21786
95.0,97.0,8,0.5783,EPR,0.875,0.125,0.1446,0.9795,61.347,42.968,96.142,44.86,0.23724,0.0824,0.21786
96.0,98.0,5345,0.5439,,0.0,0.816,0.7852,0.8667,43.087,193.632,97.37,39.336,0.18731,0.08779,0.19782
96.0,98.0,20,0.5439,,0.0,0.65,0.3477,0.945,117.126,291.106,97.085,55.453,0.18731,0.08779,0.19782
96.0,98.0,9,0.5439,,0.0,1.0,0.3991,0.9208,77.711,283.245,96.229,46.832,0.18731,0.08779,0.19782
96.0,98.0,19,0.5439,,0.0,1.0,0.3301,0.9428,121.692,113.371,276.811,55.168,0.18731,0.08779,0.19782
96.0,98.0,13,0.5439,,0.0,1.0,0.3251,0.9133,58.027,293.639,97.206,41.686,0.18731,0.08779,0.19782
96.0,98.0,15,0.5439,,0.0,1.0,0.6381,0.9808,71.553,104.074,96.664,44.188,0.18731,0.08779,0.19782
96.0,98.0,9,0.5439,EPR,0.889,0.111,0.133,0.9803,59.731,40.697,96.376,44.931,0.18731,0.08779,0.19782
96.0,98.0,8,0.5439,,0.0,1.0,0.5813,0.8644,142.907,94.832,97.068,61.811,0.18731,0.08779,0.19782
97.0,99.0,5174,0.5426,,0.0,0.819,0.7664,0.8643,39.312,187.192,98.363,38.126,0.20658,0.07799,0.20136
97.0,99.0,44,0.5426,,0.0,1.0,0.295,0.9642,158.365,297.494,97.994,60.215,0.20658,0.07799,0.20136
97.0,99.0,17,0.5426,,0.0,1.0,0.3111,0.9214,126.251,116.114,278.431,55.999,0.20658,0.07799,0.20136
97.0,99.0,8,0.5426,,0.0,1.0,0.4038,0.9994,142.002,78.232,97.719,61.728,0.20658,0.07799,0.20136
97.0,99.0,8,0.5426,,0.0,1.0,0.7829,0.9411,35.327,58.187,278.543,28.534,0.20658,0.07799,0.20136
97.0,99.0,15,0.5426,,0.0,1.0,0.7894,0.9448,138.14,303.069,277.751,63.511,0.20658,0.07799,0.20136
97.0,99.0,16,0.5426,,0.0,0.625,0.3952,0.9701,115.877,283.305,97.571,56.484,0.20658,0.07799,0.20136
97.0,99.0,14,0.5426,,0.0,1.0,0.1674,0.9748,140.669,134.126,277.765,56.981,0.20658,0.07799,0.20136
97.0,99.0,10,0.5426,,0.0,1.0,0.3414,0.9451,53.557,293.107,97.433,41.015,0.20658,0.07799,0.20136
97.0,99.0,11,0.5426,,0.0,1.0,0.9932,0.9372,58.47,17.751,278.251,36.274,0.20658,0.07799,0.20136
97.0,99.0,8,0.5426,,0.0,1.0,0.4246,0.9162,160.562,257.476,278.204,62.192,0.20658,0.07799,0.20136
97.0,99.0,8,0.5426,EPR,1.0,0.0,0.1287,0.9822,59.787,40.713,97.521,45.123,0.20658,0.07799,0.20136
98.0,100.0,4112,0.6212,,0.0,0.787,0.7191,0.8524,30.933,192.456,99.176,33.65,0.20501,0.08862,0.13562
98.0,100.0,48,0.6212,JXA,0.604,0.396,0.7774,0.9613,173.497,301.447,278.775,68.217,0.20501,0.08862,0.13562
98.0,100.0,37,0.6212,,0.0,1.0,0.7478,0.9237,104.616,63.781,279.056,54.79,0.20501,0.08862,0.13562
98.0,100.0,27,0.6212,,0.0,1.0,1.0123,0.6436,24.91,11.117,279.408,17.076,0.20501,0.08862,0.13562
98.0,100.0,13,0.6212,,0.0,1.0,0.3204,0.9453,130.811,114.491,278.554,57.461,0.20501,0.08862,0.13562
98.0,100.0,34,0.6212,,0.0,1.0,0.3081,0.9644,161.554,294.936,99.13,61.384,0.20501,0.08862,0.13562
98.0,100.0,30,0.6212,,0.0,1.0,0.8308,0.8086,74.854,53.874,278.689,42.478,0.20501,0.08862,0.13562
98.0,100.0,8,0.6212,,0.0,1.0,0.6612,0.9442,169.112,253.078,98.913,66.702,0.20501,0.08862,0.13562
98.0,100.0,11,0.6212,,0.0,1.0,1.0116,0.9223,161.935,351.754,279.135,68.987,0.20501,0.08862,0.13562
98.0,100.0,18,0.6212,,0.0,0.944,0.9997,0.8502,82.693,344.469,278.852,46.729,0.20501,0.08862,0.13562
98.0,100.0,12,0.6212,,0.0,1.0,1.0029,0.9051,167.701,166.294,99.104,69.497,0.20501,0.08862,0.13562
98.0,100.0,8,0.6212,,0.0,1.0,0.7477,0.9219,161.959,242.802,98.668,67.227,0.20501,0.08862,0.13562
98.0,100.0,10,0.6212,,0.0,1.0,0.9936,0.9391,110.411,17.686,278.778,57.81,0.20501,0.08862,0.13562
98.0,100.0,10,0.6212,,0.0,1.0,1.0136,0.921,78.682,6.37,278.924,45.269,0.20501,0.08862,0.13562
98.0,100.0,24,0.6212,,0.0,1.0,0.2374,0.9638,160.631,126.306,279.145,59.354,0.20501,0.08862,0.13562
98.0,100.0,29,0.6212,,0.0,1.0,0.7013,0.9231,141.695,69.254,278.672,63.676,0.20501,0.08862,0.13562
98.0,100.0,9,0.6212,,0.0,1.0,0.5613,0.9313,66.205,264.977,98.919,42.359,0.20501,0.08862,0.13562
98.0,100.0,13,0.6212,,0.0,1.0,0.9105,0.9178,121.124,321.403,278.597,60.469,0.20501,0.08862,0.13562
98.0,100.0,9,0.6212,,0.0,1.0,0.4358,0.9541,158.737,99.634,278.879,63.105,0.20501,0.08862,0.13562
98.0,100.0,13,0.6212,,0.0,1.0,1.0045,0.7542,124.254,13.679,279.122,60.122,0.20501,0.08862,0.13562
98.0,100.0,10,0.6212,,0.0,1.0,0.2699,0.9571,65.565,299.803,98.652,43.964,0.20501,0.08862,0.13562
98.0,100.0,15,0.6212,,0.0,1.0,0.7335,0.4257,78.756,267.156,99.318,39.513,0.20501,0.08862,0.13562
99.0,101.0,4719,0.731,,0.0,0.799,0.7636,0.8639,37.364,195.718,100.245,37.226,0.16353,0.08809,0.20152
99.0,101.0,8,0.731,,0.0,1.0,0.1838,0.9902,160.343,311.533,99.99,59.399,0.16353,0.08809,0.20152
99.0,101.0,71,0.731,,0.0,1.0,0.9686,0.8921,148.519,31.862,279.961,66.883,0.16353,0.08809,0.20152
99.0,101.0,8,0.731,,0.0,1.0,0.9874,0.9394,91.034,340.44,280.876,50.982,0.16353,0.08809,0.20152
99.0,101.0,48,0.731,JXA,0.708,0.292,0.7827,0.94,172.186,300.681,280.138,67.918,0.16353,0.08809,0.20152
99.0,101.0,64,0.731,,0.0,1.0,0.5362,0.9179,156.682,88.475,279.9,62.889,0.16353,0.08809,0.20152
99.0,101.0,22,0.731,,0.0,1.0,0.2496,0.9731,161.541,122.951,279.754,60.403,0.16353,0.08809,0.20152
99.0,101.0,17,0.731,,0.0,1.0,0.9997,0.8376,74.279,344.874,279.994,43.564,0.16353,0.08809,0.20152
99.0,101.0,45,0.731,,0.0,1.0,0.716,0.935,99.067,68.189,279.846,53.342,0.16353,0.08809,0.20152
99.0,101.0,8,0.731,,0.0,1.0,0.4818,0.9716,139.641,85.533,99.641,61.681,0.16353,0.08809,0.20152
99.0,101.0,10,0.731,,0.0,1.0,0.3586,0.9725,138.189,71.109,99.868,59.812,0.16353,0.08809,0.20152
99.0,101.0,24,0.731,,0.0,1.0,0.8146,0.8385,78.493,57.433,279.841,44.355,0.16353,0.08809,0.20152
99.0,101.0,8,0.731,,0.0,1.0,0.9926,0.7193,97.92,18.943,279.884,51.839,0.16353,0.08809,0.20152
99.0,101.0,18,0.731,,0.0,1.0,0.7287,0.4395,78.373,266.032,99.512,39.503,0.16353,0.08809,0.20152
99.0,101.0,11,0.731,,0.0,1.0,0.6991,0.8811,145.738,69.913,279.794,63.842,0.16353,0.08809,0.20152
99.0,101.0,11,0.731,,0.0,1.0,0.8956,0.8103,121.124,318.482,280.121,59.399,0.16353,0.08809,0.20152
99.0,101.0,16,0.731,,0.0,1.0,0.7981,0.9355,137.043,56.654,279.951,64.04,0.16353,0.08809,0.20152
99.0,101.0,11,0.731,,0.0,1.0,0.9615,0.8158,85.885,28.471,279.486,48.294,0.16353,0.08809,0.20152
99.0,101.0,8,0.731,,0.0,1.0,0.199,0.7244,71.027,337.061,100.702,31.738,0.16353,0.08809,0.20152
99.0,101.0,8,0.731,,0.0,1.0,1.0155,0.9073,64.436,5.998,279.674,38.796,0.16353,0.08809,0.20152
99.0,101.0,8,0.731,,0.0,1.0,0.9482,0.7232,172.148,212.377,99.845,67.335,0.16353,0.08809,0.20152
99.0,101.0,24,0.731,,0.0,1.0,1.0043,0.8713,120.608,16.206,279.655,60.459,0.16353,0.08809,0.20152
100.0,102.0,5156,0.7016,,0.0,0.788,0.763,0.8689,41.375,184.57,101.577,39.348,0.24602,0.08844,0.18713
100.0,102.0,96,0.7016,,0.0,0.958,1.0025,0.8958,87.804,337.997,281.534,49.466,0.24602,0.08844,0.18713
100.0,102.0,25,0.7016,,0.0,1.0,0.9225,0.8717,120.537,324.049,281.099,60.178,0.24602,0.08844,0.18713
100.0,102.0,20,0.7016,,0.0,1.0,0.5566,0.9357,49.326,86.953,281.738,36.519,0.24602,0.08844,0.18713
100.0,102.0,9,0.7016,,0.0,1.0,0.7787,0.9543,35.829,57.887,281.433,28.879,0.24602,0.08844,0.18713
100.0,102.0,9,0.7016,,0.0,1.0,0.9838,0.8649,146.29,338.232,281.611,66.36,0.24602,0.08844,0.18713
100.0,102.0,10,0.7016,,0.0,1.0,0.8946,0.9064,81.323,318.58,281.318,45.481,0.24602,0.08844,0.18713
100.0,102.0,40,0.7016,,0.0,1.0,0.2697,0.9603,158.835,120.397,281.661,60.394,0.24602,0.08844,0.18713
100.0,102.0,15,0.7016,,0.0,1.0,0.2985,0.9628,162.904,296.493,101.081,61.088,0.24602,0.08844,0.18713
100.0,102.0,15,0.7016,,0.0,1.0,0.4186,0.9399,114.101,284.646,101.507,55.917,0.24602,0.08844,0.18713
100.0,102.0,8,0.7016,,0.0,1.0,0.0512,0.9772,13.43,157.829,280.976,40.998,0.24602,0.08844,0.18713
101.0,103.0,4566,0.6371,,0.0,0.77,0.7595,0.8545,35.334,192.392,102.464,36.942,0.19052,0.07791,0.16176
101.0,103.0,54,0.6371,,0.0,1.0,0.9331,0.8796,124.759,35.517,281.944,61.334,0.19052,0.07791,0.16176
101.0,103.0,106,0.6371,,0.0,0.925,0.9993,0.918,90.412,340.466,282.058,50.261,0.19052,0.07791,0.16176
101.0,103.0,32,0.6371,,0.0,1.0,0.7981,0.7815,79.073,58.885,282.056,44.284,0.19052,0.07791,0.16176
101.0,103.0,8,0.6371,,0.0,1.0,0.9056,0.8121,100.092,41.513,282.432,53.197,0.19052,0.07791,0.16176
101.0,103.0,64,0.6371,,0.0,1.0,0.6532,0.9313,108.524,73.998,282.0,55.454,0.19052,0.07791,0.16176
101.0,103.0,103,0.6371,,0.0,1.0,0.5018,0.9328,156.254,94.215,281.991,62.458,0.19052,0.07791,0.16176
101.0,103.0,9,0.6371,,0.0,1.0,0.569,0.9498,63.44,263.725,101.928,41.259,0.19052,0.07791,0.16176
101.0,103.0,22,0.6371,,0.0,1.0,0.6147,0.9159,99.82,260.547,102.089,53.166,0.19052,0.07791,0.16176
101.0,103.0,15,0.6371,,0.0,1.0,0.8886,0.8548,172.385,42.38,281.968,68.326,0.19052,0.07791,0.16176
101.0,103.0,18,0.6371,,0.0,1.0,0.9485,0.874,118.838,329.273,281.989,59.722,0.19052,0.07791,0.16176
101.0,103.0,8,0.6371,,0.0,1.0,0.8224,0.9026,143.205,52.971,281.972,64.84,0.19052,0.07791,0.16176
101.0,103.0,10,0.6371,,0.0,1.0,1.013,0.771,113.286,8.041,282.123,57.348,0.19052,0.07791,0.16176
101.0,103.0,11,0.6371,,0.0,1.0,0.9962,0.8313,146.29,343.15,281.955,66.141,0.19052,0.07791,0.16176
101.0,103.0,8,0.6371,,0.0,0.875,0.5723,0.7529,144.117,270.464,101.891,60.111,0.19052,0.07791,0.16176
101.0,103.0,14,0.6371,,0.0,1.0,0.281,0.9761,152.797,298.035,102.261,60.375,0.19052,0.07791,0.16176
101.0,103.0,8,0.6371,,0.0,1.0,0.463,0.9728,135.193,84.72,101.967,61.148,0.19052,0.07791,0.16176
101.0,103.0,13,0.6371,,0.0,0.615,0.2079,0.6756,60.664,345.366,102.367,27.001,0.19052,0.07791,0.16176
101.0,103.0,8,0.6371,,0.0,1.0,0.7186,0.9543,66.316,113.121,101.805,41.606,0.19052,0.07791,0.16176
101.0,103.0,11,0.6371,,0.0,1.0,0.887,0.931,60.179,42.164,281.967,36.965,0.19052,0.07791,0.16176
101.0,103.0,9,0.6371,,0.0,1.0,0.7913,0.9115,35.531,58.302,282.082,27.909,0.19052,0.07791,0.16176
102.0,104.0,5561,0.6489,,0.0,0.793,0.758,0.8679,44.457,188.75,103.572,39.471,0.20444,0.092,0.21417
102.0,104.0,20,0.6489,,0.0,1.0,0.3922,0.9708,143.941,74.435,102.717,61.464,0.20444,0.092,0.21417
102.0,104.0,9,0.6489,,0.0,1.0,0.133,0.9851,155.502,139.207,283.53,57.622,0.20444,0.092,0.21417
103.0,105.0,5481,0.6608,,0.0,0.783,0.7628,0.868,53.826,187.034,104.47,39.774,0.20066,0.09495,0.23025
103.0,105.0,19,0.6608,,0.0,1.0,0.1601,0.9822,159.204,314.315,104.326,58.448,0.20066,0.09495,0.23025
103.0,105.0,9,0.6608,,0.0,1.0,0.3852,0.9259,40.569,105.964,283.732,36.928,0.20066,0.09495,0.23025
103.0,105.0,8,0.6608,,0.0,1.0,0.3074,0.9666,124.525,294.794,103.981,56.337,0.20066,0.09495,0.23025
103.0,105.0,11,0.6608,,0.0,1.0,0.9195,0.9702,129.726,323.717,283.868,63.026,0.20066,0.09495,0.23025
103.0,105.0,31,0.6608,,0.0,1.0,0.5039,0.9538,72.22,92.212,283.75,44.34,0.20066,0.09495,0.23025
104.0,106.0,5375,0.6173,,0.0,0.779,0.78,0.8663,52.023,189.572,105.514,39.804,0.22836,0.08519,0.23842
104.0,106.0,17,0.6173,KDP,0.529,0.471,0.2482,0.9699,62.697,303.129,105.053,43.831,0.22836,0.08519,0.23842
104.0,106.0,12,0.6173,,0.0,1.0,0.1917,0.9958,120.775,129.04,284.824,55.758,0.22836,0.08519,0.23842
104.0,106.0,17,0.6173,,0.0,1.0,0.156,0.988,159.946,314.898,104.638,58.625,0.22836,0.08519,0.23842
104.0,106.0,8,0.6173,,0.0,1.0,0.8011,1.0392,137.528,305.819,285.122,65.519,0.22836,0.08519,0.23842
104.0,106.0,14,0.6173,,0.0,1.0,0.5408,0.9653,100.405,86.731,285.225,53.333,0.22836,0.08519,0.23842
104.0,106.0,8,0.6173,,0.0,1.0,0.5018,0.9621,27.428,92.423,284.676,31.516,0.22836,0.08519,0.23842
104.0,106.0,13,0.6173,,0.0,1.0,0.467,0.9589,136.659,265.108,285.484,61.271,0.22836,0.08519,0.23842
105.0,107.0,4509,0.6224,,0.0,0.742,0.7786,0.8591,39.971,193.897,106.151,38.115,0.15132,0.07999,0.2116
105.0,107.0,44,0.6224,,0.0,1.0,0.985,0.8626,133.218,21.332,286.18,63.8,0.15132,0.07999,0.2116
105.0,107.0,65,0.6224,JXA,0.769,0.231,0.8249,0.9638,172.888,307.49,285.767,68.709,0.15132,0.07999,0.2116
105.0,107.0,12,0.6224,,0.0,1.0,0.8141,0.8937,177.198,143.997,196.284,67.595,0.15132,0.07999,0.2116
105.0,107.0,33,0.6224,,0.0,1.0,0.8103,0.7851,76.079,57.292,285.775,43.245,0.15132,0.07999,0.2116
105.0,107.0,9,0.6224,,0.0,1.0,0.9662,0.9546,91.456,334.179,285.782,51.297,0.15132,0.07999,0.2116
105.0,107.0,11,0.6224,,0.0,1.0,0.2457,0.9632,157.554,123.401,286.151,59.665,0.15132,0.07999,0.2116
105.0,107.0,8,0.6224,,0.0,1.0,0.3977,0.9107,161.72,106.249,285.886,61.907,0.15132,0.07999,0.2116
105.0,107.0,49,0.6224,,0.0,1.0,0.8563,0.9352,151.924,48.969,285.748,66.38,0.15132,0.07999,0.2116
105.0,107.0,16,0.6224,,0.0,1.0,0.4698,0.9677,60.645,276.329,105.635,40.906,0.15132,0.07999,0.2116
105.0,107.0,8,0.6224,,0.0,1.0,0.658,0.9733,123.423,255.126,106.159,59.787,0.15132,0.07999,0.2116
105.0,107.0,16,0.6224,,0.0,1.0,0.9854,0.8493,96.13,21.054,285.732,52.308,0.15132,0.07999,0.2116
105.0,107.0,8,0.6224,,0.0,1.0,0.6252,0.9028,103.953,258.792,106.196,54.383,0.15132,0.07999,0.2116
105.0,107.0,22,0.6224,,0.0,1.0,1.0118,0.8589,69.816,346.381,285.65,40.428,0.15132,0.07999,0.2116
105.0,107.0,21,0.6224,,0.0,1.0,0.1592,0.9852,158.367,315.303,106.148,58.132,0.15132,0.07999,0.2116
105.0,107.0,14,0.6224,,0.0,1.0,0.5843,0.9532,100.405,83.824,286.438,53.349,0.15132,0.07999,0.2116
105.0,107.0,15,0.6224,,0.0,0.667,1.0142,0.943,33.997,185.849,106.403,23.718,0.15132,0.07999,0.2116
105.0,107.0,8,0.6224,,0.0,1.0,0.7455,0.9947,135.542,62.634,286.161,64.025,0.15132,0.07999,0.2116
105.0,107.0,9,0.6224,,0.0,1.0,0.6534,0.9748,113.455,73.969,286.582,57.526,0.15132,0.07999,0.2116
105.0,107.0,15,0.6224,,0.0,1.0,0.5554,0.9456,135.573,86.192,285.608,61.553,0.15132,0.07999,0.2116
105.0,107.0,8,0.6224,,0.0,1.0,0.9814,0.9496,57.926,21.69,286.732,36.112,0.15132,0.07999,0.2116
105.0,107.0,9,0.6224,,0.0,1.0,1.0025,0.8897,163.572,346.407,285.662,68.868,0.15132,0.07999,0.2116
105.0,107.0,8,0.6224,,0.0,1.0,0.8513,0.9446,126.419,48.426,285.719,61.946,0.15132,0.07999,0.2116
105.0,107.0,8,0.6224,,0.0,1.0,0.5863,0.9333,43.37,263.928,106.433,34.506,0.15132,0.07999,0.2116
106.0,108.0,4982,0.6715,,0.0,0.743,0.7937,0.8623,53.548,198.979,107.217,39.728,0.22879,0.09023,0.17166
106.0,108.0,10,0.6715,,0.0,1.0,1.0126,0.8547,148.585,9.796,286.996,66.631,0.22879,0.09023,0.17166
106.0,108.0,23,0.6715,,0.0,1.0,0.8001,0.8146,77.687,58.492,287.39,44.012,0.22879,0.09023,0.17166
106.0,108.0,88,0.6715,,0.0,1.0,0.7241,0.9094,149.049,66.393,287.13,64.258,0.22879,0.09023,0.17166
106.0,108.0,10,0.6715,,0.0,1.0,1.0132,0.9144,92.762,351.431,287.543,51.223,0.22879,0.09023,0.17166
106.0,108.0,36,0.6715,,0.0,1.0,0.9533,0.8763,131.49,29.987,287.388,63.195,0.22879,0.09023,0.17166
106.0,108.0,10,0.6715,,0.0,1.0,1.0021,0.8637,106.164,14.172,287.501,55.896,0.22879,0.09023,0.17166
106.0,108.0,17,0.6715,,0.0,1.0,1.0098,0.8716,69.828,348.003,287.428,40.569,0.22879,0.09023,0.17166
106.0,108.0,16,0.6715,,0.0,1.0,0.9971,0.9036,144.631,343.684,286.963,66.146,0.22879,0.09023,0.17166
106.0,108.0,19,0.6715,,0.0,1.0,0.9024,0.9354,132.108,320.138,286.859,63.682,0.22879,0.09023,0.17166
106.0,108.0,9,0.6715,,0.0,1.0,0.7522,0.8947,168.444,64.064,287.293,67.123,0.22879,0.09023,0.17166
106.0,108.0,8,0.6715,,0.0,1.0,0.9742,0.941,62.051,23.642,287.13,38.179,0.22879,0.09023,0.17166
106.0,108.0,36,0.6715,,0.0,1.0,0.3398,0.9412,160.127,111.785,287.201,61.424,0.22879,0.09023,0.17166
106.0,108.0,18,0.6715,,0.0,1.0,0.3857,0.9518,141.565,74.879,107.128,60.626,0.22879,0.09023,0.17166
106.0,108.0,25,0.6715,,0.0,1.0,0.6004,0.9444,99.865,80.205,287.565,54.215,0.22879,0.09023,0.17166
106.0,108.0,10,0.6715,,0.0,0.6,0.2944,0.975,63.262,295.89,107.224,43.838,0.22879,0.09023,0.17166
107.0,109.0,4719,0.6715,,0.0,0.718,0.7903,0.8557,42.583,200.799,108.296,38.596,0.17913,0.07328,0.20635
107.0,109.0,8,0.6715,,0.0,1.0,0.4114,0.9495,99.905,283.182,107.757,52.611,0.17913,0.07328,0.20635
107.0,109.0,9,0.6715,,0.0,1.0,0.3497,0.9359,167.758,290.628,107.505,61.557,0.17913,0.07328,0.20635
107.0,109.0,19,0.6715,,0.0,0.947,0.0618,0.9599,57.658,336.215,108.499,41.515,0.17913,0.07328,0.20635
107.0,109.0,9,0.6715,,0.0,1.0,0.4229,0.9838,139.29,79.659,107.933,61.126,0.17913,0.07328,0.20635
107.0,109.0,11,0.6715,,0.0,1.0,0.1272,0.9835,157.039,320.666,107.568,56.756,0.17913,0.07328,0.20635
107.0,109.0,51,0.6715,,0.0,1.0,0.8108,0.8191,77.721,56.911,288.296,44.056,0.17913,0.07328,0.20635
107.0,109.0,21,0.6715,,0.0,1.0,0.957,0.8878,137.453,329.683,288.078,65.03,0.17913,0.07328,0.20635
107.0,109.0,14,0.6715,NUT,0.643,0.357,0.464,0.9515,137.094,262.724,288.047,60.904,0.17913,0.07328,0.20635
107.0,109.0,33,0.6715,,0.0,1.0,0.6478,0.9545,106.948,75.135,288.346,55.723,0.17913,0.07328,0.20635
107.0,109.0,159,0.6715,,0.0,1.0,0.8911,0.9002,149.574,48.416,288.082,65.218,0.17913,0.07328,0.20635
107.0,109.0,16,0.6715,,0.0,1.0,0.2826,0.9636,156.373,118.771,287.927,60.026,0.17913,0.07328,0.20635
107.0,109.0,30,0.6715,,0.0,1.0,1.0007,0.8921,101.045,23.168,288.397,54.623,0.17913,0.07328,0.20635
107.0,109.0,17,0.6715,,0.0,1.0,1.0058,0.8895,72.299,344.336,288.464,42.517,0.17913,0.07328,0.20635
107.0,109.0,9,0.6715,,0.0,1.0,0.938,0.9202,88.515,326.77,288.523,50.362,0.17913,0.07328,0.20635
108.0,110.0,5476,0.7761,,0.0,0.749,0.7691,0.8635,61.945,191.837,109.205,40.859,0.23446,0.12047,0.20123
108.0,110.0,26,0.7761,,0.0,1.0,0.7238,0.9246,38.679,66.67,288.722,29.991,0.23446,0.12047,0.20123
108.0,110.0,48,0.7761,,0.0,1.0,1.004,0.8745,82.34,343.962,288.658,46.733,0.23446,0.12047,0.20123
108.0,110.0,20,0.7761,,0.0,1.0,0.3957,0.9412,52.127,104.446,288.64,39.58,0.23446,0.12047,0.20123
108.0,110.0,42,0.7761,,0.0,1.0,0.9525,0.8881,134.793,329.409,289.351,63.905,0.23446,0.12047,0.20123
108.0,110.0,11,0.7761,,0.0,1.0,0.3919,0.9841,76.901,103.911,288.656,47.325,0.23446,0.12047,0.20123
108.0,110.0,27,0.7761,,0.0,0.593,0.4638,0.9505,151.179,262.594,289.093,61.558,0.23446,0.12047,0.20123
108.0,110.0,10,0.7761,,0.0,1.0,0.2421,0.945,134.264,123.02,288.661,58.062,0.23446,0.12047,0.20123
109.0,111.0,2011,0.8829,,0.0,0.902,0.6909,0.7435,7.835,218.426,110.366,21.546,0.22386,0.09707,0.12976
109.0,111.0,1698,0.8829,,0.0,0.56,0.9003,0.9085,126.026,167.278,110.0,61.194,0.22386,0.09707,0.12976
109.0,111.0,293,0.8829,NZC,0.474,0.27,0.1303,0.9262,36.084,325.411,110.016,37.309,0.22386,0.09707,0.12976
109.0,111.0,35,0.8829,,0.0,1.0,1.0001,0.914,105.877,15.006,290.246,55.89,0.22386,0.09707,0.12976
109.0,111.0,9,0.8829,,0.0,1.0,0.9102,0.6504,21.275,136.896,109.604,17.548,0.22386,0.09707,0.12976
109.0,111.0,20,0.8829,,0.0,1.0,1.015,0.7817,75.961,175.553,109.834,43.248,0.22386,0.09707,0.12976
109.0,111.0,66,0.8829,JXA,0.833,0.167,0.8361,0.9439,170.229,309.315,290.138,68.458,0.22386,0.09707,0.12976
109.0,111.0,154,0.8829,SZC,0.675,0.325,0.1179,0.9436,33.113,145.733,290.219,38.495,0.22386,0.09707,0.12976
109.0,111.0,25,0.8829,,0.0,1.0,0.9529,0.9457,132.399,29.321,290.111,63.674,0.22386,0.09707,0.12976
109.0,111.0,17,0.8829,,0.0,1.0,0.294,0.9509,159.756,117.983,290.019,60.367,0.22386,0.09707,0.12976
109.0,111.0,21,0.8829,,0.0,1.0,1.0078,0.8979,73.364,348.038,290.332,42.755,0.22386,0.09707,0.12976
109.0,111.0,11,0.8829,,0.0,1.0,1.003,0.8154,162.5,166.142,109.541,68.08,0.22386,0.09707,0.12976
109.0,111.0,21,0.8829,,0.0,1.0,0.8056,0.7871,77.007,58.794,290.391,43.758,0.22386,0.09707,0.12976
109.0,111.0,17,0.8829,,0.0,1.0,0.4913,0.951,140.878,85.97,110.253,61.888,0.22386,0.09707,0.12976
109.0,111.0,10,0.8829,,0.0,1.0,0.285,0.9475,165.041,297.978,109.552,60.957,0.22386,0.09707,0.12976
109.0,111.0,30,0.8829,,0.0,1.0,0.609,0.9594,106.562,78.807,290.247,55.798,0.22386,0.09707,0.12976
109.0,111.0,19,0.8829,,0.0,1.0,0.6536,0.9059,151.925,74.851,289.727,64.572,0.22386,0.09707,0.12976
109.0,111.0,8,0.8829,,0.0,1.0,0.8229,0.9357,40.153,52.724,290.111,29.928,0.22386,0.09707,0.12976
109.0,111.0,13,0.8829,,0.0,1.0,1.0162,0.8199,130.836,7.126,290.444,62.639,0.22386,0.09707,0.12976
109.0,111.0,8,0.8829,,0.0,1.0,0.9674,0.9474,149.99,25.669,290.347,67.526,0.22386,0.09707,0.12976
109.0,111.0,10,0.8829,,0.0,1.0,1.0157,0.878,56.291,183.638,109.651,34.265,0.22386,0.09707,0.12976
109.0,111.0,9,0.8829,KDP,1.0,0.0,0.2708,0.9918,59.665,298.624,109.636,44.066,0.22386,0.09707,0.12976
110.0,112.0,5471,0.7826,,0.0,0.742,0.794,0.8584,53.923,184.587,111.507,39.743,0.23315,0.09625,0.19816
110.0,112.0,8,0.7826,,0.0,1.0,0.9234,0.8182,149.246,324.617,291.445,66.228,0.23315,0.09625,0.19816
110.0,112.0,9,0.7826,,0.0,1.0,0.8196,0.9403,39.015,53.112,290.768,29.635,0.23315,0.09625,0.19816
110.0,112.0,23,0.7826,,0.0,1.0,0.2279,0.9763,153.672,304.481,110.613,59.754,0.23315,0.09625,0.19816
110.0,112.0,11,0.7826,,0.0,1.0,0.1307,0.9714,159.692,320.274,111.161,56.706,0.23315,0.09625,0.19816
110.0,112.0,18,0.7826,,0.0,0.556,0.298,0.9793,64.853,295.616,111.142,44.732,0.23315,0.09625,0.19816
110.0,112.0,17,0.7826,,0.0,1.0,0.6178,0.9151,65.733,99.474,110.734,41.303,0.23315,0.09625,0.19816
110.0,112.0,13,0.7826,NUT,0.769,0.231,0.4734,0.9442,137.869,263.718,290.734,61.006,0.23315,0.09625,0.19816
111.0,113.0,4831,0.6763,,0.0,0.686,0.8049,0.8521,39.788,195.278,112.302,37.894,0.20826,0.10469,0.17158
111.0,113.0,212,0.6763,,0.0,0.981,0.991,0.9019,127.051,22.723,292.112,62.027,0.20826,0.10469,0.17158
111.0,113.0,36,0.6763,,0.0,1.0,0.6622,0.9599,106.641,73.437,292.05,55.399,0.20826,0.10469,0.17158
111.0,113.0,54,0.6763,,0.0,0.759,1.0083,0.8683,75.816,347.986,292.176,43.322,0.20826,0.10469,0.17158
111.0,113.0,41,0.6763,,0.0,1.0,0.8155,0.8534,82.605,56.592,292.087,46.852,0.20826,0.10469,0.17158
111.0,113.0,101,0.6763,,0.0,1.0,0.4775,0.951,152.491,95.747,291.996,62.52,0.20826,0.10469,0.17158
111.0,113.0,15,0.6763,,0.0,1.0,0.1814,0.9809,154.11,311.226,112.104,58.105,0.20826,0.10469,0.17158
111.0,113.0,21,0.6763,,0.0,1.0,0.9674,0.8958,54.748,25.556,292.102,34.715,0.20826,0.10469,0.17158
111.0,113.0,10,0.6763,,0.0,1.0,0.4703,0.8898,43.284,278.024,112.079,34.763,0.20826,0.10469,0.17158
111.0,113.0,8,0.6763,,0.0,1.0,0.8911,0.9212,135.566,317.292,292.586,64.278,0.20826,0.10469,0.17158
111.0,113.0,8,0.6763,KDP,0.625,0.375,0.2827,0.9773,59.567,297.154,111.932,44.005,0.20826,0.10469,0.17158
111.0,113.0,13,0.6763,,0.0,1.0,0.4973,0.8985,63.816,93.973,292.015,41.291,0.20826,0.10469,0.17158
111.0,113.0,8,0.6763,,0.0,1.0,0.3247,0.9292,50.979,114.045,291.745,39.113,0.20826,0.10469,0.17158
112.0,114.0,2301,0.6691,,0.0,0.762,0.5357,0.7898,8.755,233.461,113.448,24.496,0.17316,0.10219,0.13037
112.0,114.0,14,0.6691,,0.0,1.0,0.7275,0.9539,122.13,244.902,112.874,60.25,0.17316,0.10219,0.13037
112.0,114.0,12,0.6691,,0.0,1.0,0.9767,0.8893,83.366,203.806,112.773,47.604,0.17316,0.10219,0.13037
112.0,114.0,1388,0.6691,,0.0,0.417,0.9617,0.903,112.855,159.134,112.956,58.37,0.17316,0.10219,0.13037
112.0,114.0,42,0.6691,,0.0,1.0,0.9179,0.8849,83.015,217.438,113.131,47.654,0.17316,0.10219,0.13037
112.0,114.0,194,0.6691,JPE,0.768,0.139,0.564,0.9631,149.336,264.712,112.716,64.017,0.17316,0.10219,0.13037
112.0,114.0,62,0.6691,,0.0,1.0,0.7238,0.926,71.771,246.546,112.815,43.043,0.17316,0.10219,0.13037
112.0,114.0,37,0.6691,,0.0,1.0,1.0145,0.8625,74.681,181.467,113.031,43.544,0.17316,0.10219,0.13037
112.0,114.0,67,0.6691,JXA,0.642,0.358,0.855,0.9317,171.625,312.215,292.811,68.627,0.17316,0.10219,0.13037
112.0,114.0,13,0.6691,,0.0,1.0,1.0097,0.6337,21.398,349.443,293.435,15.055,0.17316,0.10219,0.13037
112.0,114.0,16,0.6691,,0.0,1.0,0.8909,0.9295,161.832,222.109,112.546,68.166,0.17316,0.10219,0.13037
112.0,114.0,10,0.6691,,0.0,1.0,0.9734,0.9527,41.001,204.31,113.253,27.928,0.17316,0.10219,0.13037
112.0,114.0,13,0.6691,,0.0,1.0,0.4447,0.9669,161.615,278.442,113.328,63.538,0.17316,0.10219,0.13037
112.0,114.0,10,0.6691,,0.0,1.0,1.0084,0.8745,160.629,169.276,112.606,68.575,0.17316,0.10219,0.13037
112.0,114.0,19,0.6691,,0.0,1.0,1.0145,0.7053,144.997,185.253,112.764,64.312,0.17316,0.10219,0.13037
112.0,114.0,28,0.6691,,0.0,1.0,1.0105,0.8923,153.773,189.011,113.045,68.4,0.17316,0.10219,0.13037
112.0,114.0,10,0.6691,,0.0,1.0,1.0113,0.9701,100.457,188.205,112.425,55.194,0.17316,0.10219,0.13037
112.0,114.0,71,0.6691,,0.0,1.0,0.9511,0.9001,131.99,30.113,292.685,63.559,0.17316,0.10219,0.13037
112.0,114.0,53,0.6691,,0.0,1.0,1.0047,0.9036,108.073,12.5,292.675,57.021,0.17316,0.10219,0.13037
112.0,114.0,38,0.6691,,0.0,0.632,1.0113,0.853,75.988,346.855,292.766,43.293,0.17316,0.10219,0.13037
112.0,114.0,21,0.6691,,0.0,1.0,0.2398,0.9741,157.849,123.144,292.846,59.548,0.17316,0.10219,0.13037
112.0,114.0,22,0.6691,,0.0,1.0,0.7386,0.8745,79.805,66.355,292.578,45.399,0.17316,0.10219,0.13037
112.0,114.0,13,0.6691,,0.0,1.0,0.7122,0.8838,141.992,68.008,292.434,63.279,0.17316,0.10219,0.13037
112.0,114.0,36,0.6691,,0.0,1.0,0.6221,0.9669,104.857,78.433,293.054,54.679,0.17316,0.10219,0.13037
112.0,114.0,21,0.6691,,0.0,1.0,0.3977,0.9291,161.26,104.792,292.791,62.153,0.17316,0.10219,0.13037
112.0,114.0,8,0.6691,,0.0,1.0,0.5026,0.9602,112.657,271.832,113.2,56.087,0.17316,0.10219,0.13037
112.0,114.0,11,0.6691,NUT,1.0,0.0,0.488,0.9626,137.581,266.83,292.76,61.308,0.17316,0.10219,0.13037
112.0,114.0,12,0.6691,,0.0,1.0,0.1779,0.9812,155.378,311.664,112.324,58.234,0.17316,0.10219,0.13037
113.0,115.0,5510,0.7088,,0.0,0.7,0.8301,0.8563,68.486,185.649,114.333,41.846,0.24001,0.08784,0.22497
113.0,115.0,10,0.7088,,0.0,1.0,0.2675,0.9694,153.837,120.525,293.682,59.843,0.24001,0.08784,0.22497
113.0,115.0,9,0.7088,,0.0,1.0,0.3517,0.9736,82.489,110.29,293.801,48.507,0.24001,0.08784,0.22497
113.0,115.0,11,0.7088,,0.0,1.0,0.4937,0.9232,61.081,94.694,294.341,40.661,0.24001,0.08784,0.22497
113.0,115.0,8,0.7088,,0.0,0.75,0.8509,0.5316,73.896,120.883,114.199,39.263,0.24001,0.08784,0.22497
114.0,116.0,5432,0.6905,,0.0,0.713,0.8076,0.8458,61.856,189.481,115.38,40.398,0.18567,0.10763,0.25704
114.0,116.0,10,0.6905,,0.0,1.0,0.1674,0.9889,171.254,314.639,115.142,58.403,0.18567,0.10763,0.25704
114.0,116.0,12,0.6905,,0.0,1.0,0.677,0.9168,161.739,285.406,294.891,65.964,0.18567,0.10763,0.25704
114.0,116.0,25,0.6905,,0.0,0.96,0.9549,0.8987,56.439,29.455,295.047,34.941,0.18567,0.10763,0.25704
114.0,116.0,16,0.6905,,0.0,1.0,0.4268,0.9282,164.798,103.121,294.644,63.007,0.18567,0.10763,0.25704
114.0,116.0,20,0.6905,,0.0,1.0,0.2637,0.9579,157.476,120.199,295.584,60.572,0.18567,0.10763,0.25704
114.0,116.0,12,0.6905,NUT,0.833,0.167,0.4771,0.9625,137.243,265.402,295.101,61.286,0.18567,0.10763,0.25704
115.0,117.0,5378,0.6361,,0.0,0.742,0.8314,0.8406,62.631,194.366,116.382,40.991,0.20251,0.10851,0.18724
115.0,117.0,14,0.6361,,0.0,1.0,0.4398,0.9218,131.703,99.284,295.963,58.744,0.20251,0.10851,0.18724
115.0,117.0,31,0.6361,,0.0,1.0,0.2655,0.9517,154.896,121.34,295.917,59.843,0.20251,0.10851,0.18724
115.0,117.0,19,0.6361,,0.0,1.0,0.1881,0.9789,166.437,308.431,116.108,59.053,0.20251,0.10851,0.18724
115.0,117.0,13,0.6361,,0.0,1.0,0.4706,0.9668,68.737,96.655,296.022,43.707,0.20251,0.10851,0.18724
115.0,117.0,8,0.6361,,0.0,1.0,0.2874,0.9895,79.351,116.48,296.147,47.98,0.20251,0.10851,0.18724
115.0,117.0,25,0.6361,,0.0,1.0,0.8657,0.8839,67.827,46.263,295.75,40.738,0.20251,0.10851,0.18724
115.0,117.0,16,0.6361,NUT,0.625,0.375,0.4881,0.9653,135.649,267.412,296.189,61.504,0.20251,0.10851,0.18724
115.0,117.0,20,0.6361,,0.0,1.0,0.5224,0.9349,62.763,91.124,115.814,41.542,0.20251,0.10851,0.18724
115.0,117.0,10,0.6361,,0.0,0.8,0.9633,0.9344,49.394,26.831,295.803,31.797,0.20251,0.10851,0.18724
116.0,118.0,4615,0.6299,,0.0,0.715,0.7846,0.8314,34.808,198.563,117.187,35.972,0.20702,0.08134,0.17471
116.0,118.0,284,0.6299,,0.0,0.884,0.9534,0.9193,136.071,30.138,297.027,64.796,0.20702,0.08134,0.17471
116.0,118.0,29,0.6299,,0.0,1.0,1.0075,0.8832,128.261,348.099,296.913,62.361,0.20702,0.08134,0.17471
116.0,118.0,113,0.6299,,0.0,1.0,0.6611,0.9283,104.297,73.244,296.975,54.616,0.20702,0.08134,0.17471
116.0,118.0,85,0.6299,,0.0,0.612,1.0053,0.8834,75.94,343.154,297.021,44.112,0.20702,0.08134,0.17471
116.0,118.0,24,0.6299,,0.0,1.0,0.8978,0.9086,136.91,319.812,296.954,64.406,0.20702,0.08134,0.17471
116.0,118.0,8,0.6299,,0.0,1.0,0.9322,0.8681,68.811,34.524,296.861,41.14,0.20702,0.08134,0.17471
116.0,118.0,9,0.6299,,0.0,1.0,0.8414,0.9509,53.535,50.366,297.356,35.129,0.20702,0.08134,0.17471
116.0,118.0,34,0.6299,,0.0,1.0,0.2987,0.9434,159.451,117.527,297.308,60.258,0.20702,0.08134,0.17471
116.0,118.0,19,0.6299,,0.0,1.0,0.4452,0.979,141.56,81.626,117.044,62.415,0.20702,0.08134,0.17471
116.0,118.0,8,0.6299,,0.0,1.0,0.4418,0.9174,37.414,101.0,297.495,33.954,0.20702,0.08134,0.17471
116.0,118.0,19,0.6299,NUT,0.737,0.263,0.5047,0.9559,135.718,268.175,296.959,61.493,0.20702,0.08134,0.17471
116.0,118.0,11,0.6299,,0.0,1.0,0.565,0.8991,156.685,272.629,296.434,64.193,0.20702,0.08134,0.17471
116.0,118.0,11,0.6299,,0.0,1.0,0.4717,0.9575,97.442,278.656,117.143,51.751,0.20702,0.08134,0.17471
117.0,119.0,5405,0.6408,,0.0,0.735,0.8172,0.8407,51.633,189.357,118.289,40.117,0.19676,0.09304,0.22357
117.0,119.0,34,0.6408,,0.0,1.0,0.2558,0.9438,161.97,121.874,297.906,59.521,0.19676,0.09304,0.22357
117.0,119.0,8,0.6408,,0.0,1.0,0.4758,0.9496,100.13,95.266,297.748,53.083,0.19676,0.09304,0.22357
117.0,119.0,21,0.6408,NUT,0.667,0.333,0.5151,0.9236,137.776,269.996,298.166,61.668,0.19676,0.09304,0.22357
117.0,119.0,8,0.6408,,0.0,1.0,0.9224,0.9411,104.913,323.918,298.268,55.834,0.19676,0.09304,0.22357
117.0,119.0,8,0.6408,,0.0,1.0,1.0144,0.6285,45.778,353.327,298.386,27.581,0.19676,0.09304,0.22357
118.0,120.0,4330,0.6144,,0.0,0.705,0.7413,0.8219,27.246,198.505,119.239,32.969,0.158,0.07989,0.16278
118.0,120.0,12,0.6144,,0.0,1.0,0.0489,0.978,18.07,337.921,119.269,41.009,0.158,0.07989,0.16278
118.0,120.0,16,0.6144,,0.0,1.0,0.3323,0.9684,158.882,292.521,119.066,61.461,0.158,0.07989,0.16278
118.0,120.0,326,0.6144,,0.0,0.816,0.9714,0.8969,133.387,30.474,298.874,64.252,0.158,0.07989,0.16278
118.0,120.0,74,0.6144,,0.0,0.622,0.892,0.901,172.463,317.805,298.899,68.48,0.158,0.07989,0.16278
118.0,120.0,120,0.6144,,0.0,0.625,1.0024,0.8838,77.584,344.459,298.949,44.615,0.158,0.07989,0.16278
118.0,120.0,14,0.6144,PCA,0.643,0.357,0.8408,0.6287,72.81,124.471,118.422,40.646,0.158,0.07989,0.16278
118.0,120.0,30,0.6144,,0.0,0.967,0.9475,0.9161,62.552,30.626,298.996,38.135,0.158,0.07989,0.16278
118.0,120.0,17,0.6144,,0.0,1.0,0.47,0.9297,156.851,100.903,298.871,62.338,0.158,0.07989,0.16278
118.0,120.0,9,0.6144,,0.0,1.0,0.2943,0.9462,161.608,117.162,298.937,60.955,0.158,0.07989,0.16278
118.0,120.0,19,0.6144,,0.0,1.0,0.6441,0.9718,106.029,75.096,298.773,55.365,0.158,0.07989,0.16278
118.0,120.0,24,0.6144,,0.0,1.0,0.6696,0.928,146.008,73.38,298.742,64.182,0.158,0.07989,0.16278
118.0,120.0,25,0.6144,,0.0,0.52,0.5494,0.9458,138.132,273.2,298.848,62.14,0.158,0.07989,0.16278
118.0,120.0,8,0.6144,,0.0,1.0,0.5529,0.8969,175.391,265.966,119.584,64.722,0.158,0.07989,0.16278
118.0,120.0,11,0.6144,,0.0,1.0,1.0138,0.6168,40.906,354.0,299.032,24.511,0.158,0.07989,0.16278
118.0,120.0,13,0.6144,,0.0,1.0,0.9566,0.9166,113.718,331.923,299.142,59.109,0.158,0.07989,0.16278
118.0,120.0,14,0.6144,,0.0,1.0,1.0041,0.9511,175.72,13.684,298.933,70.383,0.158,0.07989,0.16278
118.0,120.0,8,0.6144,,0.0,1.0,0.8719,0.9197,107.944,45.226,298.647,56.601,0.158,0.07989,0.16278
119.0,121.0,5453,0.5724,,0.0,0.704,0.764,0.8501,34.002,180.128,120.603,39.85,0.23026,0.09702,0.1903
119.0,121.0,66,0.5724,,0.0,1.0,0.5641,0.9539,66.897,84.936,299.927,42.163,0.23026,0.09702,0.1903
119.0,121.0,13,0.5724,,0.0,1.0,0.8929,0.9366,135.862,318.108,300.436,64.24,0.23026,0.09702,0.1903
119.0,121.0,9,0.5724,,0.0,1.0,0.207,0.968,162.325,130.334,300.1,58.791,0.23026,0.09702,0.1903
119.0,121.0,8,0.5724,,0.0,1.0,0.0522,0.9739,21.33,337.463,119.905,40.489,0.23026,0.09702,0.1903
119.0,121.0,13,0.5724,PCA,0.692,0.308,0.8376,0.7535,76.671,126.584,120.269,42.95,0.23026,0.09702,0.1903
119.0,121.0,20,0.5724,NUT,0.6,0.4,0.5431,0.9588,137.497,273.687,299.99,62.462,0.23026,0.09702,0.1903
119.0,121.0,11,0.5724,,0.0,1.0,0.5488,0.9464,162.095,274.336,299.972,65.348,0.23026,0.09702,0.1903
120.0,122.0,3083,0.4846,,0.0,0.528,0.5059,0.8152,11.372,190.057,121.926,25.264,0.12748,0.07981,0.20858
120.0,122.0,14,0.4846,,0.0,1.0,0.0512,0.9771,23.229,337.747,121.065,41.136,0.12748,0.07981,0.20858
120.0,122.0,665,0.4846,,0.0,0.598,0.959,0.9103,114.007,151.681,121.018,59.008,0.12748,0.07981,0.20858
120.0,122.0,189,0.4846,,0.0,0.566,0.9556,0.9248,132.826,28.591,301.119,64.217,0.12748,0.07981,0.20858
120.0,122.0,125,0.4846,PHE,0.512,0.488,1.0007,0.8774,77.832,343.803,301.225,44.861,0.12748,0.07981,0.20858
120.0,122.0,11,0.4846,,0.0,1.0,1.0034,0.8939,82.267,166.533,121.292,47.36,0.12748,0.07981,0.20858
120.0,122.0,8,0.4846,,0.0,1.0,0.9486,0.9546,55.722,30.235,301.41,35.26,0.12748,0.07981,0.20858
120.0,122.0,88,0.4846,JPE,0.5,0.409,0.5531,0.9416,150.874,266.739,120.888,63.866,0.12748,0.07981,0.20858
120.0,122.0,22,0.4846,JXA,0.5,0.5,0.908,0.9819,170.784,322.196,300.945,69.704,0.12748,0.07981,0.20858
120.0,122.0,11,0.4846,,0.0,1.0,0.6433,0.9096,65.092,256.607,121.716,40.696,0.12748,0.07981,0.20858
120.0,122.0,9,0.4846,,0.0,1.0,0.9998,0.9391,96.501,345.071,301.535,53.209,0.12748,0.07981,0.20858
120.0,122.0,18,0.4846,,0.0,1.0,0.8226,0.9247,97.949,232.652,121.052,53.259,0.12748,0.07981,0.20858
120.0,122.0,14,0.4846,,0.0,1.0,0.8493,0.8307,48.692,230.099,120.716,31.115,0.12748,0.07981,0.20858
120.0,122.0,14,0.4846,,0.0,1.0,0.7767,0.9259,160.746,119.852,120.829,66.806,0.12748,0.07981,0.20858
120.0,122.0,19,0.4846,,0.0,1.0,1.0145,0.9216,107.459,4.796,301.327,56.681,0.12748,0.07981,0.20858
120.0,122.0,18,0.4846,,0.0,1.0,1.0019,0.931,100.064,193.764,121.057,54.859,0.12748,0.07981,0.20858
120.0,122.0,12,0.4846,,0.0,1.0,0.5517,0.9427,132.728,93.1,121.323,61.277,0.12748,0.07981,0.20858
120.0,122.0,14,0.4846,,0.0,1.0,0.4437,0.9206,161.758,100.666,300.771,62.533,0.12748,0.07981,0.20858
120.0,122.0,8,0.4846,,0.0,0.5,0.8717,0.7773,169.431,312.355,301.025,67.177,0.12748,0.07981,0.20858
120.0,122.0,8,0.4846,,0.0,1.0,1.0154,0.9537,153.947,181.275,120.693,68.685,0.12748,0.07981,0.20858
120.0,122.0,8,0.4846,NUT,1.0,0.0,0.5084,0.9495,135.84,268.363,300.757,61.42,0.12748,0.07981,0.20858
120.0,122.0,10,0.4846,,0.0,1.0,0.9625,0.91,145.749,207.571,120.652,66.398,0.12748,0.07981,0.20858
120.0,122.0,8,0.4846,,0.0,1.0,0.477,0.9457,66.499,275.951,120.379,42.63,0.12748,0.07981,0.20858
120.0,122.0,10,0.4846,,0.0,1.0,0.9182,0.9356,138.547,323.14,301.541,65.484,0.12748,0.07981,0.20858
120.0,122.0,8,0.4846,,0.0,0.75,0.9442,0.6792,58.84,214.165,120.978,34.507,0.12748,0.07981,0.20858
120.0,122.0,10,0.4846,,0.0,1.0,0.7608,0.866,76.301,242.705,121.31,44.115,0.12748,0.07981,0.20858
120.0,122.0,15,0.4846,,0.0,1.0,0.9257,0.9224,103.467,35.301,301.041,54.833,0.12748,0.07981,0.20858
120.0,122.0,9,0.4846,,0.0,1.0,1.0125,0.7535,141.286,353.232,301.017,64.499,0.12748,0.07981,0.20858
120.0,122.0,8,0.4846,,0.0,1.0,0.994,0.628,15.264,340.792,301.546,12.933,0.12748,0.07981,0.20858
120.0,122.0,8,0.4846,,0.0,1.0,0.9525,0.8185,174.197,210.365,120.63,68.63,0.12748,0.07981,0.20858
121.0,123.0,3301,0.4592,,0.0,0.481,0.4833,0.8368,16.745,162.077,123.11,27.21,0.18075,0.07393,0.1689
121.0,123.0,21,0.4592,,0.0,0.619,0.0778,0.9702,18.868,332.155,122.032,40.21,0.18075,0.07393,0.1689
121.0,123.0,942,0.4592,,0.0,0.666,0.9622,0.9051,114.684,154.781,122.008,59.193,0.18075,0.07393,0.1689
121.0,123.0,61,0.4592,,0.0,1.0,0.739,0.9034,68.774,244.233,122.046,41.838,0.18075,0.07393,0.1689
121.0,123.0,75,0.4592,,0.0,1.0,0.8315,0.8822,149.413,231.927,121.888,66.003,0.18075,0.07393,0.1689
121.0,123.0,422,0.4592,,0.0,0.628,0.9882,0.9028,126.861,33.863,301.834,62.128,0.18075,0.07393,0.1689
121.0,123.0,29,0.4592,,0.0,1.0,0.8737,0.8502,107.017,46.846,301.839,55.352,0.18075,0.07393,0.1689
121.0,123.0,19,0.4592,,0.0,1.0,0.934,0.9041,147.655,325.121,301.761,66.189,0.18075,0.07393,0.1689
121.0,123.0,17,0.4592,,0.0,1.0,0.644,0.9851,106.471,75.442,301.735,56.103,0.18075,0.07393,0.1689
121.0,123.0,67,0.4592,JPE,0.627,0.373,0.5238,0.9403,150.33,269.605,121.853,63.201,0.18075,0.07393,0.1689
121.0,123.0,41,0.4592,,0.0,1.0,0.5862,0.9552,148.061,83.746,302.046,63.503,0.18075,0.07393,0.1689
121.0,123.0,13,0.4592,,0.0,1.0,0.4184,0.9731,157.276,101.672,301.835,63.029,0.18075,0.07393,0.1689
121.0,123.0,30,0.4592,,0.0,1.0,0.9918,0.6289,15.516,334.45,301.895,13.737,0.18075,0.07393,0.1689
121.0,123.0,17,0.4592,,0.0,1.0,0.9012,0.8896,70.17,41.478,302.41,41.766,0.18075,0.07393,0.1689
121.0,123.0,14,0.4592,,0.0,1.0,0.1509,0.9647,56.03,137.883,302.028,43.703,0.18075,0.07393,0.1689
121.0,123.0,14,0.4592,,0.0,1.0,1.0022,0.8051,172.086,14.3,301.721,68.387,0.18075,0.07393,0.1689
121.0,123.0,9,0.4592,,0.0,1.0,0.4897,0.9276,164.856,86.053,121.458,64.296,0.18075,0.07393,0.1689
122.0,124.0,142,0.4528,,0.0,0.556,0.959,0.9287,132.944,27.621,303.213,64.359,0.17981,0.06581,0.14206
122.0,124.0,8,0.4528,,0.0,1.0,1.0029,0.8567,152.481,346.554,303.282,67.527,0.17981,0.06581,0.14206
122.0,124.0,15,0.4528,,0.0,1.0,0.8269,0.9088,137.179,52.695,302.841,63.539,0.17981,0.06581,0.14206
122.0,124.0,10,0.4528,,0.0,1.0,0.6964,0.8907,120.335,70.111,303.169,59.062,0.17981,0.06581,0.14206
122.0,124.0,20,0.4528,,0.0,1.0,0.5651,0.9363,155.776,84.468,303.126,64.158,0.17981,0.06581,0.14206
122.0,124.0,636,0.4528,,0.0,0.538,0.9622,0.9018,113.04,152.56,123.069,58.958,0.17981,0.06581,0.14206
122.0,124.0,27,0.4528,DCD,0.778,0.222,0.9931,0.9239,88.455,197.247,123.041,49.656,0.17981,0.06581,0.14206
122.0,124.0,24,0.4528,,0.0,1.0,0.8526,0.922,109.988,228.338,123.048,56.83,0.17981,0.06581,0.14206
122.0,124.0,42,0.4528,,0.0,0.976,1.0058,0.792,107.152,191.879,123.006,55.696,0.17981,0.06581,0.14206
122.0,124.0,40,0.4528,,0.0,1.0,0.8948,0.9194,135.433,221.317,123.064,63.737,0.17981,0.06581,0.14206
122.0,124.0,9,0.4528,,0.0,1.0,0.9664,0.8306,82.954,152.93,123.205,46.618,0.17981,0.06581,0.14206
122.0,124.0,37,0.4528,JPE,0.838,0.162,0.5315,0.9433,150.261,268.257,122.851,63.606,0.17981,0.06581,0.14206
122.0,124.0,64,0.4528,,0.0,0.734,0.6946,0.9147,122.736,109.919,123.074,59.288,0.17981,0.06581,0.14206
122.0,124.0,28,0.4528,JXA,0.536,0.464,0.9003,0.9257,170.602,318.842,302.69,68.902,0.17981,0.06581,0.14206
122.0,124.0,8,0.4528,,0.0,1.0,0.8687,0.9686,177.681,136.652,123.686,69.33,0.17981,0.06581,0.14206
122.0,124.0,8,0.4528,,0.0,1.0,0.6808,0.9188,154.501,250.896,123.343,65.638,0.17981,0.06581,0.14206
122.0,124.0,9,0.4528,,0.0,1.0,0.4308,0.9562,159.672,280.367,122.624,63.201,0.17981,0.06581,0.14206
122.0,124.0,10,0.4528,PPS,0.7,0.3,0.9338,0.5224,133.666,139.923,123.342,59.813,0.17981,0.06581,0.14206
122.0,124.0,88,0.4528,PHE,0.591,0.409,1.0023,0.8849,80.691,345.813,303.525,46.005,0.17981,0.06581,0.14206
122.0,124.0,3443,0.4528,,0.0,0.392,0.2367,0.9005,22.314,155.771,302.332,31.965,0.17981,0.06581,0.14206
122.0,124.0,12,0.4528,,0.0,1.0,1.0146,0.7723,53.384,177.591,123.102,32.286,0.17981,0.06581,0.14206
122.0,124.0,47,0.4528,,0.0,1.0,0.7259,0.9089,70.73,245.19,122.875,42.962,0.17981,0.06581,0.14206
123.0,125.0,1723,0.4031,SDA,0.908,0.091,0.0689,0.9715,28.1,153.318,304.094,40.804,0.10007,0.05001,0.12249
123.0,125.0,27,0.4031,SZC,0.815,0.185,0.1584,0.9127,30.775,140.729,304.114,35.417,0.10007,0.05001,0.12249
123.0,125.0,1367,0.4031,,0.0,0.523,0.5889,0.7608,7.284,267.616,124.208,22.398,0.10007,0.05001,0.12249
123.0,125.0,24,0.4031,,0.0,0.625,0.1989,0.8977,6.18,136.08,303.563,32.929,0.10007,0.05001,0.12249
123.0,125.0,81,0.4031,,0.0,0.506,0.9481,0.9481,131.62,30.179,303.942,63.971,0.10007,0.05001,0.12249
123.0,125.0,567,0.4031,PER,0.481,0.462,0.9628,0.9258,110.845,153.113,124.147,58.186,0.10007,0.05001,0.12249
123.0,125.0,49,0.4031,NZC,0.776,0.184,0.1448,0.919,32.239,322.43,124.005,36.314,0.10007,0.05001,0.12249
123.0,125.0,12,0.4031,,0.0,1.0,0.0639,0.9747,25.914,334.26,124.117,41.126,0.10007,0.05001,0.12249
123.0,125.0,8,0.4031,,0.0,1.0,0.0456,0.9757,18.442,338.96,123.365,40.454,0.10007,0.05001,0.12249
123.0,125.0,82,0.4031,GDR,0.89,0.11,0.9761,0.9673,40.504,202.898,124.452,27.667,0.10007,0.05001,0.12249
123.0,125.0,25,0.4031,UCA,0.96,0.04,1.0101,0.9569,98.901,171.596,124.6,54.288,0.10007,0.05001,0.12249
123.0,125.0,23,0.4031,KAP,0.696,0.304,0.965,0.8029,153.951,152.425,123.981,67.088,0.10007,0.05001,0.12249
123.0,125.0,34,0.4031,PHE,0.794,0.206,0.9977,0.8853,80.411,344.203,303.771,45.951,0.10007,0.05001,0.12249
123.0,125.0,20,0.4031,JPE,0.95,0.05,0.519,0.9637,151.057,270.758,124.176,63.666,0.10007,0.05001,0.12249
123.0,125.0,13,0.4031,,0.0,0.615,0.9966,0.9674,146.672,15.929,304.053,67.654,0.10007,0.05001,0.12249
123.0,125.0,11,0.4031,JXA,0.545,0.455,0.9228,0.9815,171.592,324.653,304.229,69.876,0.10007,0.05001,0.12249
123.0,125.0,8,0.4031,,0.0,1.0,1.0148,0.9287,134.409,183.328,124.167,65.04,0.10007,0.05001,0.12249
123.0,125.0,26,0.4031,BPE,0.654,0.346,0.7097,0.9297,127.05,111.361,123.455,60.808,0.10007,0.05001,0.12249
123.0,125.0,11,0.4031,,0.0,1.0,0.6722,0.9191,111.774,107.859,124.058,57.099,0.10007,0.05001,0.12249
123.0,125.0,12,0.4031,,0.0,0.5,0.9102,0.8716,142.647,140.467,123.471,65.532,0.10007,0.05001,0.12249
123.0,125.0,8,0.4031,DCD,0.625,0.375,1.0078,0.8909,90.496,190.272,124.132,50.24,0.10007,0.05001,0.12249
124.0,126.0,1771,0.3328,SDA,0.929,0.069,0.0719,0.9705,27.715,152.594,305.11,40.665,0.11549,0.04558,0.06879
124.0,126.0,894,0.3328,CAP,0.72,0.28,0.5876,0.7636,7.202,268.276,125.158,22.452,0.11549,0.04558,0.06879
124.0,126.0,36,0.3328,KCG,0.5,0.5,0.959,0.69,24.759,210.453,124.958,18.316,0.11549,0.04558,0.06879
124.0,126.0,183,0.3328,GDR,0.973,0.027,0.9778,0.9706,40.267,202.394,125.332,27.463,0.11549,0.04558,0.06879
124.0,126.0,12,0.3328,,0.0,0.833,0.4039,0.8382,4.308,287.816,125.128,27.828,0.11549,0.04558,0.06879
124.0,126.0,10,0.3328,,0.0,0.9,0.371,0.8509,1.201,113.297,304.045,28.584,0.11549,0.04558,0.06879
124.0,126.0,16,0.3328,,0.0,1.0,0.9094,0.6877,8.769,222.521,124.584,13.853,0.11549,0.04558,0.06879
124.0,126.0,12,0.3328,,0.0,1.0,1.0147,0.625,19.385,179.263,124.821,13.968,0.11549,0.04558,0.06879
124.0,126.0,10,0.3328,,0.0,1.0,0.9404,0.5868,4.248,216.654,125.219,10.925,0.11549,0.04558,0.06879
124.0,126.0,11,0.3328,,0.0,1.0,0.8632,0.7037,13.404,230.265,125.222,16.4,0.11549,0.04558,0.06879
124.0,126.0,12,0.3328,,0.0,1.0,0.4366,0.8398,2.377,105.122,304.524,27.027,0.11549,0.04558,0.06879
124.0,126.0,8,0.3328,SZC,1.0,0.0,0.1558,0.9251,32.05,140.159,304.696,36.947,0.11549,0.04558,0.06879
124.0,126.0,550,0.3328,PER,0.611,0.389,0.964,0.9375,110.885,153.554,125.078,58.146,0.11549,0.04558,0.06879
124.0,126.0,31,0.3328,NZC,1.0,0.0,0.149,0.9282,32.099,321.102,124.96,37.134,0.11549,0.04558,0.06879
124.0,126.0,36,0.3328,UCA,1.0,0.0,1.0091,0.963,98.539,170.789,125.041,54.298,0.11549,0.04558,0.06879
124.0,126.0,33,0.3328,ERI,0.636,0.364,0.9561,0.9796,131.733,28.103,304.991,64.217,0.11549,0.04558,0.06879
124.0,126.0,9,0.3328,ERI,0.889,0.111,0.9456,0.82,130.709,32.278,304.934,62.47,0.11549,0.04558,0.06879
124.0,126.0,9,0.3328,JPE,1.0,0.0,0.5021,0.9721,150.709,270.395,125.016,63.741,0.11549,0.04558,0.06879
124.0,126.0,8,0.3328,BPE,1.0,0.0,0.7175,0.8946,127.056,112.062,125.157,60.683,0.11549,0.04558,0.06879
125.0,127.0,200,0.2998,GDR,0.945,0.055,0.9782,0.969,40.233,202.256,125.724,27.467,0.07206,0.04684,0.12619
125.0,127.0,1807,0.2998,SDA,0.924,0.075,0.0747,0.9694,27.488,152.08,305.981,40.522,0.07206,0.04684,0.12619
125.0,127.0,681,0.2998,PER,0.624,0.376,0.9614,0.9303,111.466,152.761,126.064,58.313,0.07206,0.04684,0.12619
125.0,127.0,32,0.2998,JPE,1.0,0.0,0.5007,0.9554,150.302,272.428,126.096,63.278,0.07206,0.04684,0.12619
125.0,127.0,20,0.2998,NZC,0.95,0.05,0.1452,0.9322,32.733,320.986,126.012,37.248,0.07206,0.04684,0.12619
125.0,127.0,830,0.2998,CAP,0.777,0.223,0.592,0.7627,7.211,267.844,126.059,22.335,0.07206,0.04684,0.12619
125.0,127.0,45,0.2998,ERI,0.689,0.311,0.954,0.9673,131.705,28.377,305.796,64.27,0.07206,0.04684,0.12619
125.0,127.0,67,0.2998,,0.0,0.761,0.9838,0.6845,28.859,202.921,126.007,19.451,0.07206,0.04684,0.12619
125.0,127.0,24,0.2998,,0.0,1.0,0.8366,0.6502,2.717,236.416,126.19,14.613,0.07206,0.04684,0.12619
125.0,127.0,10,0.2998,,0.0,1.0,0.6541,0.7558,7.117,79.96,305.658,20.896,0.07206,0.04684,0.12619
125.0,127.0,19,0.2998,,0.0,1.0,0.0546,0.9798,21.489,336.207,126.277,41.589,0.07206,0.04684,0.12619
125.0,127.0,9,0.2998,UCA,1.0,0.0,1.0068,0.8957,97.688,169.198,125.686,53.242,0.07206,0.04684,0.12619
125.0,127.0,8,0.2998,,0.0,1.0,1.0047,0.6515,26.434,166.86,125.074,17.717,0.07206,0.04684,0.12619
125.0,127.0,10,0.2998,,0.0,1.0,1.0143,0.67,31.528,175.678,125.893,20.066,0.07206,0.04684,0.12619
125.0,127.0,8,0.2998,,0.0,1.0,0.5653,0.8112,5.294,89.187,305.464,23.85,0.07206,0.04684,0.12619
125.0,127.0,18,0.2998,KAP,0.944,0.056,0.9529,0.8676,146.712,149.801,125.599,66.28,0.07206,0.04684,0.12619
125.0,127.0,9,0.2998,SIA,0.889,0.111,0.1989,0.8916,5.884,134.414,305.712,32.526,0.07206,0.04684,0.12619
126.0,128.0,775,0.2953,CAP,0.867,0.133,0.5997,0.7589,7.255,267.016,127.155,22.119,0.08702,0.02992,0.12105
126.0,128.0,36,0.2953,,0.0,1.0,0.4764,0.8242,3.669,277.715,127.064,25.919,0.08702,0.02992,0.12105
126.0,128.0,17,0.2953,,0.0,1.0,0.747,0.7264,5.268,248.795,127.046,18.367,0.08702,0.02992,0.12105
126.0,128.0,8,0.2953,,0.0,1.0,0.8676,0.7199,9.88,229.229,126.747,15.75,0.08702,0.02992,0.12105
126.0,128.0,8,0.2953,,0.0,1.0,0.639,0.7482,6.415,82.009,307.399,21.021,0.08702,0.02992,0.12105
126.0,128.0,8,0.2953,,0.0,1.0,0.8608,0.6572,2.703,229.882,127.751,14.087,0.08702,0.02992,0.12105
126.0,128.0,1875,0.2953,SDA,0.946,0.054,0.0788,0.9684,26.995,151.236,306.995,40.374,0.08702,0.02992,0.12105
126.0,128.0,8,0.2953,NZC,1.0,0.0,0.154,0.9248,31.263,320.108,126.92,36.856,0.08702,0.02992,0.12105
126.0,128.0,725,0.2953,PER,0.665,0.335,0.9585,0.9407,111.733,152.145,127.007,58.463,0.08702,0.02992,0.12105
126.0,128.0,38,0.2953,,0.0,0.632,0.9614,0.7034,26.587,209.678,127.134,19.269,0.08702,0.02992,0.12105
126.0,128.0,24,0.2953,JPE,1.0,0.0,0.497,0.9503,150.458,272.96,126.732,63.142,0.08702,0.02992,0.12105
126.0,128.0,73,0.2953,GDR,0.959,0.041,0.9794,0.9799,40.213,201.801,126.468,27.434,0.08702,0.02992,0.12105
126.0,128.0,49,0.2953,ERI,0.673,0.327,0.9503,0.9584,131.38,29.934,307.072,64.091,0.08702,0.02992,0.12105
126.0,128.0,12,0.2953,,0.0,0.583,0.0523,0.9794,24.951,336.51,126.967,41.799,0.08702,0.02992,0.12105
126.0,128.0,17,0.2953,PHE,0.824,0.176,1.0028,0.9033,82.383,347.09,307.502,47.004,0.08702,0.02992,0.12105
127.0,129.0,761,0.2957,PER,0.719,0.281,0.9576,0.9423,111.645,152.062,128.047,58.437,0.08189,0.0396,0.05834
127.0,129.0,726,0.2957,CAP,0.862,0.135,0.6051,0.7576,7.26,266.324,128.013,21.949,0.08189,0.0396,0.05834
127.0,129.0,8,0.2957,,0.0,1.0,0.8508,0.6597,3.698,233.836,127.63,14.507,0.08189,0.0396,0.05834
127.0,129.0,24,0.2957,,0.0,1.0,0.7414,0.7095,2.707,249.436,128.233,17.822,0.08189,0.0396,0.05834
127.0,129.0,8,0.2957,,0.0,1.0,0.5537,0.8052,1.749,91.44,308.129,23.688,0.08189,0.0396,0.05834
127.0,129.0,1848,0.2957,SDA,0.935,0.065,0.0819,0.9674,26.572,150.614,307.945,40.236,0.08189,0.0396,0.05834
127.0,129.0,12,0.2957,NDA,1.0,0.0,0.0742,0.9691,23.669,331.812,128.153,40.298,0.08189,0.0396,0.05834
127.0,129.0,9,0.2957,NDA,0.889,0.111,0.0615,0.9715,24.07,335.312,127.952,40.452,0.08189,0.0396,0.05834
127.0,129.0,57,0.2957,ERI,0.895,0.105,0.9482,0.9336,131.886,30.556,308.2,63.763,0.08189,0.0396,0.05834
127.0,129.0,11,0.2957,KCG,0.909,0.091,0.9645,0.7119,28.443,208.658,127.941,19.768,0.08189,0.0396,0.05834
127.0,129.0,12,0.2957,PAU,0.75,0.25,0.1242,0.9708,58.622,141.209,307.732,44.239,0.08189,0.0396,0.05834
127.0,129.0,12,0.2957,JPE,1.0,0.0,0.4845,0.9219,151.146,274.93,128.126,62.408,0.08189,0.0396,0.05834
127.0,129.0,8,0.2957,PHE,1.0,0.0,0.9948,0.8905,83.099,343.356,308.413,47.462,0.08189,0.0396,0.05834
127.0,129.0,13,0.2957,GDR,0.846,0.154,0.9795,0.9841,40.337,201.626,127.903,27.585,0.08189,0.0396,0.05834
128.0,130.0,972,0.3016,CAP,0.531,0.372,0.611,0.757,7.108,265.276,129.228,21.827,0.07881,0.05216,0.10883
128.0,130.0,1777,0.3016,SDA,0.886,0.108,0.0858,0.9657,26.359,149.872,308.991,39.994,0.07881,0.05216,0.10883
128.0,130.0,12,0.3016,,0.0,1.0,0.9595,0.6635,15.61,210.578,129.024,13.907,0.07881,0.05216,0.10883
128.0,130.0,29,0.3016,NZC,0.759,0.241,0.146,0.928,27.416,320.457,129.188,36.745,0.07881,0.05216,0.10883
128.0,130.0,841,0.3016,PER,0.73,0.27,0.956,0.9464,111.919,151.751,129.024,58.55,0.07881,0.05216,0.10883
128.0,130.0,44,0.3016,PHE,0.841,0.159,0.9988,0.9085,83.711,345.092,309.289,47.54,0.07881,0.05216,0.10883
128.0,130.0,39,0.3016,NDA,0.615,0.385,0.0731,0.9657,22.197,333.481,128.683,39.642,0.07881,0.05216,0.10883
128.0,130.0,35,0.3016,,0.0,0.771,0.9818,0.6709,30.094,203.169,128.826,20.717,0.07881,0.05216,0.10883
128.0,130.0,100,0.3016,ERI,0.79,0.21,0.9535,0.9255,131.789,29.022,309.004,63.885,0.07881,0.05216,0.10883
128.0,130.0,12,0.3016,,0.0,1.0,0.132,0.9455,7.391,322.246,129.283,36.799,0.07881,0.05216,0.10883
128.0,130.0,15,0.3016,SIA,0.533,0.467,0.2226,0.9112,3.983,129.74,308.62,33.362,0.07881,0.05216,0.10883
128.0,130.0,12,0.3016,,0.0,1.0,0.9296,0.6688,10.101,217.862,129.227,13.043,0.07881,0.05216,0.10883
128.0,130.0,13,0.3016,PAU,1.0,0.0,0.1211,0.9709,60.944,141.503,308.993,44.363,0.07881,0.05216,0.10883
128.0,130.0,8,0.3016,,0.0,1.0,0.9618,0.8645,71.255,332.531,309.089,41.926,0.07881,0.05216,0.10883
128.0,130.0,9,0.3016,,0.0,1.0,0.8701,0.6951,12.011,229.441,129.32,15.688,0.07881,0.05216,0.10883
128.0,130.0,14,0.3016,JPE,1.0,0.0,0.506,0.9482,150.123,272.544,129.065,62.966,0.07881,0.05216,0.10883
128.0,130.0,8,0.3016,,0.0,1.0,0.282,0.8962,3.113,302.658,128.875,32.103,0.07881,0.05216,0.10883
128.0,130.0,9,0.3016,,0.0,1.0,1.0145,0.6298,23.547,181.151,129.448,15.972,0.07881,0.05216,0.10883
128.0,130.0,12,0.3016,,0.0,1.0,1.0136,0.6328,15.789,175.557,129.785,12.592,0.07881,0.05216,0.10883
129.0,131.0,1616,0.2982,SDA,0.853,0.146,0.0903,0.9635,25.787,149.205,309.896,39.732,0.10442,0.04155,0.09638
129.0,131.0,10,0.2982,,0.0,0.8,0.187,0.9103,26.339,135.534,310.171,35.069,0.10442,0.04155,0.09638
129.0,131.0,1061,0.2982,,0.0,0.432,0.6221,0.7489,7.176,263.981,130.184,21.442,0.10442,0.04155,0.09638
129.0,131.0,37,0.2982,,0.0,0.595,0.9661,0.7104,28.531,207.799,130.041,19.855,0.10442,0.04155,0.09638
129.0,131.0,8,0.2982,,0.0,1.0,1.0033,0.6647,37.851,193.706,130.53,23.554,0.10442,0.04155,0.09638
129.0,131.0,24,0.2982,SIA,0.708,0.292,0.2239,0.8852,5.526,131.231,309.887,32.128,0.10442,0.04155,0.09638
129.0,131.0,10,0.2982,,0.0,1.0,0.4073,0.8752,9.135,106.764,310.035,28.862,0.10442,0.04155,0.09638
129.0,131.0,21,0.2982,,0.0,1.0,0.3568,0.8603,5.023,292.851,130.487,28.938,0.10442,0.04155,0.09638
129.0,131.0,10,0.2982,,0.0,1.0,0.3141,0.8648,2.646,119.54,309.674,29.902,0.10442,0.04155,0.09638
129.0,131.0,117,0.2982,ERI,0.821,0.179,0.9504,0.9411,131.796,29.597,310.035,64.183,0.10442,0.04155,0.09638
129.0,131.0,954,0.2982,PER,0.717,0.283,0.9536,0.9418,112.1,151.099,130.111,58.632,0.10442,0.04155,0.09638
129.0,131.0,19,0.2982,NZC,0.737,0.263,0.1489,0.9351,28.668,320.051,129.703,37.216,0.10442,0.04155,0.09638
129.0,131.0,46,0.2982,NDA,0.891,0.109,0.0678,0.9716,23.846,333.214,129.882,40.425,0.10442,0.04155,0.09638
129.0,131.0,79,0.2982,PHE,0.506,0.494,0.9888,0.8923,81.111,340.871,309.717,46.3,0.10442,0.04155,0.09638
129.0,131.0,12,0.2982,PAU,0.75,0.25,0.1277,0.9702,60.415,141.167,310.491,44.154,0.10442,0.04155,0.09638
129.0,131.0,8,0.2982,,0.0,0.5,0.9893,0.9014,145.044,18.743,309.785,66.63,0.10442,0.04155,0.09638
129.0,131.0,12,0.2982,,0.0,0.75,0.9952,0.8849,128.66,163.833,129.892,63.228,0.10442,0.04155,0.09638
130.0,132.0,130,0.3069,ERI,0.785,0.215,0.9508,0.9255,131.36,29.52,310.946,63.906,0.13591,0.0452,0.09631
130.0,132.0,1025,0.3069,,0.0,0.516,0.6294,0.7461,7.206,262.789,131.223,21.269,0.13591,0.0452,0.09631
130.0,132.0,12,0.3069,,0.0,1.0,1.0144,0.6446,33.511,181.347,131.228,21.055,0.13591,0.0452,0.09631
130.0,132.0,1382,0.3069,SDA,0.809,0.191,0.0936,0.9619,25.613,148.616,310.872,39.553,0.13591,0.0452,0.09631
130.0,132.0,23,0.3069,NZC,0.696,0.304,0.1623,0.9172,28.528,319.272,130.624,35.97,0.13591,0.0452,0.09631
130.0,132.0,46,0.3069,NDA,0.826,0.174,0.0694,0.968,23.048,334.149,131.172,39.946,0.13591,0.0452,0.09631
130.0,132.0,8,0.3069,,0.0,1.0,0.9933,0.5983,10.232,160.393,131.177,10.627,0.13591,0.0452,0.09631
130.0,132.0,26,0.3069,SIA,0.615,0.385,0.2289,0.8719,4.629,130.653,310.983,31.225,0.13591,0.0452,0.09631
130.0,132.0,8,0.3069,,0.0,1.0,0.7625,0.5698,1.944,249.879,131.359,14.793,0.13591,0.0452,0.09631
130.0,132.0,8,0.3069,,0.0,1.0,0.4122,0.9797,168.077,101.63,310.598,63.866,0.13591,0.0452,0.09631
130.0,132.0,1186,0.3069,PER,0.758,0.242,0.9522,0.9426,112.341,150.904,131.059,58.716,0.13591,0.0452,0.09631
130.0,132.0,61,0.3069,PHE,0.639,0.361,0.9878,0.8933,82.603,340.879,310.854,46.937,0.13591,0.0452,0.09631
130.0,132.0,11,0.3069,JPE,1.0,0.0,0.4865,0.9566,150.326,273.814,130.435,62.86,0.13591,0.0452,0.09631
130.0,132.0,30,0.3069,PAU,0.9,0.1,0.1283,0.9706,59.916,140.721,311.196,44.097,0.13591,0.0452,0.09631
130.0,132.0,12,0.3069,BPE,0.75,0.25,0.7127,0.9448,122.092,112.789,130.547,59.99,0.13591,0.0452,0.09631
131.0,133.0,1485,0.3349,PER,0.811,0.189,0.9505,0.9427,112.421,150.427,132.233,58.69,0.0664,0.05147,0.07048
131.0,133.0,1059,0.3349,SDA,0.763,0.229,0.0975,0.9601,25.356,147.994,311.768,39.336,0.0664,0.05147,0.07048
131.0,133.0,559,0.3349,EQA,0.436,0.286,0.6244,0.7509,7.146,263.604,131.848,21.41,0.0664,0.05147,0.07048
131.0,133.0,73,0.3349,NDA,0.63,0.37,0.0778,0.963,22.048,332.365,132.251,39.203,0.0664,0.05147,0.07048
131.0,133.0,94,0.3349,ERI,0.926,0.074,0.9531,0.9513,132.195,28.818,311.96,64.301,0.0664,0.05147,0.07048
131.0,133.0,72,0.3349,,0.0,0.514,0.9795,0.6959,30.754,203.801,132.401,20.797,0.0664,0.05147,0.07048
131.0,133.0,9,0.3349,THC,1.0,0.0,0.5115,0.988,138.096,90.19,312.348,62.153,0.0664,0.05147,0.07048
131.0,133.0,10,0.3349,NZC,0.9,0.1,0.1857,0.9028,30.124,317.45,131.874,35.162,0.0664,0.05147,0.07048
131.0,133.0,35,0.3349,,0.0,1.0,0.3886,0.8426,2.075,286.044,132.3,27.809,0.0664,0.05147,0.07048
131.0,133.0,24,0.3349,PAU,1.0,0.0,0.1263,0.9709,57.197,140.47,311.519,43.861,0.0664,0.05147,0.07048
131.0,133.0,12,0.3349,PHE,1.0,0.0,1.0035,0.8902,83.907,347.599,311.451,47.52,0.0664,0.05147,0.07048
131.0,133.0,9,0.3349,,0.0,1.0,0.4592,0.8587,16.252,280.273,132.399,28.05,0.0664,0.05147,0.07048
131.0,133.0,11,0.3349,,0.0,1.0,0.7728,0.708,10.543,244.479,131.756,17.915,0.0664,0.05147,0.07048
132.0,134.0,614,0.314,,0.0,0.526,0.6324,0.7515,6.758,261.939,133.322,21.212,0.08872,0.03871,0.08621
132.0,134.0,12,0.314,,0.0,1.0,0.755,0.7044,13.35,247.332,133.276,18.597,0.08872,0.03871,0.08621
132.0,134.0,1873,0.314,PER,0.83,0.17,0.9493,0.9382,112.534,150.111,133.145,58.725,0.08872,0.03871,0.08621
132.0,134.0,783,0.314,SDA,0.579,0.223,0.1025,0.9578,25.083,147.371,313.139,39.003,0.08872,0.03871,0.08621
132.0,134.0,17,0.314,JPE,1.0,0.0,0.4873,0.9301,151.072,275.576,133.321,62.478,0.08872,0.03871,0.08621
132.0,134.0,87,0.314,NDA,0.736,0.264,0.0788,0.9626,22.165,332.281,133.343,39.234,0.08872,0.03871,0.08621
132.0,134.0,12,0.314,NZC,0.917,0.083,0.187,0.8987,28.897,317.547,133.367,34.898,0.08872,0.03871,0.08621
132.0,134.0,8,0.314,,0.0,1.0,0.107,0.885,24.373,334.644,133.057,30.511,0.08872,0.03871,0.08621
132.0,134.0,26,0.314,PHE,0.923,0.077,0.9889,0.9036,84.212,341.414,313.293,47.905,0.08872,0.03871,0.08621
132.0,134.0,170,0.314,,0.0,0.782,0.9748,0.6745,23.65,205.82,133.281,16.915,0.08872,0.03871,0.08621
132.0,134.0,8,0.314,,0.0,1.0,0.4687,0.8569,15.919,279.313,133.022,27.665,0.08872,0.03871,0.08621
132.0,134.0,112,0.314,ERI,0.884,0.116,0.9499,0.9439,131.541,29.776,313.162,64.091,0.08872,0.03871,0.08621
132.0,134.0,22,0.314,SIA,0.909,0.091,0.2245,0.8699,5.81,132.421,312.803,31.176,0.08872,0.03871,0.08621
132.0,134.0,13,0.314,,0.0,1.0,1.0131,0.6399,23.638,175.347,132.792,16.186,0.08872,0.03871,0.08621
132.0,134.0,10,0.314,THC,1.0,0.0,0.5107,0.9887,138.163,90.067,312.592,62.233,0.08872,0.03871,0.08621
132.0,134.0,18,0.314,FNC,0.944,0.056,0.8296,0.9354,53.755,230.705,133.201,34.791,0.08872,0.03871,0.08621
132.0,134.0,23,0.314,PAU,1.0,0.0,0.1285,0.9756,56.708,140.125,313.256,44.052,0.08872,0.03871,0.08621
132.0,134.0,10,0.314,,0.0,1.0,0.9625,0.589,1.316,120.766,223.022,10.067,0.08872,0.03871,0.08621
132.0,134.0,8,0.314,KAP,1.0,0.0,0.9671,0.7536,147.549,152.61,133.385,65.222,0.08872,0.03871,0.08621
132.0,134.0,14,0.314,AXC,0.929,0.071,0.9079,0.8888,103.042,218.929,133.638,54.31,0.08872,0.03871,0.08621
132.0,134.0,8,0.314,KAP,1.0,0.0,0.973,0.8999,151.209,156.035,133.088,67.583,0.08872,0.03871,0.08621
133.0,135.0,610,0.273,AOA,0.574,0.105,0.1051,0.9565,24.955,146.852,313.775,38.891,0.06857,0.04279,0.06122
133.0,135.0,2043,0.273,PER,0.856,0.144,0.948,0.9361,112.533,149.893,134.053,58.692,0.06857,0.04279,0.06122
133.0,135.0,67,0.273,NDA,0.791,0.209,0.083,0.9611,21.769,331.119,134.116,39.039,0.06857,0.04279,0.06122
133.0,135.0,9,0.273,NDA,0.889,0.111,0.0596,0.9758,26.625,335.344,133.636,41.247,0.06857,0.04279,0.06122
133.0,135.0,313,0.273,EQA,0.415,0.342,0.6375,0.7471,7.118,262.182,134.017,21.045,0.06857,0.04279,0.06122
133.0,135.0,28,0.273,,0.0,1.0,0.7389,0.7228,3.975,249.234,133.887,18.065,0.06857,0.04279,0.06122
133.0,135.0,95,0.273,,0.0,0.547,0.9755,0.6792,30.315,205.021,134.348,20.573,0.06857,0.04279,0.06122
133.0,135.0,99,0.273,ERI,0.97,0.03,0.9493,0.9323,131.675,29.951,314.051,63.931,0.06857,0.04279,0.06122
133.0,135.0,20,0.273,SIA,0.85,0.15,0.2378,0.8735,6.267,130.568,313.787,31.261,0.06857,0.04279,0.06122
133.0,135.0,19,0.273,PAU,0.947,0.053,0.1304,0.9804,58.972,139.858,313.494,44.553,0.06857,0.04279,0.06122
133.0,135.0,8,0.273,,0.0,1.0,0.729,0.7292,6.715,69.717,313.444,18.644,0.06857,0.04279,0.06122
133.0,135.0,9,0.273,AXC,1.0,0.0,0.8965,0.8732,103.527,221.405,134.432,54.738,0.06857,0.04279,0.06122
133.0,135.0,8,0.273,,0.0,1.0,0.9071,0.7092,9.89,221.341,134.047,14.757,0.06857,0.04279,0.06122
133.0,135.0,9,0.273,,0.0,1.0,0.8309,0.6873,1.61,235.837,133.954,15.089,0.06857,0.04279,0.06122
134.0,136.0,2275,0.3045,PER,0.87,0.13,0.9466,0.9348,112.699,149.534,134.9,58.709,0.07456,0.03693,0.07256
134.0,136.0,380,0.3045,,0.0,0.624,0.6454,0.7458,6.126,259.709,135.234,20.757,0.07456,0.03693,0.07256
134.0,136.0,15,0.3045,,0.0,1.0,0.814,0.7043,10.542,237.268,134.982,16.832,0.07456,0.03693,0.07256
134.0,136.0,25,0.3045,PAU,1.0,0.0,0.1372,0.9754,56.802,139.187,314.448,44.185,0.07456,0.03693,0.07256
134.0,136.0,122,0.3045,,0.0,0.557,0.9789,0.6694,29.888,203.56,134.724,19.986,0.07456,0.03693,0.07256
134.0,136.0,93,0.3045,NDA,0.849,0.151,0.0791,0.9653,22.708,331.501,134.926,39.597,0.07456,0.03693,0.07256
134.0,136.0,441,0.3045,AOA,0.787,0.15,0.1048,0.9544,24.812,146.76,314.641,38.699,0.07456,0.03693,0.07256
134.0,136.0,112,0.3045,ERI,0.964,0.036,0.9506,0.9552,131.732,29.154,314.697,64.319,0.07456,0.03693,0.07256
134.0,136.0,30,0.3045,AXC,1.0,0.0,0.9036,0.9232,103.751,219.356,135.086,55.413,0.07456,0.03693,0.07256
134.0,136.0,8,0.3045,SIA,0.75,0.25,0.2282,0.866,4.183,132.737,314.813,30.863,0.07456,0.03693,0.07256
134.0,136.0,22,0.3045,,0.0,1.0,0.9246,0.6704,12.956,218.951,134.839,14.465,0.07456,0.03693,0.07256
134.0,136.0,11,0.3045,,0.0,1.0,0.9486,0.6122,1.475,213.389,134.483,10.329,0.07456,0.03693,0.07256
135.0,137.0,83,0.364,NDA,0.783,0.217,0.0856,0.9603,23.277,330.373,135.802,39.236,0.07181,0.0316,0.0549
135.0,137.0,2531,0.364,PER,0.889,0.111,0.946,0.9358,112.802,149.403,135.996,58.786,0.07181,0.0316,0.0549
135.0,137.0,155,0.364,EQA,0.529,0.406,0.6658,0.7347,6.986,259.049,135.845,20.069,0.07181,0.0316,0.0549
135.0,137.0,8,0.364,,0.0,1.0,0.5834,0.7511,3.689,89.196,315.624,22.022,0.07181,0.0316,0.0549
135.0,137.0,12,0.364,,0.0,1.0,0.5418,0.788,3.977,272.615,136.328,23.754,0.07181,0.0316,0.0549
135.0,137.0,77,0.364,AUD,0.481,0.247,0.9835,0.6671,30.323,201.94,136.102,20.197,0.07181,0.0316,0.0549
135.0,137.0,17,0.364,AXC,1.0,0.0,0.9098,0.9582,104.583,217.622,135.812,56.108,0.07181,0.0316,0.0549
135.0,137.0,332,0.364,AOA,0.828,0.105,0.1077,0.9521,24.98,146.404,315.842,38.489,0.07181,0.0316,0.0549
135.0,137.0,22,0.364,,0.0,1.0,0.4392,0.8367,3.149,284.15,135.827,27.061,0.07181,0.0316,0.0549
135.0,137.0,88,0.364,ERI,1.0,0.0,0.9511,0.9464,132.08,29.027,315.905,64.173,0.07181,0.0316,0.0549
135.0,137.0,12,0.364,,0.0,1.0,0.8654,0.6258,0.85,144.505,224.847,13.244,0.07181,0.0316,0.0549
136.0,138.0,112,0.3035,AUD,0.375,0.357,0.9838,0.678,30.39,202.04,137.212,20.129,0.05968,0.02248,0.07084
136.0,138.0,2740,0.3035,PER,0.897,0.103,0.9461,0.9356,112.779,149.502,137.194,58.794,0.05968,0.02248,0.07084
136.0,138.0,13,0.3035,PER,0.923,0.077,0.9293,0.6073,111.902,141.334,137.364,55.212,0.05968,0.02248,0.07084
136.0,138.0,54,0.3035,ERI,1.0,0.0,0.9397,0.9185,131.432,32.168,317.02,63.721,0.05968,0.02248,0.07084
136.0,138.0,216,0.3035,AOA,0.884,0.037,0.1103,0.9519,24.783,145.963,316.948,38.372,0.05968,0.02248,0.07084
136.0,138.0,115,0.3035,EQA,0.565,0.435,0.6694,0.7355,7.171,258.264,137.117,20.178,0.05968,0.02248,0.07084
136.0,138.0,8,0.3035,,0.0,1.0,0.5848,0.7841,4.051,87.737,317.185,22.718,0.05968,0.02248,0.07084
136.0,138.0,19,0.3035,NDA,0.895,0.105,0.1033,0.9599,20.163,326.853,136.914,38.903,0.05968,0.02248,0.07084
136.0,138.0,36,0.3035,NDA,0.972,0.028,0.082,0.9661,21.461,330.614,137.261,39.738,0.05968,0.02248,0.07084
136.0,138.0,11,0.3035,NDA,0.909,0.091,0.0708,0.9683,23.956,333.131,137.191,40.0,0.05968,0.02248,0.07084
137.0,139.0,3086,0.2306,PER,0.929,0.071,0.9473,0.9329,112.828,149.793,138.17,58.829,0.0532,0.02173,0.05057
137.0,139.0,152,0.2306,AOA,0.855,0.02,0.1108,0.9495,24.779,145.928,318.085,38.238,0.0532,0.02173,0.05057
137.0,139.0,56,0.2306,EQA,0.696,0.304,0.6756,0.7315,7.411,258.048,137.883,19.981,0.0532,0.02173,0.05057
137.0,139.0,21,0.2306,,0.0,1.0,0.743,0.7382,4.218,247.778,138.11,18.296,0.0532,0.02173,0.05057
137.0,139.0,114,0.2306,AUD,0.421,0.281,0.9837,0.6776,31.151,201.958,137.901,20.719,0.0532,0.02173,0.05057
137.0,139.0,17,0.2306,NDA,1.0,0.0,0.0736,0.9688,22.66,332.217,138.254,40.17,0.0532,0.02173,0.05057
137.0,139.0,38,0.2306,NDA,0.974,0.026,0.0938,0.9597,20.81,328.586,138.155,38.951,0.0532,0.02173,0.05057
137.0,139.0,8,0.2306,,0.0,1.0,0.4991,0.8125,1.704,98.444,317.531,24.967,0.0532,0.02173,0.05057
137.0,139.0,36,0.2306,ERI,1.0,0.0,0.9453,0.9306,130.972,30.597,318.094,63.749,0.0532,0.02173,0.05057
138.0,140.0,3578,0.1736,PER,0.983,0.017,0.9512,0.9324,113.108,150.74,139.274,58.945,0.03504,0.01314,0.03179
138.0,140.0,14,0.1736,AUD,0.571,0.429,0.9866,0.6577,28.539,200.979,138.976,18.979,0.03504,0.01314,0.03179
139.0,141.0,3934,0.1251,PER,0.997,0.003,0.951,0.931,113.185,150.676,140.121,58.935,0.03096,0.01102,0.02769
139.0,141.0,16,0.1251,PER,1.0,0.0,0.9342,0.6958,111.185,144.156,139.943,55.843,0.03096,0.01102,0.02769
139.0,141.0,8,0.1251,PER,1.0,0.0,0.9315,0.6719,111.419,142.99,140.484,55.594,0.03096,0.01102,0.02769
139.0,141.0,10,0.1251,AUD,1.0,0.0,0.996,0.6606,32.609,196.795,140.19,20.931,0.03096,0.01102,0.02769
140.0,142.0,3881,0.1399,PER,0.995,0.005,0.9482,0.9306,113.084,150.111,140.546,58.91,0.02929,0.01331,0.03131
140.0,142.0,17,0.1399,,0.0,0.529,0.9923,0.6618,29.559,198.276,141.145,19.5,0.02929,0.01331,0.03131
140.0,142.0,13,0.1399,KCG,0.923,0.077,0.9607,0.7249,32.573,208.692,140.456,21.945,0.02929,0.01331,0.03131
140.0,142.0,8,0.1399,AUD,1.0,0.0,1.0021,0.6565,34.245,193.323,141.152,21.694,0.02929,0.01331,0.03131
141.0,143.0,3077,0.2244,PER,0.941,0.059,0.9428,0.927,113.116,148.869,141.647,58.877,0.04779,0.0242,0.0444
141.0,143.0,30,0.2244,AOA,0.533,0.033,0.1404,0.9415,22.809,140.679,322.344,37.264,0.04779,0.0242,0.0444
141.0,143.0,11,0.2244,AIC,0.909,0.091,0.0793,0.9647,21.372,151.54,322.233,39.513,0.04779,0.0242,0.0444
141.0,143.0,12,0.2244,AOA,0.833,0.167,0.1036,0.9483,26.769,147.386,321.668,38.146,0.04779,0.0242,0.0444
141.0,143.0,41,0.2244,NDA,1.0,0.0,0.0999,0.9594,20.638,327.496,142.268,38.94,0.04779,0.0242,0.0444
141.0,143.0,54,0.2244,KCG,0.87,0.13,0.9726,0.7212,34.289,205.07,142.056,22.478,0.04779,0.0242,0.0444
141.0,143.0,91,0.2244,AUD,0.516,0.484,0.9986,0.656,31.771,195.317,142.197,20.481,0.04779,0.0242,0.0444
141.0,143.0,38,0.2244,,0.0,0.632,0.685,0.725,6.991,255.683,142.249,19.373,0.04779,0.0242,0.0444
141.0,143.0,18,0.2244,ERI,1.0,0.0,0.9468,0.9398,132.394,30.171,321.838,64.234,0.04779,0.0242,0.0444
142.0,144.0,2377,0.2965,PER,0.875,0.125,0.9401,0.9167,113.154,148.199,142.67,58.739,0.08462,0.03102,0.05567
142.0,144.0,247,0.2965,,0.0,0.551,0.9967,0.6595,33.342,196.174,142.945,21.446,0.08462,0.03102,0.05567
142.0,144.0,12,0.2965,,0.0,1.0,1.0109,0.64,22.764,185.678,143.161,15.588,0.08462,0.03102,0.05567
142.0,144.0,99,0.2965,NDA,0.828,0.172,0.1015,0.9522,21.017,327.52,142.793,38.268,0.08462,0.03102,0.05567
142.0,144.0,17,0.2965,NDA,0.647,0.353,0.0755,0.9639,25.099,333.1,143.156,39.542,0.08462,0.03102,0.05567
142.0,144.0,74,0.2965,,0.0,0.649,0.5523,0.7982,1.966,270.412,143.739,23.729,0.08462,0.03102,0.05567
142.0,144.0,22,0.2965,,0.0,1.0,0.6881,0.7437,1.964,165.696,233.85,19.62,0.08462,0.03102,0.05567
142.0,144.0,46,0.2965,,0.0,0.848,0.735,0.7118,7.69,250.614,142.843,18.166,0.08462,0.03102,0.05567
142.0,144.0,20,0.2965,,0.0,1.0,0.7938,0.7208,2.3,63.222,322.429,16.695,0.08462,0.03102,0.05567
142.0,144.0,9,0.2965,,0.0,1.0,0.4188,0.8493,3.86,285.873,143.465,27.712,0.08462,0.03102,0.05567
142.0,144.0,11,0.2965,,0.0,1.0,0.8514,0.654,4.024,233.336,142.362,14.095,0.08462,0.03102,0.05567
142.0,144.0,14,0.2965,LAQ,0.857,0.143,0.2248,0.8771,5.137,312.218,142.721,31.581,0.08462,0.03102,0.05567
142.0,144.0,15,0.2965,,0.0,0.533,0.0969,0.9443,27.296,149.503,323.046,37.804,0.08462,0.03102,0.05567
142.0,144.0,87,0.2965,AOA,0.793,0.057,0.1279,0.9419,22.338,143.815,322.806,37.244,0.08462,0.03102,0.05567
142.0,144.0,23,0.2965,AIC,0.87,0.087,0.0777,0.9654,22.023,151.672,322.863,39.623,0.08462,0.03102,0.05567
142.0,144.0,30,0.2965,ERI,0.933,0.067,0.9473,0.9502,131.794,29.847,322.685,64.228,0.08462,0.03102,0.05567
142.0,144.0,9,0.2965,,0.0,0.889,0.9265,0.8692,134.446,35.389,322.64,63.659,0.08462,0.03102,0.05567
142.0,144.0,8,0.2965,,0.0,1.0,0.6454,0.969,149.83,105.395,142.858,65.457,0.08462,0.03102,0.05567
143.0,145.0,239,0.3896,NDA,0.582,0.364,0.1025,0.9529,21.128,328.29,143.906,38.218,0.10192,0.0556,0.11991
143.0,145.0,1151,0.3896,,0.0,0.827,0.8476,0.7163,9.43,204.816,144.113,20.88,0.10192,0.0556,0.11991
143.0,145.0,228,0.3896,,0.0,0.377,0.1159,0.9458,22.657,145.688,323.89,37.627,0.10192,0.0556,0.11991
143.0,145.0,8,0.3896,,0.0,1.0,0.1896,0.9216,7.763,133.544,323.619,34.555,0.10192,0.0556,0.11991
143.0,145.0,1932,0.3896,PER,0.766,0.234,0.9397,0.9144,113.186,148.038,143.695,58.721,0.10192,0.0556,0.11991
143.0,145.0,98,0.3896,,0.0,0.531,0.9446,0.9193,132.811,30.575,323.862,64.12,0.10192,0.0556,0.11991
143.0,145.0,30,0.3896,FTC,0.767,0.2,1.0096,0.9346,93.938,173.629,143.854,52.287,0.10192,0.0556,0.11991
143.0,145.0,27,0.3896,KAP,0.63,0.37,0.9262,0.8045,139.497,143.741,144.049,64.656,0.10192,0.0556,0.11991
143.0,145.0,16,0.3896,,0.0,1.0,0.9373,0.8405,130.147,213.4,143.995,62.717,0.10192,0.0556,0.11991
143.0,145.0,40,0.3896,KAP,0.775,0.225,0.9833,0.8658,142.212,159.756,143.907,66.18,0.10192,0.0556,0.11991
143.0,145.0,14,0.3896,,0.0,1.0,0.9185,0.8822,113.206,216.262,144.07,58.438,0.10192,0.0556,0.11991
143.0,145.0,24,0.3896,,0.0,1.0,0.6398,0.9622,148.768,105.173,143.949,65.261,0.10192,0.0556,0.11991
143.0,145.0,24,0.3896,ANP,0.625,0.0,1.004,0.8502,143.836,168.961,143.962,66.168,0.10192,0.0556,0.11991
143.0,145.0,8,0.3896,,0.0,0.875,0.4093,0.9491,57.182,283.025,144.326,40.776,0.10192,0.0556,0.11991
143.0,145.0,10,0.3896,,0.0,0.6,0.4333,0.9421,149.226,280.34,144.036,62.066,0.10192,0.0556,0.11991
143.0,145.0,13,0.3896,,0.0,1.0,1.0103,0.8862,127.668,185.427,144.123,63.038,0.10192,0.0556,0.11991
143.0,145.0,9,0.3896,,0.0,1.0,0.6616,0.934,160.495,253.773,144.039,65.952,0.10192,0.0556,0.11991
143.0,145.0,9,0.3896,,0.0,1.0,0.9588,0.911,145.434,27.203,324.039,66.611,0.10192,0.0556,0.11991
143.0,145.0,8,0.3896,,0.0,1.0,0.9721,0.8113,65.899,204.043,143.781,38.485,0.10192,0.0556,0.11991
144.0,146.0,1674,0.4797,,0.0,0.805,0.765,0.7482,14.76,194.778,145.579,22.885,0.16449,0.05839,0.1409
144.0,146.0,2094,0.4797,PER,0.469,0.457,0.9439,0.9037,113.96,150.167,144.89,59.054,0.16449,0.05839,0.1409
144.0,146.0,268,0.4797,,0.0,0.795,0.9455,0.9028,134.388,31.919,324.942,64.41,0.16449,0.05839,0.1409
144.0,146.0,246,0.4797,NDA,0.663,0.285,0.1049,0.949,21.611,327.667,144.997,37.768,0.16449,0.05839,0.1409
144.0,146.0,47,0.4797,,0.0,1.0,0.521,0.9625,144.246,270.26,145.087,62.633,0.16449,0.05839,0.1409
144.0,146.0,8,0.4797,,0.0,1.0,0.6601,0.9665,18.178,73.639,325.122,25.902,0.16449,0.05839,0.1409
144.0,146.0,13,0.4797,,0.0,1.0,0.9213,0.9237,90.598,215.177,145.192,50.847,0.16449,0.05839,0.1409
144.0,146.0,38,0.4797,,0.0,1.0,0.7894,0.9174,66.373,237.584,144.845,41.015,0.16449,0.05839,0.1409
144.0,146.0,15,0.4797,,0.0,1.0,0.8711,0.8584,175.055,222.618,145.562,67.946,0.16449,0.05839,0.1409
144.0,146.0,8,0.4797,AOC,0.625,0.375,0.72,0.9868,158.809,65.487,324.911,67.33,0.16449,0.05839,0.1409
144.0,146.0,29,0.4797,,0.0,1.0,0.6367,0.9788,150.667,104.341,145.05,65.351,0.16449,0.05839,0.1409
144.0,146.0,14,0.4797,PHE,0.929,0.071,0.9847,0.9158,89.706,340.343,325.04,50.179,0.16449,0.05839,0.1409
144.0,146.0,39,0.4797,,0.0,1.0,0.9741,0.9208,165.976,337.388,325.058,69.745,0.16449,0.05839,0.1409
145.0,147.0,222,0.5068,,0.0,0.838,0.9485,0.9002,136.571,30.03,326.049,64.598,0.20392,0.06097,0.11567
145.0,147.0,12,0.5068,,0.0,1.0,1.0101,0.9303,133.102,354.741,326.329,64.808,0.20392,0.06097,0.11567
145.0,147.0,1971,0.5068,,0.0,0.737,0.6841,0.7631,16.755,205.982,146.396,23.636,0.20392,0.06097,0.11567
145.0,147.0,1385,0.5068,PER,0.522,0.401,0.9414,0.9026,113.649,148.482,145.957,58.871,0.20392,0.06097,0.11567
145.0,147.0,81,0.5068,,0.0,1.0,0.8389,0.9214,141.978,230.257,146.071,65.07,0.20392,0.06097,0.11567
145.0,147.0,107,0.5068,,0.0,1.0,0.9801,0.876,113.881,201.853,146.09,58.25,0.20392,0.06097,0.11567
145.0,147.0,23,0.5068,,0.0,1.0,0.9949,0.8125,144.316,195.812,146.084,65.823,0.20392,0.06097,0.11567
145.0,147.0,9,0.5068,,0.0,1.0,0.591,0.9453,140.646,262.241,145.946,62.864,0.20392,0.06097,0.11567
145.0,147.0,24,0.5068,,0.0,1.0,0.67,0.961,148.73,106.842,145.953,65.359,0.20392,0.06097,0.11567
145.0,147.0,11,0.5068,,0.0,1.0,0.8844,0.81,109.949,224.807,145.839,56.238,0.20392,0.06097,0.11567
145.0,147.0,35,0.5068,FTC,0.629,0.343,1.0062,0.9342,95.092,171.238,146.015,52.958,0.20392,0.06097,0.11567
145.0,147.0,36,0.5068,,0.0,1.0,0.9633,0.8426,68.13,206.152,146.046,40.032,0.20392,0.06097,0.11567
145.0,147.0,10,0.5068,,0.0,1.0,0.8101,0.9691,154.709,126.319,146.235,67.543,0.20392,0.06097,0.11567
145.0,147.0,32,0.5068,,0.0,1.0,0.9691,0.9444,168.545,335.01,326.059,69.745,0.20392,0.06097,0.11567
145.0,147.0,8,0.5068,,0.0,1.0,1.0049,0.9192,179.122,346.963,325.895,70.428,0.20392,0.06097,0.11567
145.0,147.0,8,0.5068,,0.0,1.0,0.9899,0.9405,157.076,197.191,146.331,69.123,0.20392,0.06097,0.11567
145.0,147.0,8,0.5068,,0.0,1.0,0.9151,0.9444,165.002,217.217,146.651,68.963,0.20392,0.06097,0.11567
145.0,147.0,10,0.5068,,0.0,1.0,1.0115,0.8,73.658,183.34,146.137,42.218,0.20392,0.06097,0.11567
145.0,147.0,10,0.5068,,0.0,1.0,0.6764,0.9491,155.27,250.513,146.445,66.199,0.20392,0.06097,0.11567
145.0,147.0,8,0.5068,,0.0,1.0,1.0075,0.9499,131.144,187.659,146.597,64.828,0.20392,0.06097,0.11567
145.0,147.0,8,0.5068,,0.0,0.875,0.8455,0.9348,116.491,229.229,145.957,59.274,0.20392,0.06097,0.11567
145.0,147.0,11,0.5068,,0.0,1.0,0.5941,0.9286,169.327,82.883,326.028,65.685,0.20392,0.06097,0.11567
145.0,147.0,9,0.5068,,0.0,0.778,0.6936,0.9743,158.514,68.103,325.587,66.814,0.20392,0.06097,0.11567
145.0,147.0,13,0.5068,,0.0,1.0,0.7375,0.933,60.327,244.08,146.139,38.591,0.20392,0.06097,0.11567
145.0,147.0,11,0.5068,,0.0,1.0,0.5718,0.9386,139.911,83.767,326.456,62.673,0.20392,0.06097,0.11567
145.0,147.0,9,0.5068,,0.0,1.0,0.66,0.9623,17.483,72.905,325.635,25.941,0.20392,0.06097,0.11567
145.0,147.0,10,0.5068,,0.0,1.0,0.7179,0.9402,120.341,67.527,326.167,59.187,0.20392,0.06097,0.11567
145.0,147.0,8,0.5068,,0.0,1.0,0.1587,0.9814,47.706,134.889,326.229,42.515,0.20392,0.06097,0.11567
145.0,147.0,10,0.5068,PHE,0.9,0.1,0.9813,0.9102,91.08,339.534,326.305,50.379,0.20392,0.06097,0.11567
145.0,147.0,8,0.5068,,0.0,1.0,0.4231,0.955,151.059,281.65,145.407,62.12,0.20392,0.06097,0.11567
146.0,148.0,4968,0.5182,,0.0,0.729,0.8999,0.8563,69.934,175.259,147.327,42.246,0.22618,0.07753,0.16093
146.0,148.0,18,0.5182,,0.0,1.0,0.9935,0.8611,144.237,343.897,327.499,66.871,0.22618,0.07753,0.16093
146.0,148.0,24,0.5182,,0.0,1.0,1.007,0.6482,31.942,185.337,327.274,20.261,0.22618,0.07753,0.16093
146.0,148.0,15,0.5182,,0.0,1.0,0.1618,0.9737,48.476,136.303,327.098,42.33,0.22618,0.07753,0.16093
146.0,148.0,12,0.5182,PHE,0.583,0.417,0.9614,0.9117,87.797,334.25,327.593,49.795,0.22618,0.07753,0.16093
146.0,148.0,8,0.5182,,0.0,1.0,1.0108,0.8139,119.403,351.875,326.89,60.11,0.22618,0.07753,0.16093
146.0,148.0,12,0.5182,,0.0,1.0,0.9441,0.9387,142.376,328.934,326.63,66.875,0.22618,0.07753,0.16093
146.0,148.0,39,0.5182,,0.0,1.0,0.6206,0.9292,150.599,101.256,146.953,64.884,0.22618,0.07753,0.16093
146.0,148.0,8,0.5182,,0.0,1.0,0.5484,0.9333,39.714,266.825,146.64,33.43,0.22618,0.07753,0.16093
146.0,148.0,9,0.5182,,0.0,1.0,0.2533,0.9667,58.837,302.1,146.508,43.189,0.22618,0.07753,0.16093
146.0,148.0,12,0.5182,,0.0,0.917,0.506,0.9178,72.186,94.092,327.293,43.863,0.22618,0.07753,0.16093
146.0,148.0,8,0.5182,,0.0,1.0,0.908,0.9124,64.513,38.516,327.459,39.111,0.22618,0.07753,0.16093
147.0,149.0,5252,0.5313,,0.0,0.753,0.8887,0.8516,66.281,178.258,148.38,41.433,0.23881,0.09125,0.17683
147.0,149.0,29,0.5313,,0.0,0.759,0.9654,0.9232,80.979,334.8,328.246,46.177,0.23881,0.09125,0.17683
147.0,149.0,23,0.5313,,0.0,1.0,0.1888,0.9707,50.807,130.022,327.803,42.345,0.23881,0.09125,0.17683
147.0,149.0,22,0.5313,,0.0,1.0,0.9091,0.8739,68.506,38.462,328.131,40.696,0.23881,0.09125,0.17683
147.0,149.0,14,0.5313,,0.0,1.0,0.8063,0.7885,166.6,302.216,328.087,66.45,0.23881,0.09125,0.17683
147.0,149.0,11,0.5313,,0.0,1.0,0.1733,0.9624,57.489,312.377,147.996,43.048,0.23881,0.09125,0.17683
147.0,149.0,15,0.5313,,0.0,1.0,0.6416,0.9385,147.013,284.907,328.481,64.337,0.23881,0.09125,0.17683
147.0,149.0,11,0.5313,,0.0,0.455,0.3681,0.8616,119.872,67.891,148.331,54.148,0.23881,0.09125,0.17683
147.0,149.0,28,0.5313,,0.0,0.893,0.5316,0.9446,72.753,91.164,328.416,44.541,0.23881,0.09125,0.17683
148.0,150.0,4892,0.5361,,0.0,0.753,0.8902,0.8582,48.005,183.133,149.392,39.5,0.2047,0.0675,0.20176
148.0,150.0,18,0.5361,,0.0,1.0,0.7414,0.8211,169.918,112.409,148.882,66.039,0.2047,0.0675,0.20176
148.0,150.0,35,0.5361,,0.0,1.0,0.4614,0.9523,155.144,96.661,328.667,62.918,0.2047,0.0675,0.20176
148.0,150.0,16,0.5361,FCE,0.562,0.438,0.4237,0.9488,72.685,101.02,329.112,44.67,0.2047,0.0675,0.20176
148.0,150.0,19,0.5361,,0.0,1.0,0.5515,0.9769,138.877,86.77,329.386,62.633,0.2047,0.0675,0.20176
148.0,150.0,11,0.5361,,0.0,1.0,0.5518,0.9424,74.619,86.259,328.952,45.051,0.2047,0.0675,0.20176
148.0,150.0,15,0.5361,APA,0.6,0.133,0.2984,0.8729,120.55,60.81,148.917,54.148,0.2047,0.0675,0.20176
148.0,150.0,8,0.5361,,0.0,1.0,0.5327,0.9104,127.273,268.301,149.184,59.405,0.2047,0.0675,0.20176
148.0,150.0,17,0.5361,,0.0,0.941,0.5249,0.9314,129.535,90.322,148.707,59.869,0.2047,0.0675,0.20176
148.0,150.0,12,0.5361,,0.0,1.0,0.6538,0.9444,127.271,74.741,328.919,60.419,0.2047,0.0675,0.20176
148.0,150.0,8,0.5361,,0.0,1.0,0.8807,0.7299,28.095,133.891,149.559,21.536,0.2047,0.0675,0.20176
148.0,150.0,8,0.5361,,0.0,1.0,0.2238,0.9578,49.368,307.268,149.231,40.491,0.2047,0.0675,0.20176
148.0,150.0,8,0.5361,,0.0,1.0,0.6122,0.9371,143.706,280.263,328.973,63.738,0.2047,0.0675,0.20176
148.0,150.0,18,0.5361,,0.0,1.0,0.9267,0.9097,60.708,35.208,328.654,37.533,0.2047,0.0675,0.20176
149.0,151.0,5552,0.5564,,0.0,0.791,0.8561,0.8658,69.945,181.522,150.575,43.345,0.21138,0.09791,0.21605
149.0,151.0,22,0.5564,OMG,0.591,0.182,0.2935,0.9642,125.952,63.009,149.979,56.929,0.21138,0.09791,0.21605
149.0,151.0,56,0.5564,,0.0,0.839,0.5621,0.9447,68.456,85.955,329.683,42.239,0.21138,0.09791,0.21605
149.0,151.0,35,0.5564,,0.0,0.8,0.7447,0.9353,63.638,118.24,149.686,39.76,0.21138,0.09791,0.21605
149.0,151.0,15,0.5564,,0.0,0.6,0.4281,0.9733,66.964,80.229,149.816,44.793,0.21138,0.09791,0.21605
150.0,152.0,5331,0.5269,,0.0,0.811,0.8607,0.8528,52.179,185.507,151.547,39.691,0.17678,0.11741,0.18088
150.0,152.0,55,0.5269,,0.0,0.964,0.9854,0.9123,88.792,340.733,331.255,49.942,0.17678,0.11741,0.18088
150.0,152.0,11,0.5269,,0.0,1.0,0.7673,0.9022,46.252,119.378,151.574,31.837,0.17678,0.11741,0.18088
150.0,152.0,12,0.5269,,0.0,1.0,0.4974,0.9446,165.648,87.824,150.845,64.794,0.17678,0.11741,0.18088
150.0,152.0,12,0.5269,,0.0,1.0,0.8577,0.8643,65.823,131.605,150.841,39.888,0.17678,0.11741,0.18088
150.0,152.0,30,0.5269,,0.0,0.467,0.2621,0.9699,127.749,58.767,151.24,57.05,0.17678,0.11741,0.18088
150.0,152.0,24,0.5269,,0.0,0.833,0.5085,0.9373,69.417,92.065,330.766,42.92,0.17678,0.11741,0.18088
150.0,152.0,22,0.5269,,0.0,0.591,0.3403,0.9865,69.424,69.867,151.281,45.256,0.17678,0.11741,0.18088
150.0,152.0,9,0.5269,,0.0,1.0,0.9674,0.9351,96.131,24.057,330.688,53.36,0.17678,0.11741,0.18088
150.0,152.0,11,0.5269,,0.0,1.0,0.9212,0.9585,74.059,34.97,330.496,43.715,0.17678,0.11741,0.18088
151.0,153.0,5331,0.4766,,0.0,0.827,0.871,0.8563,59.812,188.646,152.488,40.371,0.17666,0.09522,0.21695
151.0,153.0,30,0.4766,ALN,0.533,0.467,0.3462,0.9846,66.16,70.799,152.021,44.875,0.17666,0.09522,0.21695
151.0,153.0,19,0.4766,,0.0,0.579,0.4371,0.9509,67.202,101.207,332.251,43.139,0.17666,0.09522,0.21695
151.0,153.0,46,0.4766,OMG,0.413,0.37,0.2657,0.9528,129.967,58.459,151.845,57.646,0.17666,0.09522,0.21695
151.0,153.0,10,0.4766,,0.0,1.0,1.007,0.7317,57.182,350.494,332.001,33.625,0.17666,0.09522,0.21695
151.0,153.0,10,0.4766,,0.0,1.0,0.7118,0.9785,100.761,66.584,332.375,54.101,0.17666,0.09522,0.21695
151.0,153.0,12,0.4766,,0.0,1.0,0.2915,0.9729,59.464,117.118,331.671,42.937,0.17666,0.09522,0.21695
151.0,153.0,12,0.4766,,0.0,0.583,0.6228,0.9194,65.783,102.731,152.528,42.042,0.17666,0.09522,0.21695
151.0,153.0,9,0.4766,,0.0,1.0,0.3344,0.951,170.489,112.544,332.223,61.866,0.17666,0.09522,0.21695
151.0,153.0,9,0.4766,,0.0,1.0,0.6428,0.9355,76.289,79.464,332.432,45.924,0.17666,0.09522,0.21695
152.0,154.0,5379,0.4723,,0.0,0.819,0.8513,0.8537,63.033,188.027,153.443,40.761,0.17814,0.10715,0.18304
152.0,154.0,8,0.4723,,0.0,1.0,0.0974,0.9755,47.988,145.534,333.164,43.249,0.17814,0.10715,0.18304
152.0,154.0,23,0.4723,ALN,0.696,0.304,0.373,0.9813,65.784,74.452,152.78,44.85,0.17814,0.10715,0.18304
152.0,154.0,38,0.4723,OMG,0.447,0.263,0.276,0.9332,124.063,58.648,153.325,56.204,0.17814,0.10715,0.18304
152.0,154.0,9,0.4723,,0.0,1.0,0.7032,0.9745,101.504,66.896,332.934,54.791,0.17814,0.10715,0.18304
152.0,154.0,11,0.4723,UMS,1.0,0.0,0.6335,0.9635,66.494,103.479,153.074,42.534,0.17814,0.10715,0.18304
152.0,154.0,27,0.4723,,0.0,0.593,0.4452,0.9745,74.282,98.361,333.158,45.952,0.17814,0.10715,0.18304
152.0,154.0,15,0.4723,,0.0,1.0,0.1888,0.9715,133.814,129.931,332.909,56.204,0.17814,0.10715,0.18304
152.0,154.0,13,0.4723,,0.0,1.0,0.8478,0.9069,57.203,48.696,333.121,36.575,0.17814,0.10715,0.18304
152.0,154.0,8,0.4723,,0.0,1.0,1.0004,0.7622,57.346,347.768,332.39,33.625,0.17814,0.10715,0.18304
153.0,155.0,5383,0.4599,,0.0,0.805,0.8463,0.8577,70.892,186.782,154.526,42.658,0.17539,0.11053,0.1984
153.0,155.0,25,0.4599,ALN,0.64,0.36,0.3777,0.986,67.928,75.528,153.787,45.132,0.17539,0.11053,0.1984
153.0,155.0,28,0.4599,,0.0,0.536,0.3978,0.9767,75.216,102.964,333.839,45.875,0.17539,0.11053,0.1984
153.0,155.0,28,0.4599,,0.0,1.0,0.986,0.6955,41.466,22.323,334.021,26.229,0.17539,0.11053,0.1984
153.0,155.0,15,0.4599,UMS,0.667,0.333,0.616,0.9623,65.465,101.677,154.038,42.174,0.17539,0.11053,0.1984
153.0,155.0,17,0.4599,,0.0,1.0,0.7362,0.9249,159.733,296.715,334.044,66.719,0.17539,0.11053,0.1984
153.0,155.0,8,0.4599,,0.0,1.0,0.5605,0.9189,161.35,273.97,334.01,64.609,0.17539,0.11053,0.1984
154.0,156.0,5687,0.4723,,0.0,0.82,0.8467,0.856,73.617,184.397,155.531,43.521,0.21674,0.10576,0.21979
154.0,156.0,13,0.4723,,0.0,1.0,0.2106,0.9801,64.013,128.416,334.963,44.281,0.21674,0.10576,0.21979
154.0,156.0,36,0.4723,,0.0,0.556,0.5244,0.9591,66.962,90.616,154.803,43.373,0.21674,0.10576,0.21979
155.0,157.0,5700,0.4792,,0.0,0.831,0.8318,0.8599,72.111,185.702,156.592,43.637,0.24716,0.11699,0.21658
155.0,157.0,20,0.4792,,0.0,1.0,0.3315,0.9913,107.208,110.482,336.443,54.761,0.24716,0.11699,0.21658
155.0,157.0,8,0.4792,,0.0,1.0,0.6261,0.973,96.468,78.043,335.965,52.495,0.24716,0.11699,0.21658
155.0,157.0,24,0.4792,ALN,0.583,0.417,0.3711,0.9796,66.675,74.069,155.924,45.016,0.24716,0.11699,0.21658
156.0,158.0,5086,0.5021,,0.0,0.835,0.8394,0.8525,64.836,188.548,157.41,41.984,0.161,0.1037,0.22245
156.0,158.0,43,0.5021,,0.0,0.837,0.3817,0.9636,70.318,105.138,336.602,44.868,0.161,0.1037,0.22245
156.0,158.0,21,0.5021,,0.0,1.0,1.0081,0.6554,34.12,9.244,336.345,21.404,0.161,0.1037,0.22245
156.0,158.0,9,0.5021,,0.0,1.0,0.9823,0.6585,46.37,21.467,337.095,27.965,0.161,0.1037,0.22245
156.0,158.0,21,0.5021,,0.0,1.0,0.332,0.9833,107.092,111.048,336.549,54.659,0.161,0.1037,0.22245
156.0,158.0,51,0.5021,OMG,0.412,0.294,0.3014,0.9483,125.896,63.996,156.888,57.28,0.161,0.1037,0.22245
156.0,158.0,28,0.5021,,0.0,1.0,0.2342,0.9705,140.521,123.845,336.681,58.678,0.161,0.1037,0.22245
156.0,158.0,25,0.5021,ALN,0.8,0.2,0.3849,0.9866,66.396,74.688,156.759,44.69,0.161,0.1037,0.22245
156.0,158.0,16,0.5021,,0.0,1.0,0.9768,0.9054,63.613,21.642,336.858,38.31,0.161,0.1037,0.22245
156.0,158.0,20,0.5021,,0.0,1.0,0.9531,0.9252,80.047,332.13,336.543,46.304,0.161,0.1037,0.22245
156.0,158.0,14,0.5021,,0.0,1.0,0.7647,0.9226,151.205,299.852,336.866,66.043,0.161,0.1037,0.22245
156.0,158.0,8,0.5021,,0.0,1.0,0.8429,0.8686,66.066,49.574,336.302,39.917,0.161,0.1037,0.22245
156.0,158.0,8,0.5021,,0.0,1.0,0.6211,0.9803,58.101,77.399,336.583,38.939,0.161,0.1037,0.22245
157.0,159.0,5402,0.5649,,0.0,0.829,0.8363,0.8586,81.273,189.156,158.454,46.768,0.22077,0.092,0.18695
157.0,159.0,12,0.5649,EMO,0.583,0.417,0.6015,0.8966,133.071,277.809,338.173,61.366,0.22077,0.092,0.18695
157.0,159.0,18,0.5649,,0.0,1.0,0.9755,0.9292,62.616,22.106,337.695,38.117,0.22077,0.092,0.18695
157.0,159.0,13,0.5649,,0.0,1.0,0.9019,0.8822,56.096,140.943,158.168,35.826,0.22077,0.092,0.18695
157.0,159.0,20,0.5649,,0.0,1.0,0.7586,0.9066,150.13,297.828,337.605,65.956,0.22077,0.092,0.18695
157.0,159.0,55,0.5649,,0.0,0.836,0.4385,0.9584,73.065,99.022,337.713,44.612,0.22077,0.092,0.18695
157.0,159.0,8,0.5649,,0.0,1.0,0.6358,0.9411,50.865,76.581,338.075,35.493,0.22077,0.092,0.18695
157.0,159.0,15,0.5649,ALN,0.6,0.4,0.3959,0.9765,68.753,76.04,157.947,45.237,0.22077,0.092,0.18695
158.0,160.0,5234,0.5008,,0.0,0.851,0.8544,0.848,64.286,186.993,159.524,41.97,0.217,0.08807,0.18877
158.0,160.0,31,0.5008,,0.0,1.0,0.7106,0.8418,156.592,291.25,339.263,65.353,0.217,0.08807,0.18877
158.0,160.0,11,0.5008,,0.0,0.636,0.9948,0.9052,91.854,346.423,338.589,51.085,0.217,0.08807,0.18877
158.0,160.0,63,0.5008,,0.0,0.778,0.4501,0.9491,70.534,97.911,339.172,44.552,0.217,0.08807,0.18877
158.0,160.0,16,0.5008,,0.0,1.0,0.3106,0.9787,105.051,114.649,339.153,53.963,0.217,0.08807,0.18877
158.0,160.0,16,0.5008,,0.0,1.0,0.9731,0.9072,62.061,22.299,339.027,37.448,0.217,0.08807,0.18877
158.0,160.0,9,0.5008,,0.0,1.0,0.8566,0.8436,58.13,47.875,339.068,35.777,0.217,0.08807,0.18877
158.0,160.0,13,0.5008,EMO,0.769,0.231,0.5961,0.9522,135.244,279.821,338.924,62.429,0.217,0.08807,0.18877
158.0,160.0,61,0.5008,OMG,0.426,0.41,0.3047,0.9434,132.315,64.364,159.377,58.368,0.217,0.08807,0.18877
158.0,160.0,12,0.5008,,0.0,1.0,0.4814,0.9442,153.019,265.698,339.123,63.734,0.217,0.08807,0.18877
158.0,160.0,32,0.5008,,0.0,1.0,0.2333,0.976,158.904,126.275,338.787,59.612,0.217,0.08807,0.18877
158.0,160.0,15,0.5008,ALN,0.667,0.333,0.4021,0.9858,69.248,77.114,158.741,45.478,0.217,0.08807,0.18877
158.0,160.0,8,0.5008,,0.0,0.75,0.7284,0.9071,66.318,115.087,159.661,41.268,0.217,0.08807,0.18877
159.0,161.0,5391,0.4761,,0.0,0.858,0.8472,0.8491,64.729,183.225,160.498,41.725,0.18805,0.09658,0.18842
159.0,161.0,63,0.4761,,0.0,0.651,0.4283,0.9615,69.474,101.182,339.814,44.217,0.18805,0.09658,0.18842
159.0,161.0,10,0.4761,,0.0,1.0,0.2523,0.9876,150.581,120.46,339.53,60.437,0.18805,0.09658,0.18842
159.0,161.0,10,0.4761,,0.0,1.0,1.0079,0.816,88.044,179.089,340.123,48.687,0.18805,0.09658,0.18842
159.0,161.0,8,0.4761,,0.0,1.0,0.7511,0.8193,157.279,296.362,339.474,65.673,0.18805,0.09658,0.18842
159.0,161.0,12,0.4761,,0.0,1.0,0.3944,0.4737,54.742,341.914,160.332,25.39,0.18805,0.09658,0.18842
159.0,161.0,22,0.4761,EMO,0.727,0.273,0.6057,0.9015,133.463,279.427,340.307,61.635,0.18805,0.09658,0.18842
159.0,161.0,10,0.4761,ALN,0.7,0.3,0.3862,0.9862,68.229,74.997,159.664,45.374,0.18805,0.09658,0.18842
160.0,162.0,5707,0.4706,,0.0,0.857,0.8443,0.8579,89.827,183.321,161.6,49.898,0.2371,0.10608,0.22021
160.0,162.0,16,0.4706,,0.0,0.5,0.5603,0.9303,137.002,273.662,340.693,62.523,0.2371,0.10608,0.22021
161.0,163.0,5348,0.4521,,0.0,0.858,0.8419,0.8519,99.121,190.732,162.364,53.518,0.17953,0.11177,0.17106
161.0,163.0,16,0.4521,,0.0,1.0,0.8009,0.923,107.1,54.5,341.701,56.044,0.17953,0.11177,0.17106
161.0,163.0,10,0.4521,,0.0,1.0,0.4619,0.9687,107.716,95.34,341.811,54.723,0.17953,0.11177,0.17106
161.0,163.0,10,0.4521,,0.0,1.0,0.6497,0.8807,75.922,257.225,162.021,44.041,0.17953,0.11177,0.17106
161.0,163.0,25,0.4521,,0.0,0.6,0.4071,0.9451,70.574,103.469,341.958,44.203,0.17953,0.11177,0.17106
161.0,163.0,19,0.4521,,0.0,1.0,0.531,0.9428,54.559,89.605,342.092,38.659,0.17953,0.11177,0.17106
161.0,163.0,14,0.4521,,0.0,1.0,0.9799,0.9024,62.352,20.302,341.663,37.732,0.17953,0.11177,0.17106
161.0,163.0,27,0.4521,ALN,0.741,0.259,0.3932,0.9874,68.677,76.164,162.195,45.451,0.17953,0.11177,0.17106
161.0,163.0,22,0.4521,,0.0,1.0,1.003,0.6498,30.477,347.743,342.041,19.616,0.17953,0.11177,0.17106
161.0,163.0,14,0.4521,EMO,0.786,0.214,0.6033,0.953,133.304,280.551,342.229,62.193,0.17953,0.11177,0.17106
161.0,163.0,15,0.4521,,0.0,1.0,0.5304,0.9379,155.143,271.238,342.316,63.977,0.17953,0.11177,0.17106
161.0,163.0,11,0.4521,,0.0,0.909,1.0062,0.8078,90.167,352.089,341.281,49.893,0.17953,0.11177,0.17106
161.0,163.0,8,0.4521,,0.0,1.0,0.3092,0.9825,104.451,113.581,341.959,53.673,0.17953,0.11177,0.17106
162.0,164.0,5190,0.496,,0.0,0.862,0.8465,0.8518,99.172,195.771,163.419,53.56,0.17916,0.08312,0.21882
162.0,164.0,80,0.496,OMG,0.662,0.338,0.3088,0.9556,129.55,64.796,162.859,58.144,0.17916,0.08312,0.21882
162.0,164.0,16,0.496,,0.0,1.0,0.2128,0.9783,146.601,126.99,342.879,58.3,0.17916,0.08312,0.21882
162.0,164.0,16,0.496,FCE,0.688,0.312,0.3692,0.9586,71.776,106.741,342.677,44.803,0.17916,0.08312,0.21882
162.0,164.0,27,0.496,ALN,0.815,0.185,0.3932,0.9894,68.449,77.138,162.88,45.496,0.17916,0.08312,0.21882
162.0,164.0,12,0.496,,0.0,1.0,0.9771,0.9287,63.766,20.429,342.31,38.776,0.17916,0.08312,0.21882
162.0,164.0,19,0.496,,0.0,1.0,0.4283,0.9741,104.443,104.012,342.893,54.179,0.17916,0.08312,0.21882
162.0,164.0,27,0.496,,0.0,1.0,0.9988,0.6604,31.876,17.6,342.329,20.997,0.17916,0.08312,0.21882
162.0,164.0,15,0.496,,0.0,1.0,0.885,0.9154,54.076,136.394,163.152,35.178,0.17916,0.08312,0.21882
163.0,165.0,5474,0.5027,,0.0,0.835,0.8283,0.8609,101.981,198.519,164.486,54.269,0.19629,0.09863,0.22674
163.0,165.0,57,0.5027,OMG,0.772,0.228,0.2976,0.9427,128.682,61.935,163.907,57.484,0.19629,0.09863,0.22674
163.0,165.0,18,0.5027,,0.0,0.667,0.4223,0.9817,68.471,80.282,164.289,44.887,0.19629,0.09863,0.22674
163.0,165.0,23,0.5027,,0.0,0.739,0.4458,0.9299,69.805,101.307,344.293,42.932,0.19629,0.09863,0.22674
163.0,165.0,18,0.5027,,0.0,1.0,0.8324,0.8867,50.301,128.139,163.896,34.194,0.19629,0.09863,0.22674
163.0,165.0,21,0.5027,,0.0,1.0,0.9227,0.9105,64.537,34.659,344.205,39.132,0.19629,0.09863,0.22674
164.0,166.0,5063,0.4888,,0.0,0.795,0.8048,0.8613,106.212,202.091,165.38,56.033,0.15579,0.10071,0.18257
164.0,166.0,29,0.4888,FCE,0.552,0.448,0.4032,0.9432,71.119,103.865,345.021,44.729,0.15579,0.10071,0.18257
164.0,166.0,13,0.4888,,0.0,1.0,0.9956,0.6616,28.143,346.161,344.998,18.733,0.15579,0.10071,0.18257
164.0,166.0,15,0.4888,,0.0,1.0,0.9825,0.9239,63.254,18.479,345.302,38.519,0.15579,0.10071,0.18257
164.0,166.0,56,0.4888,OMG,0.571,0.429,0.3343,0.9506,130.749,68.011,165.016,58.66,0.15579,0.10071,0.18257
164.0,166.0,15,0.4888,,0.0,1.0,1.0053,0.675,48.105,7.584,344.95,29.069,0.15579,0.10071,0.18257
164.0,166.0,12,0.4888,,0.0,1.0,0.4258,0.9507,152.107,259.25,345.348,62.342,0.15579,0.10071,0.18257
164.0,166.0,23,0.4888,,0.0,0.913,0.42,0.9815,68.046,78.857,164.644,44.704,0.15579,0.10071,0.18257
164.0,166.0,19,0.4888,,0.0,1.0,0.2094,0.9678,149.073,128.974,345.533,58.314,0.15579,0.10071,0.18257
164.0,166.0,12,0.4888,,0.0,1.0,0.9382,0.8377,176.168,149.582,165.419,69.047,0.15579,0.10071,0.18257
164.0,166.0,9,0.4888,,0.0,1.0,0.6098,0.9447,50.105,79.119,345.36,35.584,0.15579,0.10071,0.18257
164.0,166.0,9,0.4888,,0.0,1.0,0.643,0.9399,36.464,255.487,164.824,31.016,0.15579,0.10071,0.18257
164.0,166.0,9,0.4888,,0.0,1.0,0.9734,0.7371,33.3,23.002,345.217,21.999,0.15579,0.10071,0.18257
165.0,167.0,5427,0.5199,,0.0,0.78,0.7975,0.8696,108.921,201.398,166.423,56.228,0.19905,0.10646,0.17914
165.0,167.0,14,0.5199,,0.0,1.0,0.1792,0.9768,173.066,310.802,166.665,59.375,0.19905,0.10646,0.17914
165.0,167.0,11,0.5199,,0.0,0.545,0.9956,0.9174,98.302,346.981,345.346,53.98,0.19905,0.10646,0.17914
165.0,167.0,8,0.5199,,0.0,1.0,0.7965,0.9199,57.359,57.121,346.394,36.82,0.19905,0.10646,0.17914
165.0,167.0,8,0.5199,,0.0,1.0,0.7445,0.9621,152.565,297.0,346.135,66.702,0.19905,0.10646,0.17914
165.0,167.0,14,0.5199,EMO,0.571,0.429,0.6139,0.9511,138.108,281.254,346.089,63.272,0.19905,0.10646,0.17914
165.0,167.0,17,0.5199,,0.0,1.0,0.4424,0.9652,153.616,261.846,345.847,63.89,0.19905,0.10646,0.17914
165.0,167.0,15,0.5199,,0.0,1.0,0.6098,0.9439,50.105,79.119,345.601,36.259,0.19905,0.10646,0.17914
165.0,167.0,34,0.5199,FCE,0.5,0.5,0.3945,0.9425,72.438,103.556,345.888,44.496,0.19905,0.10646,0.17914
165.0,167.0,19,0.5199,,0.0,1.0,0.42,0.9913,68.981,80.37,165.869,45.408,0.19905,0.10646,0.17914
166.0,168.0,5258,0.5412,,0.0,0.768,0.7846,0.86,101.255,204.841,167.398,54.202,0.21372,0.09266,0.17072
166.0,168.0,17,0.5412,,0.0,1.0,0.975,0.8808,94.123,21.083,347.086,51.934,0.21372,0.09266,0.17072
166.0,168.0,63,0.5412,,0.0,1.0,0.9011,0.8912,72.386,39.442,347.095,42.757,0.21372,0.09266,0.17072
166.0,168.0,9,0.5412,,0.0,1.0,0.8939,0.962,63.107,320.588,347.713,39.197,0.21372,0.09266,0.17072
166.0,168.0,17,0.5412,,0.0,1.0,0.758,0.9266,146.19,298.055,347.171,65.713,0.21372,0.09266,0.17072
166.0,168.0,10,0.5412,,0.0,1.0,0.246,0.9352,42.711,125.626,346.639,38.44,0.21372,0.09266,0.17072
166.0,168.0,8,0.5412,,0.0,1.0,0.9038,0.8359,170.187,320.228,346.984,68.757,0.21372,0.09266,0.17072
166.0,168.0,11,0.5412,,0.0,1.0,0.4261,0.965,154.199,258.579,346.535,63.587,0.21372,0.09266,0.17072
166.0,168.0,37,0.5412,,0.0,0.703,0.4044,0.9639,70.811,103.544,346.94,44.802,0.21372,0.09266,0.17072
166.0,168.0,17,0.5412,,0.0,1.0,0.4379,0.9881,69.968,82.368,166.837,45.345,0.21372,0.09266,0.17072
166.0,168.0,10,0.5412,,0.0,1.0,0.8554,0.9436,50.215,133.416,167.535,33.796,0.21372,0.09266,0.17072
167.0,169.0,5333,0.5397,,0.0,0.803,0.8018,0.8583,88.655,199.062,168.465,49.586,0.22112,0.0951,0.17608
167.0,169.0,70,0.5397,,0.0,1.0,0.8989,0.8987,72.932,39.684,347.97,42.725,0.22112,0.0951,0.17608
167.0,169.0,15,0.5397,,0.0,1.0,0.8979,0.962,66.329,321.215,347.97,40.94,0.22112,0.0951,0.17608
167.0,169.0,31,0.5397,,0.0,0.677,0.4071,0.9396,68.852,103.609,348.051,43.197,0.22112,0.0951,0.17608
167.0,169.0,39,0.5397,OMG,0.59,0.41,0.3307,0.9545,129.516,67.76,168.15,58.571,0.22112,0.0951,0.17608
167.0,169.0,9,0.5397,,0.0,1.0,0.116,0.9812,47.505,322.373,168.42,43.491,0.22112,0.0951,0.17608
167.0,169.0,10,0.5397,,0.0,1.0,0.3404,0.9214,157.839,66.805,167.825,61.233,0.22112,0.0951,0.17608
167.0,169.0,8,0.5397,,0.0,1.0,0.8262,0.92,48.019,128.005,167.673,32.601,0.22112,0.0951,0.17608
167.0,169.0,8,0.5397,,0.0,1.0,0.7414,0.9701,127.292,297.832,348.076,62.297,0.22112,0.0951,0.17608
167.0,169.0,8,0.5397,,0.0,1.0,0.1844,0.9418,173.094,315.232,167.928,57.549,0.22112,0.0951,0.17608
167.0,169.0,15,0.5397,,0.0,1.0,0.4432,0.9642,68.885,82.724,168.008,44.963,0.22112,0.0951,0.17608
168.0,170.0,5488,0.4921,,0.0,0.829,0.8115,0.8517,76.073,195.361,169.491,45.286,0.19956,0.1038,0.18913
168.0,170.0,17,0.4921,TER,0.765,0.235,0.6225,0.9502,88.174,77.132,349.063,49.905,0.19956,0.1038,0.18913
168.0,170.0,42,0.4921,,0.0,1.0,0.5939,0.9264,153.593,276.678,349.198,64.037,0.19956,0.1038,0.18913
168.0,170.0,31,0.4921,,0.0,0.903,0.9895,0.9026,83.623,336.962,348.942,48.564,0.19956,0.1038,0.18913
168.0,170.0,11,0.4921,,0.0,1.0,0.2109,0.9449,123.405,128.209,348.861,55.413,0.19956,0.1038,0.18913
168.0,170.0,16,0.4921,,0.0,1.0,0.453,0.9775,70.219,83.337,169.202,45.509,0.19956,0.1038,0.18913
168.0,170.0,41,0.4921,OMG,0.61,0.39,0.3096,0.9552,132.304,64.702,168.928,58.51,0.19956,0.1038,0.18913
168.0,170.0,15,0.4921,,0.0,1.0,0.88,0.9006,66.62,317.946,349.016,41.238,0.19956,0.1038,0.18913
168.0,170.0,24,0.4921,,0.0,1.0,0.8006,0.8899,60.06,124.263,169.13,37.922,0.19956,0.1038,0.18913
168.0,170.0,8,0.4921,,0.0,1.0,0.7881,0.9607,23.228,56.105,348.708,24.028,0.19956,0.1038,0.18913
169.0,171.0,5602,0.4873,,0.0,0.829,0.8168,0.8479,84.476,195.912,170.446,47.796,0.19953,0.10192,0.20043
169.0,171.0,8,0.4873,,0.0,1.0,0.1591,0.9786,166.129,315.378,170.215,58.326,0.19953,0.10192,0.20043
169.0,171.0,13,0.4873,,0.0,1.0,0.4435,0.9848,68.252,82.037,169.564,45.039,0.19953,0.10192,0.20043
169.0,171.0,38,0.4873,,0.0,0.632,0.4087,0.9469,67.396,104.176,349.676,42.831,0.19953,0.10192,0.20043
169.0,171.0,16,0.4873,,0.0,1.0,0.728,0.9506,67.156,114.072,169.386,42.052,0.19953,0.10192,0.20043
169.0,171.0,13,0.4873,,0.0,1.0,0.886,0.8957,66.654,318.185,350.245,40.599,0.19953,0.10192,0.20043
170.0,172.0,5344,0.4748,,0.0,0.835,0.8143,0.8432,87.122,194.707,171.432,48.846,0.18476,0.11503,0.17617
170.0,172.0,10,0.4748,,0.0,1.0,0.0503,0.9635,33.675,339.778,170.734,38.829,0.18476,0.11503,0.17617
170.0,172.0,17,0.4748,,0.0,1.0,0.9934,0.6591,27.716,341.778,351.257,19.2,0.18476,0.11503,0.17617
170.0,172.0,17,0.4748,,0.0,1.0,0.2215,0.9706,52.963,126.869,351.313,41.835,0.18476,0.11503,0.17617
170.0,172.0,40,0.4748,,0.0,1.0,0.9867,0.7219,55.089,19.79,351.292,32.635,0.18476,0.11503,0.17617
170.0,172.0,9,0.4748,TER,1.0,0.0,0.6479,0.9761,87.814,75.993,350.686,49.22,0.18476,0.11503,0.17617
170.0,172.0,13,0.4748,,0.0,1.0,0.8717,0.8723,177.308,140.324,171.423,69.028,0.18476,0.11503,0.17617
170.0,172.0,14,0.4748,,0.0,1.0,0.4425,0.9889,68.83,82.765,170.751,45.244,0.18476,0.11503,0.17617
170.0,172.0,24,0.4748,,0.0,1.0,0.8412,0.9307,49.811,130.977,171.038,34.454,0.18476,0.11503,0.17617
170.0,172.0,26,0.4748,,0.0,0.654,0.4236,0.9517,73.87,99.98,351.411,45.389,0.18476,0.11503,0.17617
170.0,172.0,8,0.4748,,0.0,0.75,0.9772,0.8958,95.326,339.802,350.867,52.754,0.18476,0.11503,0.17617
170.0,172.0,9,0.4748,,0.0,1.0,0.8759,0.9295,66.907,317.246,351.662,41.251,0.18476,0.11503,0.17617
170.0,172.0,8,0.4748,,0.0,1.0,0.8542,0.9111,90.889,47.362,351.046,50.363,0.18476,0.11503,0.17617
170.0,172.0,13,0.4748,,0.0,1.0,0.4675,0.9127,153.626,263.109,350.607,63.575,0.18476,0.11503,0.17617
171.0,173.0,5626,0.4234,,0.0,0.836,0.832,0.8463,93.702,193.125,172.477,51.298,0.27446,0.10385,0.20594
171.0,173.0,39,0.4234,,0.0,0.718,0.4363,0.9561,68.934,99.102,351.683,43.453,0.27446,0.10385,0.20594
171.0,173.0,12,0.4234,,0.0,1.0,0.1591,0.9765,172.386,314.576,172.122,58.424,0.27446,0.10385,0.20594
171.0,173.0,13,0.4234,,0.0,1.0,0.9048,0.9379,69.253,322.925,352.224,42.64,0.27446,0.10385,0.20594
171.0,173.0,11,0.4234,,0.0,1.0,0.1905,0.9849,148.818,128.998,352.247,58.256,0.27446,0.10385,0.20594
171.0,173.0,13,0.4234,,0.0,1.0,0.4468,0.9939,69.325,83.227,172.23,45.255,0.27446,0.10385,0.20594
172.0,174.0,5297,0.4622,,0.0,0.829,0.8409,0.8433,84.998,200.625,173.353,48.256,0.27909,0.10513,0.17022
172.0,174.0,11,0.4622,,0.0,1.0,0.4683,0.9597,101.25,95.843,352.65,53.118,0.27909,0.10513,0.17022
172.0,174.0,15,0.4622,,0.0,0.667,0.6203,0.9706,89.801,76.566,352.695,51.06,0.27909,0.10513,0.17022
172.0,174.0,18,0.4622,,0.0,1.0,0.2194,0.9743,151.299,126.591,352.722,58.952,0.27909,0.10513,0.17022
172.0,174.0,10,0.4622,,0.0,1.0,0.9049,0.8467,70.272,38.281,352.747,41.352,0.27909,0.10513,0.17022
172.0,174.0,12,0.4622,,0.0,1.0,0.6488,0.9733,135.371,285.598,353.229,63.497,0.27909,0.10513,0.17022
172.0,174.0,18,0.4622,SZE,0.778,0.222,0.3894,0.9768,112.859,104.88,352.747,56.104,0.27909,0.10513,0.17022
172.0,174.0,8,0.4622,,0.0,1.0,0.2312,0.9582,123.582,125.419,352.964,55.873,0.27909,0.10513,0.17022
172.0,174.0,23,0.4622,,0.0,1.0,0.9074,0.9165,99.773,37.342,352.723,53.801,0.27909,0.10513,0.17022
172.0,174.0,8,0.4622,,0.0,1.0,0.1594,0.968,45.214,135.55,353.439,41.807,0.27909,0.10513,0.17022
172.0,174.0,9,0.4622,,0.0,1.0,0.9525,0.8898,69.487,152.308,173.07,41.327,0.27909,0.10513,0.17022
172.0,174.0,20,0.4622,,0.0,0.6,0.3304,0.9641,69.172,111.152,352.846,44.276,0.27909,0.10513,0.17022
173.0,175.0,5649,0.5325,,0.0,0.832,0.8216,0.8539,78.623,196.021,174.402,45.609,0.2083,0.1023,0.23479
173.0,175.0,28,0.5325,,0.0,1.0,0.5979,0.9608,68.342,97.727,173.825,44.162,0.2083,0.1023,0.23479
173.0,175.0,13,0.5325,,0.0,1.0,0.4661,0.9601,164.374,267.046,354.183,65.102,0.2083,0.1023,0.23479
173.0,175.0,21,0.5325,,0.0,1.0,0.6389,0.9195,137.325,283.252,353.852,63.143,0.2083,0.1023,0.23479
174.0,176.0,5565,0.5458,,0.0,0.833,0.807,0.8562,70.954,194.755,175.535,44.051,0.24401,0.12261,0.1871
174.0,176.0,40,0.5458,,0.0,0.75,0.403,0.9552,66.376,103.053,355.071,43.646,0.24401,0.12261,0.1871
174.0,176.0,14,0.5458,,0.0,1.0,1.0025,0.9222,74.295,11.249,354.992,44.102,0.24401,0.12261,0.1871
174.0,176.0,24,0.5458,,0.0,1.0,0.5576,0.9381,143.646,274.663,355.071,63.587,0.24401,0.12261,0.1871
174.0,176.0,8,0.5458,,0.0,1.0,0.2155,0.9647,54.082,126.244,355.121,42.672,0.24401,0.12261,0.1871
174.0,176.0,19,0.5458,,0.0,1.0,0.4818,0.9833,68.533,87.123,174.609,45.086,0.24401,0.12261,0.1871
175.0,177.0,5687,0.5304,,0.0,0.843,0.831,0.8469,68.316,189.999,176.666,43.15,0.28256,0.10407,0.20612
175.0,177.0,10,0.5304,,0.0,1.0,0.8837,0.9478,68.247,318.693,355.594,41.777,0.28256,0.10407,0.20612
175.0,177.0,14,0.5304,,0.0,1.0,0.0799,0.9605,36.297,152.096,356.013,40.77,0.28256,0.10407,0.20612
175.0,177.0,14,0.5304,,0.0,1.0,0.5028,0.9592,74.499,87.57,175.802,45.208,0.28256,0.10407,0.20612
176.0,178.0,5138,0.5146,,0.0,0.837,0.8305,0.8452,66.359,193.252,177.512,43.143,0.21267,0.09834,0.15635
176.0,178.0,47,0.5146,,0.0,0.574,0.3632,0.9452,137.287,71.067,177.037,59.685,0.21267,0.09834,0.15635
176.0,178.0,21,0.5146,,0.0,1.0,0.4889,0.9571,155.0,267.868,357.075,64.361,0.21267,0.09834,0.15635
176.0,178.0,9,0.5146,,0.0,1.0,0.3916,0.9788,112.608,283.13,177.384,56.715,0.21267,0.09834,0.15635
176.0,178.0,15,0.5146,,0.0,0.933,0.5704,0.8594,161.941,93.196,177.055,64.564,0.21267,0.09834,0.15635
176.0,178.0,10,0.5146,,0.0,1.0,0.8468,0.941,97.266,47.594,356.819,53.052,0.21267,0.09834,0.15635
176.0,178.0,8,0.5146,,0.0,1.0,0.6672,0.9563,93.014,72.343,356.843,51.713,0.21267,0.09834,0.15635
176.0,178.0,8,0.5146,,0.0,1.0,0.9808,0.9167,117.513,341.786,357.251,61.132,0.21267,0.09834,0.15635
176.0,178.0,10,0.5146,,0.0,1.0,0.9809,0.6673,26.238,340.566,356.43,18.655,0.21267,0.09834,0.15635
176.0,178.0,13,0.5146,,0.0,1.0,1.0015,0.9634,79.106,6.066,357.253,45.757,0.21267,0.09834,0.15635
176.0,178.0,8,0.5146,,0.0,1.0,0.8382,0.9582,63.783,131.863,177.441,39.859,0.21267,0.09834,0.15635
176.0,178.0,9,0.5146,,0.0,1.0,0.9725,0.8464,100.786,21.961,357.646,54.019,0.21267,0.09834,0.15635
176.0,178.0,8,0.5146,,0.0,0.875,1.0026,0.9143,63.802,184.682,177.557,37.997,0.21267,0.09834,0.15635
176.0,178.0,22,0.5146,,0.0,0.727,0.3575,0.9641,66.956,108.841,356.874,43.869,0.21267,0.09834,0.15635
177.0,179.0,5198,0.4702,,0.0,0.847,0.8196,0.84,68.005,199.667,178.581,43.179,0.22291,0.09688,0.15877
177.0,179.0,45,0.4702,OMG,0.511,0.444,0.3502,0.9614,137.87,70.884,178.283,60.478,0.22291,0.09688,0.15877
177.0,179.0,20,0.4702,,0.0,1.0,0.9963,0.9548,78.846,10.275,357.875,45.763,0.22291,0.09688,0.15877
177.0,179.0,9,0.4702,,0.0,1.0,0.3375,0.9502,105.162,292.501,177.762,52.883,0.22291,0.09688,0.15877
177.0,179.0,8,0.4702,,0.0,1.0,0.2311,0.956,146.417,124.369,358.144,58.538,0.22291,0.09688,0.15877
177.0,179.0,13,0.4702,XCD,0.692,0.308,0.0605,0.9685,36.204,155.997,358.333,39.944,0.22291,0.09688,0.15877
177.0,179.0,14,0.4702,FCE,0.571,0.429,0.39,0.9653,71.902,104.918,358.141,44.52,0.22291,0.09688,0.15877
178.0,180.0,5524,0.4593,,0.0,0.848,0.8138,0.8458,69.635,196.555,179.467,43.329,0.22509,0.09039,0.22313
178.0,180.0,15,0.4593,,0.0,1.0,0.505,0.9775,68.886,88.411,178.516,44.834,0.22509,0.09039,0.22313
178.0,180.0,10,0.4593,,0.0,1.0,0.1604,0.9556,159.117,315.884,178.822,57.337,0.22509,0.09039,0.22313
178.0,180.0,16,0.4593,XCD,0.75,0.25,0.0572,0.9705,36.168,156.519,359.005,40.713,0.22509,0.09039,0.22313
178.0,180.0,13,0.4593,,0.0,1.0,0.2975,0.9539,109.489,296.988,178.923,54.24,0.22509,0.09039,0.22313
178.0,180.0,15,0.4593,,0.0,0.733,0.3717,0.9526,61.306,107.288,359.572,42.853,0.22509,0.09039,0.22313
178.0,180.0,8,0.4593,,0.0,1.0,0.5903,0.9673,138.792,279.657,359.274,63.614,0.22509,0.09039,0.22313
179.0,181.0,5562,0.4793,,0.0,0.858,0.8042,0.8468,73.48,190.795,180.024,44.337,0.21256,0.09093,0.25526
179.0,181.0,21,0.4793,XCD,0.81,0.19,0.0588,0.9695,34.702,156.155,359.019,40.879,0.21256,0.09093,0.25526
179.0,181.0,11,0.4793,,0.0,1.0,0.1485,0.9724,143.706,136.588,0.818,56.527,0.21256,0.09093,0.25526
179.0,181.0,10,0.4793,,0.0,1.0,0.445,0.9642,146.194,262.309,0.966,62.805,0.21256,0.09093,0.25526
179.0,181.0,8,0.4793,,0.0,1.0,0.5871,0.9187,137.85,276.993,359.313,62.682,0.21256,0.09093,0.25526
179.0,181.0,30,0.4793,,0.0,0.8,0.3468,0.9481,60.832,111.373,0.961,41.952,0.21256,0.09093,0.25526
179.0,181.0,14,0.4793,,0.0,1.0,0.5032,0.973,64.903,90.575,0.954,42.782,0.21256,0.09093,0.25526
180.0,182.0,5337,0.4653,,0.0,0.849,0.8106,0.8432,67.969,187.988,180.536,43.141,0.21155,0.09835,0.17079
180.0,182.0,16,0.4653,,0.0,1.0,0.5167,0.9447,54.261,91.869,0.878,38.373,0.21155,0.09835,0.17079
180.0,182.0,41,0.4653,,0.0,1.0,0.7725,0.8961,69.417,59.4,1.216,42.161,0.21155,0.09835,0.17079
180.0,182.0,10,0.4653,,0.0,1.0,0.9092,0.8156,160.629,322.059,1.249,67.804,0.21155,0.09835,0.17079
180.0,182.0,36,0.4653,,0.0,0.694,0.3628,0.9496,64.789,109.106,0.914,42.933,0.21155,0.09835,0.17079
180.0,182.0,9,0.4653,,0.0,1.0,0.9506,0.8139,99.046,27.927,1.378,52.851,0.21155,0.09835,0.17079
180.0,182.0,11,0.4653,,0.0,1.0,0.7668,0.9318,152.829,301.56,0.917,66.606,0.21155,0.09835,0.17079
180.0,182.0,25,0.4653,,0.0,1.0,0.1752,0.9583,159.622,131.796,0.722,58.421,0.21155,0.09835,0.17079
180.0,182.0,8,0.4653,,0.0,1.0,0.5876,0.945,138.418,278.498,1.058,63.635,0.21155,0.09835,0.17079
180.0,182.0,8,0.4653,,0.0,1.0,0.6791,0.9176,76.875,107.989,181.697,45.561,0.21155,0.09835,0.17079
181.0,183.0,5558,0.4986,,0.0,0.863,0.8134,0.8497,76.421,186.793,181.434,45.126,0.28139,0.09006,0.2079
181.0,183.0,43,0.4986,,0.0,0.698,0.3404,0.9506,65.189,112.254,2.024,43.559,0.28139,0.09006,0.2079
181.0,183.0,19,0.4986,XCD,0.895,0.105,0.0659,0.97,32.178,153.78,2.267,40.58,0.28139,0.09006,0.2079
181.0,183.0,16,0.4986,,0.0,1.0,0.5567,0.9391,147.316,274.519,2.016,64.097,0.28139,0.09006,0.2079
181.0,183.0,10,0.4986,,0.0,1.0,0.7108,0.8871,76.538,112.939,181.813,45.13,0.28139,0.09006,0.2079
182.0,184.0,5549,0.5761,,0.0,0.86,0.8022,0.8505,69.059,186.342,182.366,43.401,0.21759,0.11247,0.17997
182.0,184.0,25,0.5761,,0.0,0.72,0.336,0.9142,67.914,111.06,2.984,43.056,0.21759,0.11247,0.17997
182.0,184.0,10,0.5761,,0.0,1.0,0.5938,0.8707,127.786,277.959,2.505,60.386,0.21759,0.11247,0.17997
182.0,184.0,10,0.5761,DSX,0.7,0.3,0.1442,0.8715,23.159,213.078,3.082,32.611,0.21759,0.11247,0.17997
183.0,185.0,4436,0.5789,,0.0,0.869,0.838,0.8331,45.694,185.858,183.472,37.558,0.22499,0.0621,0.20123
183.0,185.0,16,0.5789,,0.0,0.688,0.3306,0.9752,66.746,112.14,4.072,44.07,0.22499,0.0621,0.20123
183.0,185.0,83,0.5789,,0.0,1.0,0.9731,0.9277,73.372,21.802,3.894,43.318,0.22499,0.0621,0.20123
183.0,185.0,8,0.5789,,0.0,1.0,0.7271,0.9586,156.218,295.953,4.488,67.436,0.22499,0.0621,0.20123
183.0,185.0,25,0.5789,,0.0,0.48,0.3496,0.9644,57.329,288.987,184.384,41.519,0.22499,0.0621,0.20123
183.0,185.0,13,0.5789,,0.0,1.0,0.7131,0.9332,42.044,247.111,184.393,32.187,0.22499,0.0621,0.20123
183.0,185.0,40,0.5789,,0.0,0.525,0.2556,0.979,157.845,300.65,184.109,60.898,0.22499,0.0621,0.20123
183.0,185.0,11,0.5789,OMG,0.909,0.091,0.3334,0.9396,135.876,68.542,184.168,60.355,0.22499,0.0621,0.20123
183.0,185.0,26,0.5789,,0.0,1.0,0.368,0.961,171.711,107.966,4.417,63.18,0.22499,0.0621,0.20123
183.0,185.0,13,0.5789,,0.0,1.0,0.1138,0.9964,43.419,320.655,183.686,44.462,0.22499,0.0621,0.20123
183.0,185.0,11,0.5789,,0.0,1.0,0.1534,0.9809,48.74,315.517,184.327,42.63,0.22499,0.0621,0.20123
183.0,185.0,8,0.5789,,0.0,1.0,0.4508,0.9666,52.549,97.462,4.393,39.311,0.22499,0.0621,0.20123
183.0,185.0,18,0.5789,CCR,0.722,0.278,0.4647,0.9479,156.093,83.71,183.928,64.205,0.22499,0.0621,0.20123
183.0,185.0,25,0.5789,,0.0,1.0,0.3851,0.9549,142.851,286.579,184.175,61.013,0.22499,0.0621,0.20123
183.0,185.0,11,0.5789,ZPI,0.545,0.455,0.0584,0.9706,4.129,335.197,183.994,39.639,0.22499,0.0621,0.20123
183.0,185.0,17,0.5789,TLC,0.706,0.294,0.6886,0.9364,124.391,109.699,184.162,61.082,0.22499,0.0621,0.20123
183.0,185.0,11,0.5789,,0.0,1.0,0.446,0.9325,152.281,99.497,4.468,62.593,0.22499,0.0621,0.20123
183.0,185.0,11,0.5789,DSX,0.909,0.091,0.1451,0.8761,23.986,213.818,4.479,33.337,0.22499,0.0621,0.20123
184.0,186.0,5339,0.5052,,0.0,0.871,0.8029,0.8455,68.922,187.006,184.662,43.607,0.21819,0.08361,0.1813
184.0,186.0,33,0.5052,,0.0,1.0,0.8299,0.863,70.34,51.043,4.839,41.86,0.21819,0.08361,0.1813
184.0,186.0,37,0.5052,,0.0,1.0,0.9803,0.9057,78.018,17.841,4.612,45.432,0.21819,0.08361,0.1813
184.0,186.0,12,0.5052,,0.0,1.0,0.3172,0.9496,117.607,293.155,185.259,55.339,0.21819,0.08361,0.1813
184.0,186.0,9,0.5052,,0.0,1.0,0.4665,0.9874,35.313,94.38,5.735,35.035,0.21819,0.08361,0.1813
184.0,186.0,13,0.5052,,0.0,0.923,0.3246,0.9698,64.362,111.579,5.196,43.803,0.21819,0.08361,0.1813
184.0,186.0,8,0.5052,,0.0,1.0,0.3151,0.9329,161.12,64.255,184.943,61.626,0.21819,0.08361,0.1813
184.0,186.0,15,0.5052,DSX,0.933,0.067,0.1413,0.8786,24.955,213.924,5.501,33.337,0.21819,0.08361,0.1813
185.0,187.0,4952,0.4791,,0.0,0.863,0.7977,0.8448,82.943,184.266,185.646,47.419,0.20504,0.08089,0.15587
185.0,187.0,89,0.4791,,0.0,0.629,0.3493,0.9549,56.977,290.81,185.989,41.547,0.20504,0.08089,0.15587
185.0,187.0,49,0.4791,,0.0,0.898,0.981,0.7133,39.171,24.707,6.274,25.931,0.20504,0.08089,0.15587
185.0,187.0,32,0.4791,,0.0,1.0,0.8112,0.876,68.06,55.03,6.271,40.375,0.20504,0.08089,0.15587
185.0,187.0,8,0.4791,,0.0,1.0,0.9364,0.9469,109.142,29.879,6.542,57.932,0.20504,0.08089,0.15587
185.0,187.0,8,0.4791,,0.0,1.0,0.9995,0.6859,56.394,352.055,6.178,33.527,0.20504,0.08089,0.15587
185.0,187.0,9,0.4791,,0.0,1.0,0.9497,0.727,48.633,331.745,5.797,30.097,0.20504,0.08089,0.15587
185.0,187.0,19,0.4791,,0.0,1.0,0.9851,0.9391,80.038,15.604,6.254,46.154,0.20504,0.08089,0.15587
185.0,187.0,12,0.4791,PTA,0.583,0.417,0.1728,0.9507,147.396,314.201,185.876,57.274,0.20504,0.08089,0.15587
185.0,187.0,8,0.4791,XCD,0.75,0.25,0.0638,0.9691,29.231,153.817,5.711,40.58,0.20504,0.08089,0.15587
185.0,187.0,10,0.4791,,0.0,1.0,0.505,0.9148,158.025,267.243,5.598,64.322,0.20504,0.08089,0.15587
185.0,187.0,12,0.4791,DSX,0.917,0.083,0.1462,0.8702,24.298,213.52,6.308,32.273,0.20504,0.08089,0.15587
186.0,188.0,5533,0.4922,,0.0,0.86,0.7861,0.8463,58.68,180.894,186.42,40.801,0.21929,0.12352,0.18432
186.0,188.0,20,0.4922,,0.0,1.0,0.8141,0.9313,175.578,220.526,96.894,69.144,0.21929,0.12352,0.18432
186.0,188.0,16,0.4922,,0.0,1.0,0.7496,0.9663,157.701,299.203,6.781,67.72,0.21929,0.12352,0.18432
186.0,188.0,11,0.4922,,0.0,1.0,0.9795,0.8677,78.756,343.066,7.372,45.89,0.21929,0.12352,0.18432
186.0,188.0,8,0.4922,,0.0,0.875,0.9936,0.9018,98.296,349.68,7.099,54.135,0.21929,0.12352,0.18432
186.0,188.0,21,0.4922,DSX,0.81,0.19,0.1496,0.8687,24.178,213.792,7.361,32.206,0.21929,0.12352,0.18432
186.0,188.0,11,0.4922,,0.0,1.0,0.6232,0.9006,136.702,281.837,6.912,63.231,0.21929,0.12352,0.18432
187.0,189.0,5198,0.5154,,0.0,0.847,0.793,0.8448,56.542,185.329,187.468,40.032,0.21784,0.07402,0.21034
187.0,189.0,26,0.5154,,0.0,0.615,0.5719,0.9318,79.077,85.997,7.933,46.656,0.21784,0.07402,0.21034
187.0,189.0,10,0.5154,,0.0,1.0,0.2786,0.9679,134.777,117.451,7.724,58.803,0.21784,0.07402,0.21034
187.0,189.0,21,0.5154,,0.0,1.0,0.3458,0.9487,62.908,109.912,8.107,42.783,0.21784,0.07402,0.21034
187.0,189.0,13,0.5154,,0.0,1.0,0.3855,0.9183,131.565,106.84,7.86,58.672,0.21784,0.07402,0.21034
187.0,189.0,8,0.5154,,0.0,1.0,0.5409,0.9807,60.071,86.995,8.375,40.845,0.21784,0.07402,0.21034
187.0,189.0,8,0.5154,,0.0,0.875,0.9985,0.9155,103.806,352.587,8.184,56.612,0.21784,0.07402,0.21034
187.0,189.0,14,0.5154,,0.0,1.0,0.771,0.8148,110.48,119.447,187.864,56.883,0.21784,0.07402,0.21034
187.0,189.0,31,0.5154,DSX,0.935,0.065,0.1467,0.8697,23.731,213.498,7.983,32.275,0.21784,0.07402,0.21034
188.0,190.0,5461,0.5222,,0.0,0.837,0.7714,0.8524,75.014,183.036,188.411,45.111,0.20678,0.08625,0.21223
188.0,190.0,10,0.5222,XCD,0.5,0.5,0.0791,0.9543,28.244,152.864,8.91,38.747,0.20678,0.08625,0.21223
188.0,190.0,30,0.5222,,0.0,1.0,0.4113,0.9694,56.666,104.181,8.978,40.844,0.20678,0.08625,0.21223
188.0,190.0,37,0.5222,DSX,0.946,0.054,0.1467,0.867,25.12,213.222,9.122,32.456,0.20678,0.08625,0.21223
188.0,190.0,18,0.5222,,0.0,1.0,0.3954,0.9732,161.663,256.585,9.355,64.011,0.20678,0.08625,0.21223
188.0,190.0,9,0.5222,,0.0,1.0,0.8382,0.934,43.077,48.813,9.381,31.038,0.20678,0.08625,0.21223
189.0,191.0,5134,0.5179,,0.0,0.814,0.7795,0.8486,67.064,185.433,189.502,42.662,0.17145,0.07749,0.17465
189.0,191.0,11,0.5179,,0.0,1.0,0.3441,0.9639,146.505,110.45,10.038,60.557,0.17145,0.07749,0.17465
189.0,191.0,25,0.5179,,0.0,1.0,0.151,0.9884,43.482,315.202,190.075,42.661,0.17145,0.07749,0.17465
189.0,191.0,11,0.5179,,0.0,0.909,0.4365,0.9671,111.095,99.754,9.97,56.337,0.17145,0.07749,0.17465
189.0,191.0,14,0.5179,,0.0,1.0,0.4198,0.9786,52.557,100.251,10.001,39.699,0.17145,0.07749,0.17465
189.0,191.0,45,0.5179,DSX,0.956,0.044,0.1473,0.8651,25.335,213.017,9.858,32.204,0.17145,0.07749,0.17465
189.0,191.0,24,0.5179,,0.0,1.0,0.7163,0.9066,153.035,293.736,9.924,66.469,0.17145,0.07749,0.17465
189.0,191.0,10,0.5179,,0.0,1.0,0.9964,0.8398,97.874,347.326,10.162,53.352,0.17145,0.07749,0.17465
189.0,191.0,17,0.5179,,0.0,1.0,0.8795,0.8292,72.261,43.448,9.827,42.238,0.17145,0.07749,0.17465
189.0,191.0,11,0.5179,,0.0,1.0,0.9962,0.6272,61.423,10.725,9.874,35.741,0.17145,0.07749,0.17465
189.0,191.0,10,0.5179,,0.0,1.0,0.8464,0.9426,45.787,47.167,9.576,31.852,0.17145,0.07749,0.17465
189.0,191.0,8,0.5179,,0.0,1.0,0.9597,0.8369,107.655,335.684,9.989,56.788,0.17145,0.07749,0.17465
190.0,192.0,2354,0.5022,,0.0,0.789,0.5,0.7943,7.018,180.813,190.291,25.928,0.22474,0.0911,0.13717
190.0,192.0,1942,0.5022,,0.0,0.818,0.8687,0.8961,146.416,172.147,190.436,65.583,0.22474,0.0911,0.13717
190.0,192.0,8,0.5022,,0.0,1.0,0.7246,0.9651,90.377,64.614,11.564,50.587,0.22474,0.0911,0.13717
190.0,192.0,72,0.5022,,0.0,0.556,0.2476,0.9783,153.605,302.554,190.952,60.161,0.22474,0.0911,0.13717
190.0,192.0,8,0.5022,TEI,0.625,0.375,0.5403,0.9552,80.513,85.687,11.009,47.093,0.22474,0.0911,0.13717
190.0,192.0,11,0.5022,,0.0,1.0,0.9899,0.8022,125.61,347.394,11.131,61.753,0.22474,0.0911,0.13717
190.0,192.0,98,0.5022,,0.0,0.827,0.7637,0.9116,73.319,240.657,190.953,43.988,0.22474,0.0911,0.13717
190.0,192.0,14,0.5022,,0.0,1.0,0.8363,0.8841,112.066,131.688,191.024,58.199,0.22474,0.0911,0.13717
190.0,192.0,18,0.5022,,0.0,1.0,0.5094,0.9226,156.947,88.271,190.858,64.32,0.22474,0.0911,0.13717
190.0,192.0,19,0.5022,XIE,0.579,0.421,0.329,0.9874,113.758,110.875,11.294,56.289,0.22474,0.0911,0.13717
190.0,192.0,8,0.5022,,0.0,0.875,0.8944,0.901,75.886,140.938,191.085,44.803,0.22474,0.0911,0.13717
190.0,192.0,16,0.5022,,0.0,1.0,0.9118,0.9001,111.89,35.984,11.278,58.687,0.22474,0.0911,0.13717
190.0,192.0,75,0.5022,,0.0,0.733,0.4133,0.9458,58.978,282.345,190.905,41.26,0.22474,0.0911,0.13717
190.0,192.0,17,0.5022,,0.0,1.0,0.7252,0.8713,151.993,294.123,10.96,66.342,0.22474,0.0911,0.13717
190.0,192.0,21,0.5022,,0.0,0.667,0.2124,0.975,58.987,306.618,191.2,43.664,0.22474,0.0911,0.13717
190.0,192.0,8,0.5022,,0.0,1.0,0.824,0.8921,176.982,129.45,190.188,69.008,0.22474,0.0911,0.13717
190.0,192.0,10,0.5022,OSD,0.5,0.5,0.9529,0.9181,71.614,154.167,191.341,42.834,0.22474,0.0911,0.13717
190.0,192.0,13,0.5022,,0.0,1.0,0.9379,0.9605,65.963,209.113,191.433,40.914,0.22474,0.0911,0.13717
190.0,192.0,13,0.5022,,0.0,1.0,0.9989,0.8659,93.218,179.156,191.123,52.16,0.22474,0.0911,0.13717
190.0,192.0,12,0.5022,,0.0,1.0,0.9746,0.9343,84.725,161.126,191.173,49.195,0.22474,0.0911,0.13717
190.0,192.0,21,0.5022,XCD,0.524,0.476,0.1092,0.9411,25.934,144.092,11.046,38.245,0.22474,0.0911,0.13717
190.0,192.0,11,0.5022,,0.0,1.0,0.7516,0.9607,108.883,60.311,10.745,57.384,0.22474,0.0911,0.13717
190.0,192.0,10,0.5022,,0.0,0.7,0.3651,0.9744,143.77,73.098,190.953,62.133,0.22474,0.0911,0.13717
190.0,192.0,8,0.5022,,0.0,1.0,0.0642,0.9677,27.085,334.708,191.461,40.103,0.22474,0.0911,0.13717
190.0,192.0,17,0.5022,,0.0,1.0,0.5635,0.9308,61.913,85.102,10.847,40.387,0.22474,0.0911,0.13717
190.0,192.0,8,0.5022,,0.0,1.0,0.944,0.9288,96.039,152.076,191.338,53.543,0.22474,0.0911,0.13717
190.0,192.0,8,0.5022,,0.0,1.0,0.239,0.9559,134.921,124.485,11.367,57.119,0.22474,0.0911,0.13717
190.0,192.0,29,0.5022,DSX,0.759,0.241,0.1475,0.8615,26.016,212.866,10.808,31.915,0.22474,0.0911,0.13717
191.0,193.0,5445,0.5034,,0.0,0.8,0.7636,0.8485,77.236,170.005,191.368,45.426,0.20794,0.10117,0.18037
191.0,193.0,9,0.5034,,0.0,1.0,0.9656,0.6704,20.512,336.377,12.57,16.164,0.20794,0.10117,0.18037
191.0,193.0,53,0.5034,,0.0,1.0,0.7048,0.9214,154.9,291.266,11.878,65.979,0.20794,0.10117,0.18037
191.0,193.0,12,0.5034,,0.0,1.0,0.8467,0.8979,38.884,46.429,12.428,26.825,0.20794,0.10117,0.18037
191.0,193.0,22,0.5034,,0.0,0.864,0.3785,0.9338,71.498,106.4,12.481,44.297,0.20794,0.10117,0.18037
191.0,193.0,9,0.5034,,0.0,1.0,0.4606,0.9621,51.742,94.481,11.761,39.021,0.20794,0.10117,0.18037
191.0,193.0,8,0.5034,XCD,0.625,0.375,0.0613,0.9704,28.573,154.307,11.609,40.707,0.20794,0.10117,0.18037
191.0,193.0,22,0.5034,DSX,0.818,0.182,0.1499,0.8623,26.014,213.286,11.852,32.052,0.20794,0.10117,0.18037
192.0,194.0,5326,0.5908,,0.0,0.8,0.7702,0.8479,74.145,170.011,192.303,44.072,0.18735,0.08209,0.18118
192.0,194.0,22,0.5908,,0.0,1.0,0.0634,0.9692,28.123,333.434,192.847,40.6,0.18735,0.08209,0.18118
192.0,194.0,16,0.5908,PTA,0.75,0.25,0.1707,0.9801,153.598,311.719,193.074,58.696,0.18735,0.08209,0.18118
192.0,194.0,53,0.5908,,0.0,1.0,0.8326,0.8912,67.063,49.81,12.819,39.582,0.18735,0.08209,0.18118
192.0,194.0,17,0.5908,,0.0,0.882,0.6138,0.9473,78.05,78.393,12.621,45.872,0.18735,0.08209,0.18118
192.0,194.0,27,0.5908,,0.0,0.741,0.3505,0.9422,74.266,109.243,12.645,45.103,0.18735,0.08209,0.18118
192.0,194.0,17,0.5908,DSX,0.706,0.294,0.1472,0.8579,25.972,212.773,12.609,31.889,0.18735,0.08209,0.18118
193.0,195.0,5645,0.6254,,0.0,0.805,0.7519,0.8444,57.994,162.812,193.098,40.345,0.21469,0.1015,0.23014
193.0,195.0,20,0.6254,,0.0,1.0,0.4041,0.9683,161.624,255.977,13.658,63.684,0.21469,0.1015,0.23014
193.0,195.0,9,0.6254,,0.0,1.0,0.2457,0.9578,110.576,302.905,193.889,53.786,0.21469,0.1015,0.23014
193.0,195.0,26,0.6254,,0.0,0.962,0.3397,0.963,67.087,109.93,14.372,44.381,0.21469,0.1015,0.23014
194.0,196.0,5056,0.5611,,0.0,0.77,0.7544,0.8381,35.992,168.945,194.118,33.887,0.1715,0.08964,0.18353
194.0,196.0,16,0.5611,,0.0,0.938,0.0653,0.974,28.757,154.649,14.585,41.586,0.1715,0.08964,0.18353
194.0,196.0,25,0.5611,,0.0,0.8,0.2132,0.9735,153.619,127.05,14.559,58.711,0.1715,0.08964,0.18353
194.0,196.0,120,0.5611,,0.0,0.683,0.7566,0.8765,159.514,117.796,194.934,66.397,0.1715,0.08964,0.18353
194.0,196.0,60,0.5611,,0.0,1.0,0.8355,0.861,160.147,310.845,15.008,67.564,0.1715,0.08964,0.18353
194.0,196.0,49,0.5611,,0.0,0.837,0.8759,0.7384,76.316,47.066,15.233,42.892,0.1715,0.08964,0.18353
194.0,196.0,18,0.5611,,0.0,1.0,0.3158,0.9406,66.456,114.586,14.505,43.448,0.1715,0.08964,0.18353
194.0,196.0,11,0.5611,,0.0,1.0,0.7005,0.8893,105.051,111.883,195.273,55.739,0.1715,0.08964,0.18353
194.0,196.0,12,0.5611,,0.0,1.0,0.9717,0.9368,65.515,19.323,14.747,39.781,0.1715,0.08964,0.18353
194.0,196.0,13,0.5611,SAN,0.923,0.077,0.3944,0.5248,21.16,319.973,195.513,17.301,0.1715,0.08964,0.18353
194.0,196.0,8,0.5611,,0.0,1.0,0.5424,0.9811,48.107,86.622,14.949,36.855,0.1715,0.08964,0.18353
194.0,196.0,9,0.5611,,0.0,0.889,0.5328,0.9253,68.522,88.335,15.523,43.04,0.1715,0.08964,0.18353
194.0,196.0,11,0.5611,,0.0,0.818,0.8709,0.9175,69.673,136.72,194.562,41.965,0.1715,0.08964,0.18353
194.0,196.0,10,0.5611,,0.0,0.7,0.9316,0.9029,80.217,149.475,195.553,47.067,0.1715,0.08964,0.18353
194.0,196.0,15,0.5611,,0.0,1.0,0.5508,0.949,126.326,95.694,195.149,60.345,0.1715,0.08964,0.18353
194.0,196.0,8,0.5611,,0.0,1.0,0.9677,0.7123,30.936,337.72,15.343,21.503,0.1715,0.08964,0.18353
195.0,197.0,5442,0.5604,,0.0,0.763,0.7462,0.843,58.455,161.383,195.047,39.812,0.19285,0.09672,0.17815
195.0,197.0,13,0.5604,,0.0,1.0,0.5877,0.9577,48.323,80.338,15.729,34.994,0.19285,0.09672,0.17815
195.0,197.0,9,0.5604,,0.0,1.0,0.1982,0.9637,119.945,310.429,195.576,55.124,0.19285,0.09672,0.17815
195.0,197.0,9,0.5604,XCD,0.556,0.444,0.0906,0.9573,18.268,149.967,16.109,38.564,0.19285,0.09672,0.17815
195.0,197.0,15,0.5604,,0.0,0.8,0.49,0.9757,73.068,92.069,16.31,45.366,0.19285,0.09672,0.17815
195.0,197.0,19,0.5604,SAN,0.947,0.053,0.3883,0.5228,21.161,320.901,196.2,17.053,0.19285,0.09672,0.17815
195.0,197.0,10,0.5604,,0.0,1.0,0.5582,0.947,127.831,96.173,195.777,61.364,0.19285,0.09672,0.17815
195.0,197.0,8,0.5604,,0.0,1.0,0.3823,0.9279,178.263,76.79,195.586,63.85,0.19285,0.09672,0.17815
196.0,198.0,2593,0.5131,,0.0,0.702,0.4476,0.8001,6.478,133.54,17.846,26.681,0.13874,0.07474,0.16385
196.0,198.0,8,0.5131,,0.0,1.0,0.0641,0.974,31.212,154.119,17.35,41.501,0.13874,0.07474,0.16385
196.0,198.0,15,0.5131,,0.0,0.667,0.3786,0.9317,61.022,287.634,197.101,41.353,0.13874,0.07474,0.16385
196.0,198.0,10,0.5131,,0.0,0.9,0.0948,0.9709,22.554,147.416,16.463,40.79,0.13874,0.07474,0.16385
196.0,198.0,10,0.5131,,0.0,1.0,0.2253,0.9776,49.349,305.598,197.208,42.211,0.13874,0.07474,0.16385
196.0,198.0,1543,0.5131,,0.0,0.722,0.8264,0.8976,148.562,162.368,196.312,65.531,0.13874,0.07474,0.16385
196.0,198.0,14,0.5131,,0.0,1.0,0.336,0.9753,152.996,111.192,17.342,61.687,0.13874,0.07474,0.16385
196.0,198.0,8,0.5131,ATI,0.625,0.375,0.2336,0.9765,156.525,123.741,17.416,60.238,0.13874,0.07474,0.16385
196.0,198.0,82,0.5131,,0.0,1.0,0.7372,0.9238,69.81,243.757,197.147,42.932,0.13874,0.07474,0.16385
196.0,198.0,29,0.5131,,0.0,1.0,0.6766,0.9303,111.473,72.009,17.219,57.533,0.13874,0.07474,0.16385
196.0,198.0,58,0.5131,,0.0,0.534,0.8453,0.7843,73.289,50.546,17.175,42.221,0.13874,0.07474,0.16385
196.0,198.0,21,0.5131,,0.0,1.0,0.9368,0.9498,60.631,29.309,16.711,38.037,0.13874,0.07474,0.16385
196.0,198.0,15,0.5131,,0.0,1.0,0.9372,0.9173,92.411,150.418,197.38,52.254,0.13874,0.07474,0.16385
196.0,198.0,52,0.5131,TCA,0.692,0.308,0.7715,0.8237,160.732,119.537,197.267,67.044,0.13874,0.07474,0.16385
196.0,198.0,12,0.5131,,0.0,1.0,0.966,0.657,15.829,336.4,17.043,13.425,0.13874,0.07474,0.16385
196.0,198.0,23,0.5131,SAN,1.0,0.0,0.3938,0.5186,21.44,320.505,196.987,17.018,0.13874,0.07474,0.16385
196.0,198.0,12,0.5131,,0.0,1.0,0.4998,0.9619,162.914,268.924,17.447,65.725,0.13874,0.07474,0.16385
196.0,198.0,36,0.5131,XIE,0.833,0.167,0.3802,0.9851,103.556,103.843,16.75,54.381,0.13874,0.07474,0.16385
196.0,198.0,10,0.5131,,0.0,1.0,0.9612,0.87,114.321,156.892,197.108,59.639,0.13874,0.07474,0.16385
196.0,198.0,9,0.5131,,0.0,1.0,0.6093,0.8851,45.296,80.187,17.508,34.112,0.13874,0.07474,0.16385
196.0,198.0,12,0.5131,,0.0,0.583,0.6076,0.9439,80.219,78.992,17.429,47.326,0.13874,0.07474,0.16385
196.0,198.0,49,0.5131,,0.0,1.0,0.9791,0.888,138.531,343.018,16.902,65.438,0.13874,0.07474,0.16385
196.0,198.0,15,0.5131,,0.0,0.933,0.9033,0.9267,66.949,142.884,197.238,41.247,0.13874,0.07474,0.16385
196.0,198.0,13,0.5131,,0.0,1.0,0.9892,0.8842,67.766,168.431,197.375,40.655,0.13874,0.07474,0.16385
196.0,198.0,16,0.5131,PTA,0.5,0.5,0.2003,0.9715,153.625,308.57,196.865,59.063,0.13874,0.07474,0.16385
196.0,198.0,17,0.5131,,0.0,1.0,0.9971,0.9622,169.928,9.613,17.515,71.078,0.13874,0.07474,0.16385
196.0,198.0,15,0.5131,,0.0,1.0,0.9959,0.8191,155.491,352.121,17.254,68.693,0.13874,0.07474,0.16385
196.0,198.0,8,0.5131,,0.0,1.0,0.8101,0.9559,87.451,232.21,197.215,50.132,0.13874,0.07474,0.16385
196.0,198.0,17,0.5131,,0.0,1.0,0.9897,0.875,170.421,191.204,197.252,70.417,0.13874,0.07474,0.16385
196.0,198.0,14,0.5131,,0.0,1.0,0.8561,0.8571,117.127,46.012,17.343,59.447,0.13874,0.07474,0.16385
196.0,198.0,8,0.5131,,0.0,1.0,0.6549,0.9445,126.553,106.577,197.268,61.908,0.13874,0.07474,0.16385
196.0,198.0,12,0.5131,,0.0,1.0,0.287,0.9814,174.052,293.413,196.574,61.92,0.13874,0.07474,0.16385
196.0,198.0,9,0.5131,,0.0,1.0,0.9562,0.8352,177.408,331.071,16.649,69.703,0.13874,0.07474,0.16385
197.0,199.0,5476,0.4608,,0.0,0.734,0.7268,0.8406,50.426,153.315,197.034,37.117,0.1905,0.09325,0.19872
197.0,199.0,11,0.4608,,0.0,1.0,0.3976,0.9424,59.771,104.312,17.64,41.775,0.1905,0.09325,0.19872
197.0,199.0,14,0.4608,,0.0,0.571,0.1698,0.9882,156.793,312.138,198.004,59.108,0.1905,0.09325,0.19872
197.0,199.0,8,0.4608,,0.0,1.0,0.112,0.9528,25.863,144.988,18.196,38.952,0.1905,0.09325,0.19872
197.0,199.0,23,0.4608,,0.0,1.0,0.4466,0.9353,164.357,262.334,18.503,64.351,0.1905,0.09325,0.19872
197.0,199.0,24,0.4608,,0.0,1.0,0.6393,0.926,48.292,75.973,17.645,35.486,0.1905,0.09325,0.19872
197.0,199.0,17,0.4608,SAN,0.941,0.059,0.3974,0.5137,21.02,320.46,197.527,16.763,0.1905,0.09325,0.19872
197.0,199.0,15,0.4608,,0.0,1.0,0.99,0.9004,82.326,348.059,17.66,47.148,0.1905,0.09325,0.19872
197.0,199.0,8,0.4608,,0.0,1.0,0.5636,0.8898,41.418,265.397,198.622,32.769,0.1905,0.09325,0.19872
198.0,200.0,2654,0.4803,,0.0,0.687,0.4468,0.8035,6.414,152.506,198.015,26.747,0.14293,0.07523,0.22338
198.0,200.0,22,0.4803,CTA,0.636,0.364,0.0868,0.9645,21.447,329.377,198.932,39.994,0.14293,0.07523,0.22338
198.0,200.0,15,0.4803,,0.0,0.6,0.2713,0.9604,49.466,298.335,199.147,41.355,0.14293,0.07523,0.22338
198.0,200.0,1583,0.4803,,0.0,0.679,0.7963,0.9074,149.297,154.183,198.183,65.606,0.14293,0.07523,0.22338
198.0,200.0,19,0.4803,,0.0,1.0,0.2743,0.9644,163.428,299.035,198.756,61.185,0.14293,0.07523,0.22338
198.0,200.0,14,0.4803,,0.0,1.0,0.3586,0.919,151.009,289.058,198.79,61.535,0.14293,0.07523,0.22338
198.0,200.0,16,0.4803,,0.0,0.812,0.2003,0.9739,155.054,308.778,199.223,59.408,0.14293,0.07523,0.22338
198.0,200.0,15,0.4803,,0.0,1.0,0.9969,0.7417,86.808,182.181,198.507,48.056,0.14293,0.07523,0.22338
198.0,200.0,62,0.4803,TCA,0.758,0.242,0.7902,0.8183,159.758,121.969,199.039,66.837,0.14293,0.07523,0.22338
198.0,200.0,97,0.4803,,0.0,0.784,0.9918,0.6794,47.299,344.396,19.179,28.781,0.14293,0.07523,0.22338
198.0,200.0,15,0.4803,XIE,0.867,0.133,0.3835,0.9892,103.694,103.552,18.855,54.383,0.14293,0.07523,0.22338
198.0,200.0,14,0.4803,,0.0,1.0,0.9846,0.8423,169.699,194.36,198.783,69.928,0.14293,0.07523,0.22338
198.0,200.0,59,0.4803,,0.0,1.0,0.9951,0.909,140.592,341.207,19.175,66.748,0.14293,0.07523,0.22338
198.0,200.0,60,0.4803,,0.0,1.0,0.8172,0.9196,81.048,231.628,199.194,47.099,0.14293,0.07523,0.22338
198.0,200.0,60,0.4803,,0.0,0.65,0.8745,0.7714,75.147,45.158,18.925,42.864,0.14293,0.07523,0.22338
198.0,200.0,8,0.4803,,0.0,1.0,0.9974,0.8346,108.987,356.057,19.143,57.501,0.14293,0.07523,0.22338
198.0,200.0,8,0.4803,ATI,1.0,0.0,0.1721,0.9922,153.574,132.073,19.407,59.203,0.14293,0.07523,0.22338
198.0,200.0,12,0.4803,,0.0,1.0,0.5168,0.973,60.756,88.091,19.189,41.541,0.14293,0.07523,0.22338
198.0,200.0,8,0.4803,,0.0,1.0,0.8116,1.037,149.575,309.485,19.238,68.504,0.14293,0.07523,0.22338
198.0,200.0,33,0.4803,,0.0,0.909,0.6661,0.9473,126.694,109.019,199.329,61.99,0.14293,0.07523,0.22338
198.0,200.0,8,0.4803,,0.0,1.0,0.969,0.8814,176.948,337.449,19.108,70.416,0.14293,0.07523,0.22338
198.0,200.0,8,0.4803,,0.0,1.0,0.4288,0.9415,163.655,259.805,18.788,64.246,0.14293,0.07523,0.22338
198.0,200.0,9,0.4803,,0.0,1.0,0.6909,0.9349,97.137,248.153,198.983,53.202,0.14293,0.07523,0.22338
198.0,200.0,9,0.4803,,0.0,1.0,0.8594,0.9312,161.266,314.698,19.149,68.81,0.14293,0.07523,0.22338
198.0,200.0,8,0.4803,,0.0,1.0,0.6704,0.957,56.643,71.586,19.084,38.319,0.14293,0.07523,0.22338
198.0,200.0,8,0.4803,,0.0,1.0,0.7034,0.9278,82.925,67.363,19.056,47.463,0.14293,0.07523,0.22338
199.0,201.0,5648,0.4931,,0.0,0.706,0.6979,0.8458,58.29,152.634,20.975,40.146,0.22179,0.09582,0.23517
199.0,201.0,9,0.4931,,0.0,1.0,0.4225,0.9517,161.833,77.184,199.923,63.664,0.22179,0.09582,0.23517
199.0,201.0,17,0.4931,,0.0,0.706,0.2575,0.6226,47.331,156.524,20.431,24.274,0.22179,0.09582,0.23517
199.0,201.0,9,0.4931,,0.0,1.0,0.3806,0.9355,128.774,74.128,199.914,59.284,0.22179,0.09582,0.23517
199.0,201.0,9,0.4931,,0.0,0.778,0.8548,0.4492,73.763,58.551,19.614,39.602,0.22179,0.09582,0.23517
200.0,202.0,5200,0.4359,,0.0,0.658,0.6774,0.8466,69.343,128.461,21.939,42.301,0.2216,0.10182,0.17787
200.0,202.0,74,0.4359,,0.0,0.622,0.4073,0.9634,68.667,284.235,200.962,44.184,0.2216,0.10182,0.17787
200.0,202.0,119,0.4359,,0.0,0.79,0.8671,0.8677,73.763,46.821,21.087,41.561,0.2216,0.10182,0.17787
200.0,202.0,12,0.4359,ATI,0.583,0.417,0.2159,0.9712,159.23,126.225,21.219,59.528,0.2216,0.10182,0.17787
200.0,202.0,27,0.4359,,0.0,1.0,0.8187,0.9377,149.727,308.847,20.976,67.5,0.2216,0.10182,0.17787
200.0,202.0,8,0.4359,,0.0,1.0,0.9939,0.8945,87.935,6.942,21.346,50.217,0.2216,0.10182,0.17787
200.0,202.0,10,0.4359,,0.0,1.0,0.9739,0.8694,158.789,342.002,20.97,69.126,0.2216,0.10182,0.17787
200.0,202.0,8,0.4359,,0.0,1.0,0.976,0.7483,95.511,341.806,21.259,52.373,0.2216,0.10182,0.17787
200.0,202.0,27,0.4359,,0.0,0.926,0.2677,0.6125,47.688,160.08,21.216,24.194,0.2216,0.10182,0.17787
200.0,202.0,8,0.4359,,0.0,0.75,0.5691,0.9291,160.417,276.017,20.962,65.737,0.2216,0.10182,0.17787
201.0,203.0,2276,0.4002,,0.0,0.637,0.4281,0.7982,6.131,126.965,22.712,27.077,0.14466,0.06466,0.21324
201.0,203.0,12,0.4002,CTA,0.917,0.083,0.0692,0.9837,22.481,332.189,201.983,42.752,0.14466,0.06466,0.21324
201.0,203.0,14,0.4002,,0.0,0.857,0.1242,0.9781,22.454,320.441,202.289,40.734,0.14466,0.06466,0.21324
201.0,203.0,1711,0.4002,,0.0,0.514,0.7082,0.9024,161.507,85.313,22.739,66.314,0.14466,0.06466,0.21324
201.0,203.0,14,0.4002,,0.0,1.0,0.3553,0.952,160.859,109.351,22.672,62.397,0.14466,0.06466,0.21324
201.0,203.0,19,0.4002,ATI,0.684,0.316,0.2149,0.9829,156.955,126.579,21.266,59.569,0.14466,0.06466,0.21324
201.0,203.0,12,0.4002,,0.0,1.0,0.5286,0.9664,145.884,87.11,21.957,64.143,0.14466,0.06466,0.21324
201.0,203.0,10,0.4002,,0.0,1.0,0.4569,0.9789,139.953,95.518,21.926,61.9,0.14466,0.06466,0.21324
201.0,203.0,271,0.4002,OCU,0.819,0.181,0.9795,0.9288,101.111,164.513,202.064,55.536,0.14466,0.06466,0.21324
201.0,203.0,28,0.4002,,0.0,0.929,0.9919,0.9168,88.366,187.668,201.893,50.296,0.14466,0.06466,0.21324
201.0,203.0,9,0.4002,,0.0,1.0,0.6951,0.9573,86.253,67.33,21.573,49.801,0.14466,0.06466,0.21324
201.0,203.0,61,0.4002,,0.0,0.918,0.8613,0.836,74.52,46.984,22.128,43.166,0.14466,0.06466,0.21324
201.0,203.0,30,0.4002,,0.0,0.733,0.27,0.6156,46.938,157.397,22.124,24.306,0.14466,0.06466,0.21324
201.0,203.0,29,0.4002,,0.0,0.379,0.3968,0.926,61.248,284.818,201.926,42.096,0.14466,0.06466,0.21324
201.0,203.0,9,0.4002,,0.0,1.0,0.5665,0.9938,83.744,262.204,202.546,49.168,0.14466,0.06466,0.21324
201.0,203.0,27,0.4002,,0.0,0.667,0.6615,0.9517,125.927,108.216,202.157,61.694,0.14466,0.06466,0.21324
201.0,203.0,17,0.4002,,0.0,1.0,0.7087,0.9615,107.1,66.799,22.129,56.432,0.14466,0.06466,0.21324
201.0,203.0,25,0.4002,OSD,0.92,0.08,0.947,0.9718,75.687,153.957,201.606,45.302,0.14466,0.06466,0.21324
201.0,203.0,10,0.4002,OHD,0.9,0.1,0.4763,0.9527,164.511,265.59,21.688,64.869,0.14466,0.06466,0.21324
201.0,203.0,19,0.4002,,0.0,1.0,0.8595,0.8551,122.191,134.057,202.06,60.812,0.14466,0.06466,0.21324
201.0,203.0,8,0.4002,,0.0,1.0,0.4435,0.915,156.722,80.655,201.923,63.588,0.14466,0.06466,0.21324
201.0,203.0,9,0.4002,,0.0,1.0,0.5196,0.9385,166.492,90.579,201.932,65.905,0.14466,0.06466,0.21324
201.0,203.0,10,0.4002,,0.0,1.0,0.8181,0.945,148.723,308.545,21.829,67.501,0.14466,0.06466,0.21324
201.0,203.0,13,0.4002,,0.0,0.538,0.9679,0.9472,38.989,200.106,201.703,26.681,0.14466,0.06466,0.21324
201.0,203.0,24,0.4002,,0.0,1.0,0.9215,0.889,109.865,33.459,21.742,57.938,0.14466,0.06466,0.21324
201.0,203.0,8,0.4002,,0.0,1.0,0.9942,0.8923,87.085,6.556,21.886,49.407,0.14466,0.06466,0.21324
201.0,203.0,15,0.4002,,0.0,1.0,0.9961,0.876,99.558,355.997,22.038,53.463,0.14466,0.06466,0.21324
202.0,204.0,4580,0.4204,,0.0,0.57,0.657,0.8468,97.712,123.771,23.762,53.693,0.17554,0.06522,0.18359
202.0,204.0,17,0.4204,,0.0,1.0,0.5693,0.9426,150.904,97.702,202.99,65.282,0.17554,0.06522,0.18359
202.0,204.0,27,0.4204,LMI,0.556,0.444,0.6304,0.9585,125.67,103.877,203.206,61.486,0.17554,0.06522,0.18359
202.0,204.0,28,0.4204,,0.0,0.786,0.2627,0.6163,46.759,157.586,22.937,24.367,0.17554,0.06522,0.18359
202.0,204.0,9,0.4204,,0.0,0.778,0.2755,0.9731,53.21,298.086,203.282,42.544,0.17554,0.06522,0.18359
202.0,204.0,11,0.4204,,0.0,1.0,0.4987,0.954,137.534,270.455,202.969,62.472,0.17554,0.06522,0.18359
202.0,204.0,8,0.4204,,0.0,1.0,0.6199,0.9404,65.992,257.352,203.087,41.871,0.17554,0.06522,0.18359
202.0,204.0,13,0.4204,,0.0,1.0,0.2427,0.9866,34.341,302.378,202.706,39.872,0.17554,0.06522,0.18359
202.0,204.0,20,0.4204,,0.0,1.0,0.7763,0.8194,76.913,238.717,202.917,44.817,0.17554,0.06522,0.18359
202.0,204.0,12,0.4204,,0.0,0.5,0.1076,0.96,24.524,324.953,203.099,39.54,0.17554,0.06522,0.18359
202.0,204.0,8,0.4204,,0.0,1.0,0.385,0.9495,148.242,104.492,23.38,61.69,0.17554,0.06522,0.18359
202.0,204.0,8,0.4204,,0.0,1.0,0.4002,0.9825,102.133,101.929,22.921,54.191,0.17554,0.06522,0.18359
202.0,204.0,8,0.4204,,0.0,1.0,0.8463,0.9242,40.359,226.723,203.169,29.279,0.17554,0.06522,0.18359
202.0,204.0,8,0.4204,OHD,0.75,0.25,0.5458,0.9401,161.679,273.598,23.04,65.838,0.17554,0.06522,0.18359
202.0,204.0,60,0.4204,,0.0,0.917,0.8668,0.8549,73.868,44.814,23.102,42.704,0.17554,0.06522,0.18359
202.0,204.0,9,0.4204,,0.0,0.556,0.6298,0.9764,86.274,74.836,22.278,49.74,0.17554,0.06522,0.18359
202.0,204.0,19,0.4204,,0.0,0.579,0.8122,0.9186,149.281,308.14,23.237,67.457,0.17554,0.06522,0.18359
202.0,204.0,9,0.4204,,0.0,1.0,0.9038,0.8152,170.853,322.001,22.846,68.947,0.17554,0.06522,0.18359
202.0,204.0,9,0.4204,,0.0,1.0,0.9797,0.9098,72.604,344.391,23.094,42.647,0.17554,0.06522,0.18359
203.0,205.0,2070,0.432,,0.0,0.632,0.3858,0.8062,5.951,125.887,24.692,27.109,0.16629,0.06718,0.16222
203.0,205.0,27,0.432,CTA,0.593,0.407,0.0909,0.9787,22.07,327.459,204.2,41.435,0.16629,0.06718,0.16222
203.0,205.0,15,0.432,,0.0,0.733,0.9611,0.9311,38.062,202.51,204.244,26.68,0.16629,0.06718,0.16222
203.0,205.0,11,0.432,,0.0,1.0,0.2429,0.6303,47.409,163.45,23.369,23.451,0.16629,0.06718,0.16222
203.0,205.0,8,0.432,OCH,0.625,0.375,0.2738,0.976,67.34,296.573,203.621,45.721,0.16629,0.06718,0.16222
203.0,205.0,11,0.432,,0.0,1.0,0.1991,0.9772,31.834,308.484,203.399,40.369,0.16629,0.06718,0.16222
203.0,205.0,2538,0.432,,0.0,0.478,0.6511,0.9111,162.214,84.862,24.633,65.822,0.16629,0.06718,0.16222
203.0,205.0,64,0.432,TCA,0.828,0.172,0.8165,0.8268,158.617,126.909,204.055,67.339,0.16629,0.06718,0.16222
203.0,205.0,10,0.432,,0.0,1.0,0.5997,0.9751,103.224,258.293,203.672,55.665,0.16629,0.06718,0.16222
203.0,205.0,17,0.432,,0.0,1.0,0.2931,0.9554,148.659,116.92,24.297,60.088,0.16629,0.06718,0.16222
203.0,205.0,9,0.432,,0.0,1.0,0.3997,0.9456,178.711,281.048,203.593,64.018,0.16629,0.06718,0.16222
203.0,205.0,8,0.432,,0.0,1.0,0.58,0.9323,108.904,82.411,23.871,55.861,0.16629,0.06718,0.16222
203.0,205.0,21,0.432,PIH,0.524,0.476,0.8074,0.9126,149.681,307.05,24.065,66.901,0.16629,0.06718,0.16222
203.0,205.0,26,0.432,,0.0,1.0,0.7504,0.914,63.877,240.985,204.234,40.849,0.16629,0.06718,0.16222
203.0,205.0,19,0.432,CAE,0.632,0.368,0.8388,0.9405,57.661,47.615,24.093,37.248,0.16629,0.06718,0.16222
203.0,205.0,15,0.432,,0.0,1.0,0.533,0.9742,162.271,93.459,203.771,66.006,0.16629,0.06718,0.16222
203.0,205.0,14,0.432,,0.0,0.857,0.8919,0.6503,82.162,41.873,23.743,44.576,0.16629,0.06718,0.16222
203.0,205.0,13,0.432,,0.0,1.0,0.5889,0.9582,82.331,260.72,204.226,47.965,0.16629,0.06718,0.16222
203.0,205.0,10,0.432,OHD,1.0,0.0,0.5324,0.9536,163.814,273.397,24.431,66.043,0.16629,0.06718,0.16222
204.0,206.0,1945,0.4142,,0.0,0.643,0.3943,0.8033,6.031,134.144,25.935,26.808,0.16369,0.08903,0.13267
204.0,206.0,39,0.4142,,0.0,0.564,0.1051,0.9795,24.723,326.475,204.803,41.55,0.16369,0.08903,0.13267
204.0,206.0,8,0.4142,,0.0,1.0,0.1931,0.9789,23.288,311.64,205.086,38.717,0.16369,0.08903,0.13267
204.0,206.0,9,0.4142,,0.0,1.0,0.2499,0.9697,39.623,301.51,204.679,39.667,0.16369,0.08903,0.13267
204.0,206.0,1690,0.4142,ORI,0.796,0.166,0.5932,0.9206,163.366,80.835,25.249,66.002,0.16369,0.08903,0.13267
204.0,206.0,35,0.4142,,0.0,1.0,0.9859,0.7799,139.856,341.361,24.983,65.381,0.16369,0.08903,0.13267
204.0,206.0,166,0.4142,,0.0,1.0,0.8139,0.9044,146.324,233.245,204.982,64.732,0.16369,0.08903,0.13267
204.0,206.0,76,0.4142,,0.0,0.605,0.9729,0.9186,100.23,161.837,205.094,55.0,0.16369,0.08903,0.13267
204.0,206.0,153,0.4142,EGE,0.601,0.399,0.7806,0.9123,170.513,235.745,204.855,68.592,0.16369,0.08903,0.13267
204.0,206.0,12,0.4142,,0.0,1.0,0.4258,0.9557,131.643,100.431,24.821,60.306,0.16369,0.08903,0.13267
204.0,206.0,99,0.4142,,0.0,0.576,0.9151,0.886,150.107,145.707,204.849,67.375,0.16369,0.08903,0.13267
204.0,206.0,14,0.4142,,0.0,1.0,0.9732,0.907,113.017,198.01,205.432,59.355,0.16369,0.08903,0.13267
204.0,206.0,15,0.4142,,0.0,1.0,0.4645,0.9563,108.455,275.238,205.509,55.437,0.16369,0.08903,0.13267
204.0,206.0,22,0.4142,,0.0,1.0,0.7641,0.9193,124.201,238.745,205.352,62.017,0.16369,0.08903,0.13267
204.0,206.0,26,0.4142,,0.0,1.0,0.9932,0.8333,143.265,186.692,204.984,66.438,0.16369,0.08903,0.13267
204.0,206.0,10,0.4142,,0.0,1.0,0.7864,0.8989,118.742,57.143,24.847,59.359,0.16369,0.08903,0.13267
204.0,206.0,18,0.4142,,0.0,1.0,0.695,0.9341,113.745,247.228,204.564,57.806,0.16369,0.08903,0.13267
204.0,206.0,27,0.4142,,0.0,1.0,0.9791,0.9197,127.723,15.512,24.544,63.533,0.16369,0.08903,0.13267
204.0,206.0,13,0.4142,,0.0,1.0,0.9155,0.8879,174.269,34.736,24.801,70.076,0.16369,0.08903,0.13267
204.0,206.0,10,0.4142,,0.0,1.0,0.5386,0.8807,127.722,268.79,204.959,60.25,0.16369,0.08903,0.13267
204.0,206.0,11,0.4142,,0.0,1.0,0.5779,0.9743,119.913,261.643,205.315,60.389,0.16369,0.08903,0.13267
204.0,206.0,10,0.4142,,0.0,1.0,0.9897,0.8728,73.838,170.354,204.948,43.558,0.16369,0.08903,0.13267
204.0,206.0,8,0.4142,,0.0,1.0,0.9451,0.87,98.268,207.215,205.362,53.989,0.16369,0.08903,0.13267
204.0,206.0,20,0.4142,,0.0,1.0,0.7723,0.9351,65.232,237.228,204.752,41.121,0.16369,0.08903,0.13267
204.0,206.0,12,0.4142,OAG,1.0,0.0,0.1694,0.9893,128.946,312.257,204.355,57.073,0.16369,0.08903,0.13267
204.0,206.0,41,0.4142,,0.0,0.878,0.9938,0.6622,49.215,9.959,24.942,29.515,0.16369,0.08903,0.13267
204.0,206.0,15,0.4142,,0.0,0.8,0.4412,0.9628,55.264,279.313,205.163,40.49,0.16369,0.08903,0.13267
204.0,206.0,8,0.4142,OCH,0.375,0.25,0.3533,0.9506,71.727,289.884,205.347,44.597,0.16369,0.08903,0.13267
204.0,206.0,77,0.4142,LMI,0.792,0.208,0.6163,0.9628,125.756,102.969,205.461,61.604,0.16369,0.08903,0.13267
204.0,206.0,19,0.4142,OHD,0.842,0.158,0.5286,0.9573,162.625,272.115,24.947,66.131,0.16369,0.08903,0.13267
204.0,206.0,41,0.4142,CAE,0.854,0.146,0.8506,0.9453,57.958,45.37,25.432,37.243,0.16369,0.08903,0.13267
204.0,206.0,9,0.4142,,0.0,0.889,0.9067,0.6006,81.772,40.721,25.033,44.34,0.16369,0.08903,0.13267
205.0,207.0,1936,0.3815,ORI,0.887,0.088,0.5832,0.9207,163.477,82.092,26.243,65.978,0.10953,0.07462,0.10072
205.0,207.0,1568,0.3815,,0.0,0.588,0.3696,0.808,5.492,126.862,26.82,27.025,0.10953,0.07462,0.10072
205.0,207.0,11,0.3815,,0.0,1.0,0.9876,0.693,47.78,168.162,206.42,28.896,0.10953,0.07462,0.10072
205.0,207.0,42,0.3815,CAE,0.857,0.143,0.8474,0.9463,58.56,46.018,25.907,37.423,0.10953,0.07462,0.10072
205.0,207.0,11,0.3815,,0.0,1.0,0.9932,0.887,140.208,186.325,206.003,66.663,0.10953,0.07462,0.10072
205.0,207.0,98,0.3815,LMI,0.878,0.122,0.6182,0.9721,125.564,103.19,206.347,61.772,0.10953,0.07462,0.10072
205.0,207.0,90,0.3815,EGE,0.933,0.067,0.7667,0.9248,170.914,238.601,206.363,68.466,0.10953,0.07462,0.10072
205.0,207.0,10,0.3815,,0.0,1.0,0.9592,0.9472,141.637,157.406,205.629,67.666,0.10953,0.07462,0.10072
205.0,207.0,28,0.3815,TCA,1.0,0.0,0.8254,0.8297,156.521,129.266,205.971,67.337,0.10953,0.07462,0.10072
205.0,207.0,24,0.3815,,0.0,0.75,0.895,0.8905,148.772,38.167,25.914,67.306,0.10953,0.07462,0.10072
205.0,207.0,8,0.3815,,0.0,1.0,0.5739,0.9647,114.628,81.678,25.695,58.222,0.10953,0.07462,0.10072
205.0,207.0,9,0.3815,,0.0,1.0,0.6133,0.9096,177.902,257.588,205.339,66.73,0.10953,0.07462,0.10072
205.0,207.0,8,0.3815,,0.0,1.0,0.6771,0.9141,176.957,249.719,205.978,67.535,0.10953,0.07462,0.10072
205.0,207.0,14,0.3815,,0.0,1.0,0.4979,0.9485,125.892,92.481,25.773,59.77,0.10953,0.07462,0.10072
205.0,207.0,11,0.3815,CTA,0.818,0.182,0.0939,0.9777,21.07,326.804,206.542,41.207,0.10953,0.07462,0.10072
205.0,207.0,8,0.3815,,0.0,1.0,0.8028,0.8583,122.403,233.625,206.043,60.733,0.10953,0.07462,0.10072
205.0,207.0,12,0.3815,OCU,0.917,0.083,0.969,0.9219,102.597,160.238,205.679,56.067,0.10953,0.07462,0.10072
205.0,207.0,16,0.3815,,0.0,1.0,0.6091,0.9413,147.602,259.365,206.432,64.741,0.10953,0.07462,0.10072
205.0,207.0,8,0.3815,YDR,1.0,0.0,0.984,0.9526,83.017,192.764,205.825,48.215,0.10953,0.07462,0.10072
205.0,207.0,9,0.3815,,0.0,1.0,0.8912,0.855,147.512,141.023,206.522,66.999,0.10953,0.07462,0.10072
205.0,207.0,8,0.3815,,0.0,1.0,0.4425,0.9357,164.857,278.917,206.202,64.08,0.10953,0.07462,0.10072
205.0,207.0,8,0.3815,,0.0,0.625,0.9654,0.9573,40.924,200.475,205.775,27.383,0.10953,0.07462,0.10072
205.0,207.0,8,0.3815,OHD,1.0,0.0,0.519,0.9717,163.997,270.435,25.756,66.145,0.10953,0.07462,0.10072
206.0,208.0,2206,0.3547,ORI,0.894,0.086,0.5773,0.9236,163.556,82.803,27.128,65.968,0.11259,0.05364,0.11907
206.0,208.0,121,0.3547,LMI,0.876,0.124,0.6185,0.9602,124.985,103.355,206.998,61.476,0.11259,0.05364,0.11907
206.0,208.0,1551,0.3547,,0.0,0.611,0.3834,0.802,5.648,126.397,27.871,26.674,0.11259,0.05364,0.11907
206.0,208.0,9,0.3547,,0.0,1.0,0.9675,0.9182,143.114,200.477,207.663,67.394,0.11259,0.05364,0.11907
206.0,208.0,118,0.3547,EGE,0.729,0.271,0.7714,0.9364,171.103,237.627,206.964,68.939,0.11259,0.05364,0.11907
206.0,208.0,31,0.3547,,0.0,1.0,0.5449,0.9216,149.616,267.651,207.255,64.054,0.11259,0.05364,0.11907
206.0,208.0,8,0.3547,,0.0,1.0,0.6946,0.9901,132.821,247.274,207.473,63.842,0.11259,0.05364,0.11907
206.0,208.0,11,0.3547,PIH,0.818,0.182,0.819,0.9319,150.932,310.013,27.325,67.692,0.11259,0.05364,0.11907
206.0,208.0,8,0.3547,OCU,0.75,0.25,0.9528,0.95,101.094,155.451,206.982,55.174,0.11259,0.05364,0.11907
206.0,208.0,35,0.3547,TCA,0.857,0.143,0.8283,0.8117,156.111,128.932,207.18,67.023,0.11259,0.05364,0.11907
206.0,208.0,12,0.3547,,0.0,0.917,0.9948,0.8536,92.452,183.685,207.002,51.603,0.11259,0.05364,0.11907
206.0,208.0,19,0.3547,CAE,0.684,0.316,0.852,0.9616,58.691,45.045,26.136,37.902,0.11259,0.05364,0.11907
206.0,208.0,15,0.3547,,0.0,1.0,0.9949,0.8926,132.657,181.17,207.395,65.338,0.11259,0.05364,0.11907
206.0,208.0,14,0.3547,,0.0,1.0,0.6766,0.9066,148.309,252.212,206.739,65.233,0.11259,0.05364,0.11907
206.0,208.0,8,0.3547,SFD,0.625,0.375,0.9705,0.9263,37.871,198.67,206.947,25.943,0.11259,0.05364,0.11907
207.0,209.0,2337,0.2792,ORI,0.945,0.054,0.5675,0.9225,163.71,83.941,28.178,65.819,0.07976,0.04971,0.0683
207.0,209.0,760,0.2792,,0.0,0.383,0.328,0.8257,5.119,121.75,28.476,28.165,0.07976,0.04971,0.0683
207.0,209.0,196,0.2792,,0.0,0.959,0.7158,0.7154,4.411,232.661,207.512,18.067,0.07976,0.04971,0.0683
207.0,209.0,12,0.2792,,0.0,1.0,0.9269,0.5998,3.563,214.89,208.191,10.641,0.07976,0.04971,0.0683
207.0,209.0,17,0.2792,OAT,0.882,0.118,0.4121,0.8466,16.058,286.619,208.044,28.617,0.07976,0.04971,0.0683
207.0,209.0,13,0.2792,,0.0,1.0,0.9662,0.619,2.707,202.041,207.945,9.287,0.07976,0.04971,0.0683
207.0,209.0,65,0.2792,EGE,0.938,0.062,0.7647,0.9437,171.129,238.697,208.125,68.835,0.07976,0.04971,0.0683
207.0,209.0,120,0.2792,LMI,0.95,0.05,0.6161,0.9551,124.874,102.623,208.213,61.26,0.07976,0.04971,0.0683
207.0,209.0,29,0.2792,OER,0.828,0.138,0.3956,0.8974,18.47,106.467,28.151,30.614,0.07976,0.04971,0.0683
207.0,209.0,13,0.2792,TCA,1.0,0.0,0.8359,0.8181,156.077,129.68,208.246,67.145,0.07976,0.04971,0.0683
208.0,210.0,2524,0.2586,ORI,0.932,0.063,0.5615,0.9237,163.735,84.668,28.914,65.723,0.09195,0.03822,0.08158
208.0,210.0,1010,0.2586,,0.0,0.52,0.349,0.8184,5.045,122.459,29.63,27.649,0.09195,0.03822,0.08158
208.0,210.0,11,0.2586,OAT,0.818,0.182,0.4052,0.8488,16.108,287.364,208.783,28.676,0.09195,0.03822,0.08158
208.0,210.0,35,0.2586,,0.0,1.0,0.9673,0.5742,3.398,201.015,208.657,8.8,0.09195,0.03822,0.08158
208.0,210.0,12,0.2586,,0.0,1.0,0.9931,0.6253,7.154,173.976,209.21,9.883,0.09195,0.03822,0.08158
208.0,210.0,149,0.2586,LMI,0.966,0.034,0.6202,0.9606,124.801,103.151,208.886,61.345,0.09195,0.03822,0.08158
208.0,210.0,10,0.2586,,0.0,1.0,0.9936,0.6883,41.154,184.909,209.047,25.569,0.09195,0.03822,0.08158
208.0,210.0,61,0.2586,EGE,0.934,0.066,0.7622,0.9383,171.267,239.128,209.108,68.835,0.09195,0.03822,0.08158
208.0,210.0,14,0.2586,TCA,1.0,0.0,0.833,0.7828,155.094,128.795,208.896,66.395,0.09195,0.03822,0.08158
208.0,210.0,12,0.2586,SFD,0.667,0.333,0.9715,0.9595,40.593,197.989,209.471,27.664,0.09195,0.03822,0.08158
208.0,210.0,8,0.2586,,0.0,1.0,0.8534,0.8396,123.739,226.533,208.736,61.037,0.09195,0.03822,0.08158
209.0,211.0,2363,0.2731,ORI,0.909,0.075,0.5534,0.9227,163.841,85.6,29.966,65.701,0.12331,0.04329,0.09404
209.0,211.0,10,0.2731,,0.0,1.0,0.861,0.8899,149.927,44.189,30.121,67.405,0.12331,0.04329,0.09404
209.0,211.0,58,0.2731,EGE,0.966,0.034,0.7622,0.9551,171.159,238.221,209.777,69.05,0.12331,0.04329,0.09404
209.0,211.0,8,0.2731,,0.0,1.0,0.9132,0.9132,174.761,34.046,30.544,70.481,0.12331,0.04329,0.09404
209.0,211.0,10,0.2731,,0.0,1.0,0.8539,0.9551,176.063,45.096,29.463,70.088,0.12331,0.04329,0.09404
209.0,211.0,1188,0.2731,,0.0,0.614,0.3606,0.815,4.974,123.883,30.741,27.371,0.12331,0.04329,0.09404
209.0,211.0,43,0.2731,,0.0,0.907,0.9787,0.7165,32.742,196.553,209.67,21.609,0.12331,0.04329,0.09404
209.0,211.0,14,0.2731,,0.0,1.0,0.9936,0.6539,16.691,183.533,210.344,12.883,0.12331,0.04329,0.09404
209.0,211.0,17,0.2731,OAT,0.824,0.176,0.4192,0.8446,15.295,285.295,210.033,28.463,0.12331,0.04329,0.09404
209.0,211.0,9,0.2731,DCT,0.556,0.222,0.3396,0.9063,22.224,112.263,29.737,32.943,0.12331,0.04329,0.09404
209.0,211.0,23,0.2731,TCA,0.957,0.043,0.8378,0.8171,155.104,130.602,210.073,67.041,0.12331,0.04329,0.09404
209.0,211.0,143,0.2731,LMI,0.937,0.063,0.6207,0.9587,124.395,103.274,209.912,61.36,0.12331,0.04329,0.09404
209.0,211.0,13,0.2731,SFD,0.538,0.462,0.9709,0.9466,39.355,197.89,209.89,26.841,0.12331,0.04329,0.09404
210.0,212.0,2251,0.2585,ORI,0.889,0.092,0.5455,0.9221,163.877,86.468,30.981,65.603,0.12834,0.07203,0.12824
210.0,212.0,1662,0.2585,,0.0,0.685,0.3936,0.8019,5.598,128.488,31.922,26.735,0.12834,0.07203,0.12824
210.0,212.0,11,0.2585,,0.0,0.909,0.11,0.9368,5.645,327.799,210.92,36.129,0.12834,0.07203,0.12824
210.0,212.0,9,0.2585,,0.0,1.0,0.1618,0.9744,25.47,315.762,210.931,39.839,0.12834,0.07203,0.12824
210.0,212.0,107,0.2585,LMI,0.916,0.084,0.6184,0.9597,124.175,103.049,210.95,61.32,0.12834,0.07203,0.12824
210.0,212.0,150,0.2585,,0.0,0.633,0.7462,0.9058,170.766,239.885,211.039,68.19,0.12834,0.07203,0.12824
210.0,212.0,14,0.2585,,0.0,0.929,0.7411,0.9111,148.75,241.872,211.314,65.842,0.12834,0.07203,0.12824
210.0,212.0,11,0.2585,,0.0,1.0,0.2383,0.9781,41.694,303.354,210.84,40.404,0.12834,0.07203,0.12824
210.0,212.0,32,0.2585,,0.0,1.0,0.9452,0.9141,114.252,207.101,210.966,59.812,0.12834,0.07203,0.12824
210.0,212.0,33,0.2585,,0.0,1.0,0.9706,0.9149,142.684,161.162,210.934,67.691,0.12834,0.07203,0.12824
210.0,212.0,44,0.2585,TCA,0.75,0.25,0.8548,0.779,155.745,133.717,211.118,67.002,0.12834,0.07203,0.12824
210.0,212.0,20,0.2585,,0.0,1.0,0.9923,0.898,148.832,185.925,210.709,68.243,0.12834,0.07203,0.12824
210.0,212.0,12,0.2585,,0.0,1.0,0.8591,0.8762,153.227,224.504,211.244,67.755,0.12834,0.07203,0.12824
210.0,212.0,15,0.2585,SFD,0.667,0.333,0.9731,0.9435,39.324,197.265,211.369,26.688,0.12834,0.07203,0.12824
210.0,212.0,10,0.2585,OLP,0.7,0.3,0.1828,0.7897,34.037,147.651,31.181,27.674,0.12834,0.07203,0.12824
210.0,212.0,23,0.2585,,0.0,1.0,0.4629,0.9325,156.455,276.139,211.022,64.283,0.12834,0.07203,0.12824
210.0,212.0,8,0.2585,,0.0,1.0,0.9442,0.8149,159.058,207.385,210.645,68.596,0.12834,0.07203,0.12824
210.0,212.0,11,0.2585,,0.0,1.0,0.922,0.9036,110.661,31.923,30.922,59.126,0.12834,0.07203,0.12824
210.0,212.0,22,0.2585,,0.0,1.0,0.5356,0.9573,135.329,87.669,31.203,62.286,0.12834,0.07203,0.12824
210.0,212.0,19,0.2585,,0.0,1.0,0.8382,0.8294,133.352,230.122,211.257,63.57,0.12834,0.07203,0.12824
210.0,212.0,16,0.2585,,0.0,1.0,0.9588,0.854,143.668,202.696,210.872,67.201,0.12834,0.07203,0.12824
210.0,212.0,8,0.2585,,0.0,1.0,0.8874,0.7173,127.383,222.204,210.56,61.194,0.12834,0.07203,0.12824
210.0,212.0,23,0.2585,,0.0,1.0,0.7174,0.9284,119.343,244.625,211.158,59.806,0.12834,0.07203,0.12824
210.0,212.0,8,0.2585,,0.0,1.0,0.714,0.8961,141.594,65.925,31.112,64.426,0.12834,0.07203,0.12824
210.0,212.0,9,0.2585,PIH,0.889,0.111,0.8259,0.9493,148.423,310.995,31.578,67.594,0.12834,0.07203,0.12824
210.0,212.0,11,0.2585,,0.0,1.0,0.5446,0.9519,129.321,267.241,211.5,61.357,0.12834,0.07203,0.12824
210.0,212.0,8,0.2585,,0.0,1.0,0.9619,0.7751,33.742,157.434,210.973,22.799,0.12834,0.07203,0.12824
211.0,213.0,2022,0.2892,ORI,0.882,0.1,0.5382,0.9203,163.937,87.398,31.755,65.461,0.11258,0.0647,0.09913
211.0,213.0,10,0.2892,NUE,0.8,0.2,0.7917,0.7632,155.846,58.217,31.849,65.625,0.11258,0.0647,0.09913
211.0,213.0,1577,0.2892,,0.0,0.602,0.3707,0.8096,5.338,125.785,32.847,27.183,0.11258,0.0647,0.09913
211.0,213.0,11,0.2892,,0.0,1.0,0.9884,0.7158,43.306,189.586,211.557,26.725,0.11258,0.0647,0.09913
211.0,213.0,9,0.2892,,0.0,1.0,0.991,0.7061,41.89,172.697,212.282,25.757,0.11258,0.0647,0.09913
211.0,213.0,11,0.2892,,0.0,0.636,0.082,0.9973,64.945,326.976,211.376,48.048,0.11258,0.0647,0.09913
211.0,213.0,24,0.2892,,0.0,1.0,0.5704,0.9174,150.774,263.181,211.857,64.836,0.11258,0.0647,0.09913
211.0,213.0,47,0.2892,EGE,0.894,0.106,0.737,0.9305,171.443,243.367,211.85,68.359,0.11258,0.0647,0.09913
211.0,213.0,92,0.2892,LMI,0.913,0.087,0.6208,0.9546,124.148,103.33,211.726,61.211,0.11258,0.0647,0.09913
211.0,213.0,9,0.2892,CTA,0.889,0.111,0.092,0.9799,20.142,326.48,211.887,41.439,0.11258,0.0647,0.09913
211.0,213.0,11,0.2892,,0.0,1.0,0.8133,0.8992,130.248,232.742,211.942,63.204,0.11258,0.0647,0.09913
211.0,213.0,10,0.2892,PIH,0.9,0.1,0.8386,0.9704,149.975,313.139,31.723,68.407,0.11258,0.0647,0.09913
211.0,213.0,42,0.2892,TCA,0.905,0.095,0.8549,0.8047,154.361,133.63,211.981,66.884,0.11258,0.0647,0.09913
211.0,213.0,16,0.2892,,0.0,1.0,0.475,0.963,143.44,93.402,31.9,63.046,0.11258,0.0647,0.09913
211.0,213.0,25,0.2892,,0.0,0.56,0.9725,0.9399,39.808,197.296,212.093,26.694,0.11258,0.0647,0.09913
211.0,213.0,8,0.2892,LUM,1.0,0.0,0.9176,0.9474,114.809,147.24,212.25,60.444,0.11258,0.0647,0.09913
211.0,213.0,10,0.2892,,0.0,1.0,0.9566,0.8665,148.131,156.894,212.11,67.953,0.11258,0.0647,0.09913
211.0,213.0,11,0.2892,,0.0,1.0,0.4721,0.9525,162.31,273.555,211.493,65.173,0.11258,0.0647,0.09913
212.0,214.0,1753,0.3305,ORI,0.833,0.143,0.5319,0.9235,164.018,88.104,32.922,65.477,0.11187,0.07518,0.10772
212.0,214.0,1820,0.3305,,0.0,0.572,0.3767,0.8082,5.49,126.447,33.94,27.106,0.11187,0.07518,0.10772
212.0,214.0,30,0.3305,CTA,0.767,0.233,0.1006,0.9769,16.024,324.836,213.149,41.213,0.11187,0.07518,0.10772
212.0,214.0,66,0.3305,LMI,0.803,0.197,0.6231,0.9641,124.048,103.948,212.953,61.331,0.11187,0.07518,0.10772
212.0,214.0,32,0.3305,LUM,0.875,0.125,0.9173,0.9537,114.308,147.49,213.437,60.496,0.11187,0.07518,0.10772
212.0,214.0,16,0.3305,,0.0,1.0,0.4477,0.9742,140.795,96.527,32.85,62.772,0.11187,0.07518,0.10772
212.0,214.0,13,0.3305,,0.0,1.0,0.9111,0.7506,124.149,216.321,213.102,61.204,0.11187,0.07518,0.10772
212.0,214.0,21,0.3305,,0.0,1.0,0.8496,0.8952,113.778,226.18,213.339,58.977,0.11187,0.07518,0.10772
212.0,214.0,19,0.3305,,0.0,1.0,0.5344,0.8823,153.182,269.387,212.702,63.488,0.11187,0.07518,0.10772
212.0,214.0,87,0.3305,EGE,0.655,0.345,0.7334,0.9137,171.752,243.053,212.776,68.318,0.11187,0.07518,0.10772
212.0,214.0,34,0.3305,TCA,0.765,0.235,0.8597,0.7752,154.611,134.581,212.857,66.786,0.11187,0.07518,0.10772
212.0,214.0,11,0.3305,,0.0,1.0,0.954,0.6737,142.549,205.737,213.078,64.45,0.11187,0.07518,0.10772
212.0,214.0,20,0.3305,SFD,0.6,0.4,0.9721,0.9525,39.881,197.168,213.124,27.064,0.11187,0.07518,0.10772
212.0,214.0,12,0.3305,OCH,0.667,0.0,0.3667,0.9486,67.385,287.125,213.14,44.043,0.11187,0.07518,0.10772
212.0,214.0,17,0.3305,,0.0,1.0,0.2864,0.9513,164.025,297.147,212.718,61.584,0.11187,0.07518,0.10772
212.0,214.0,11,0.3305,,0.0,1.0,0.4236,0.9146,166.663,281.883,213.051,63.758,0.11187,0.07518,0.10772
212.0,214.0,11,0.3305,,0.0,1.0,0.9713,0.7132,36.845,160.995,213.28,24.065,0.11187,0.07518,0.10772
212.0,214.0,12,0.3305,,0.0,1.0,0.9208,0.9288,145.975,32.238,32.896,67.457,0.11187,0.07518,0.10772
212.0,214.0,19,0.3305,OLP,0.579,0.421,0.1709,0.8025,31.494,148.915,32.712,28.315,0.11187,0.07518,0.10772
212.0,214.0,8,0.3305,,0.0,1.0,0.6474,0.8904,138.269,74.589,33.797,63.153,0.11187,0.07518,0.10772
212.0,214.0,15,0.3305,PIH,0.933,0.067,0.8347,0.9794,147.924,312.835,33.074,67.939,0.11187,0.07518,0.10772
212.0,214.0,9,0.3305,,0.0,1.0,0.9932,0.9369,130.754,354.435,33.125,65.14,0.11187,0.07518,0.10772
212.0,214.0,10,0.3305,,0.0,1.0,0.9661,0.8302,151.905,200.322,213.074,67.983,0.11187,0.07518,0.10772
212.0,214.0,10,0.3305,,0.0,1.0,0.7178,0.9088,123.173,245.35,213.679,60.842,0.11187,0.07518,0.10772
212.0,214.0,11,0.3305,,0.0,1.0,0.6286,0.9337,160.267,256.576,212.201,66.485,0.11187,0.07518,0.10772
212.0,214.0,12,0.3305,,0.0,1.0,0.948,0.616,18.507,29.484,33.144,14.407,0.11187,0.07518,0.10772
212.0,214.0,9,0.3305,,0.0,1.0,0.9819,0.8636,127.147,192.937,213.036,63.462,0.11187,0.07518,0.10772
213.0,215.0,1529,0.3301,ORI,0.785,0.183,0.5204,0.9227,164.029,89.607,33.909,65.239,0.11685,0.07434,0.16636
213.0,215.0,1947,0.3301,,0.0,0.538,0.3743,0.8149,5.461,124.45,34.789,27.404,0.11685,0.07434,0.16636
213.0,215.0,59,0.3301,CTA,0.644,0.356,0.1018,0.9759,17.544,323.952,213.79,40.384,0.11685,0.07434,0.16636
213.0,215.0,63,0.3301,LMI,0.794,0.206,0.6234,0.9608,123.857,103.483,213.907,61.387,0.11685,0.07434,0.16636
213.0,215.0,84,0.3301,,0.0,0.571,0.7197,0.9068,170.096,245.015,214.136,67.747,0.11685,0.07434,0.16636
213.0,215.0,65,0.3301,LUM,0.877,0.123,0.9162,0.946,114.444,147.471,214.232,60.481,0.11685,0.07434,0.16636
213.0,215.0,15,0.3301,,0.0,0.533,0.9725,0.9478,40.324,196.987,214.123,27.489,0.11685,0.07434,0.16636
213.0,215.0,17,0.3301,,0.0,1.0,0.9565,0.7807,152.587,204.216,214.338,67.088,0.11685,0.07434,0.16636
213.0,215.0,62,0.3301,TCA,0.532,0.468,0.8748,0.8087,152.332,137.822,214.12,67.13,0.11685,0.07434,0.16636
213.0,215.0,82,0.3301,,0.0,1.0,0.9066,0.8882,123.284,215.538,213.961,61.796,0.11685,0.07434,0.16636
213.0,215.0,13,0.3301,,0.0,0.846,0.7161,0.7979,133.817,248.25,214.117,61.701,0.11685,0.07434,0.16636
213.0,215.0,16,0.3301,,0.0,1.0,0.9791,0.7843,136.856,195.264,213.816,64.415,0.11685,0.07434,0.16636
213.0,215.0,10,0.3301,,0.0,1.0,0.3602,0.9722,103.438,286.536,214.354,54.077,0.11685,0.07434,0.16636
213.0,215.0,15,0.3301,,0.0,1.0,0.9356,0.897,136.549,150.822,214.055,65.848,0.11685,0.07434,0.16636
213.0,215.0,11,0.3301,,0.0,0.545,0.4385,0.947,63.814,280.233,213.591,41.778,0.11685,0.07434,0.16636
213.0,215.0,16,0.3301,,0.0,1.0,0.4531,0.968,142.317,96.317,33.844,62.439,0.11685,0.07434,0.16636
213.0,215.0,15,0.3301,,0.0,1.0,0.9685,0.9216,140.578,18.705,34.278,66.678,0.11685,0.07434,0.16636
213.0,215.0,16,0.3301,,0.0,1.0,0.9844,0.9198,144.393,168.571,214.388,67.775,0.11685,0.07434,0.16636
213.0,215.0,18,0.3301,PIH,0.889,0.111,0.8336,0.9533,148.669,311.58,34.113,67.756,0.11685,0.07434,0.16636
213.0,215.0,9,0.3301,,0.0,1.0,0.5512,0.9675,164.258,275.426,34.082,66.723,0.11685,0.07434,0.16636
213.0,215.0,11,0.3301,,0.0,1.0,0.7511,0.9512,137.965,60.395,34.464,64.251,0.11685,0.07434,0.16636
213.0,215.0,9,0.3301,,0.0,1.0,0.8365,0.9296,121.033,48.038,33.649,61.243,0.11685,0.07434,0.16636
213.0,215.0,8,0.3301,,0.0,1.0,0.4225,0.9453,132.54,280.94,214.445,59.996,0.11685,0.07434,0.16636
213.0,215.0,11,0.3301,,0.0,1.0,0.3014,0.9691,169.497,295.917,213.85,62.296,0.11685,0.07434,0.16636
213.0,215.0,8,0.3301,OCH,0.875,0.125,0.3147,0.9215,60.999,293.027,213.844,42.174,0.11685,0.07434,0.16636
213.0,215.0,8,0.3301,,0.0,1.0,0.9021,0.8678,170.025,216.362,213.601,69.657,0.11685,0.07434,0.16636
213.0,215.0,11,0.3301,,0.0,1.0,0.9809,0.6962,151.285,165.416,214.661,66.778,0.11685,0.07434,0.16636
213.0,215.0,8,0.3301,,0.0,1.0,0.6932,0.9442,123.828,247.976,213.707,61.022,0.11685,0.07434,0.16636
213.0,215.0,8,0.3301,,0.0,1.0,0.7549,0.9487,98.699,239.657,213.941,54.251,0.11685,0.07434,0.16636
214.0,216.0,4656,0.3248,,0.0,0.508,0.5269,0.8591,42.921,115.886,35.585,34.595,0.17567,0.06997,0.16643
214.0,216.0,82,0.3248,LUM,0.793,0.207,0.9146,0.949,114.545,146.801,214.891,60.023,0.17567,0.06997,0.16643
214.0,216.0,10,0.3248,,0.0,1.0,0.989,0.884,111.197,7.743,35.421,58.891,0.17567,0.06997,0.16643
214.0,216.0,11,0.3248,,0.0,1.0,0.3501,0.9559,118.357,109.069,35.058,57.07,0.17567,0.06997,0.16643
214.0,216.0,27,0.3248,,0.0,1.0,0.5318,0.9416,114.151,268.301,215.184,57.136,0.17567,0.06997,0.16643
214.0,216.0,10,0.3248,,0.0,1.0,0.9062,0.8682,126.957,323.917,34.307,63.038,0.17567,0.06997,0.16643
214.0,216.0,17,0.3248,OCH,0.529,0.471,0.3162,0.9598,61.392,293.32,214.688,42.963,0.17567,0.06997,0.16643
214.0,216.0,13,0.3248,,0.0,1.0,0.3717,0.932,108.146,287.192,214.998,54.446,0.17567,0.06997,0.16643
214.0,216.0,11,0.3248,,0.0,1.0,0.3014,0.9758,139.816,113.99,35.405,60.011,0.17567,0.06997,0.16643
214.0,216.0,9,0.3248,,0.0,1.0,0.2247,0.9701,29.796,304.758,215.427,38.575,0.17567,0.06997,0.16643
214.0,216.0,27,0.3248,CTA,0.667,0.333,0.084,0.9854,19.082,328.533,214.917,42.098,0.17567,0.06997,0.16643
214.0,216.0,9,0.3248,,0.0,1.0,0.2451,0.9791,47.392,301.089,214.628,42.444,0.17567,0.06997,0.16643
214.0,216.0,8,0.3248,,0.0,0.5,0.178,0.8221,32.685,145.921,35.336,29.853,0.17567,0.06997,0.16643
214.0,216.0,8,0.3248,,0.0,1.0,0.1488,0.9201,32.657,141.185,35.275,36.783,0.17567,0.06997,0.16643
214.0,216.0,15,0.3248,,0.0,1.0,0.5572,0.8845,153.266,92.206,215.59,64.535,0.17567,0.06997,0.16643
214.0,216.0,26,0.3248,PIH,0.577,0.423,0.8484,0.9067,149.185,313.782,35.026,67.631,0.17567,0.06997,0.16643
214.0,216.0,38,0.3248,,0.0,1.0,0.9885,0.6846,49.428,342.468,35.136,30.005,0.17567,0.06997,0.16643
215.0,217.0,5250,0.334,,0.0,0.581,0.5314,0.8594,35.491,122.29,36.737,33.722,0.1828,0.09352,0.17053
215.0,217.0,19,0.334,,0.0,0.579,0.1539,0.8371,31.61,146.696,35.958,30.538,0.1828,0.09352,0.17053
215.0,217.0,49,0.334,,0.0,0.51,0.6255,0.9546,123.97,104.322,216.134,61.414,0.1828,0.09352,0.17053
215.0,217.0,14,0.334,,0.0,1.0,0.7654,0.9721,99.243,57.987,36.361,53.676,0.1828,0.09352,0.17053
215.0,217.0,19,0.334,,0.0,1.0,0.0836,0.9572,28.523,150.892,35.846,39.698,0.1828,0.09352,0.17053
215.0,217.0,9,0.334,,0.0,1.0,0.1898,0.9738,140.254,133.001,35.628,57.967,0.1828,0.09352,0.17053
215.0,217.0,13,0.334,,0.0,1.0,0.4327,0.9594,148.554,261.737,36.192,63.553,0.1828,0.09352,0.17053
215.0,217.0,15,0.334,,0.0,1.0,0.551,0.9051,160.113,92.692,215.835,64.811,0.1828,0.09352,0.17053
215.0,217.0,33,0.334,,0.0,0.697,0.8489,0.91,147.534,312.994,35.901,67.235,0.1828,0.09352,0.17053
215.0,217.0,16,0.334,,0.0,1.0,0.6127,0.9285,65.451,78.467,35.884,41.805,0.1828,0.09352,0.17053
216.0,218.0,2776,0.3499,,0.0,0.447,0.3711,0.8235,5.582,122.534,37.818,27.868,0.16212,0.07257,0.13789
216.0,218.0,24,0.3499,SFD,0.5,0.5,0.9765,0.9617,39.405,194.974,216.613,26.698,0.16212,0.07257,0.13789
216.0,218.0,31,0.3499,,0.0,0.677,0.1757,0.8107,32.41,145.658,37.169,30.447,0.16212,0.07257,0.13789
216.0,218.0,9,0.3499,,0.0,0.667,0.9904,0.9224,63.693,177.327,216.563,39.472,0.16212,0.07257,0.13789
216.0,218.0,9,0.3499,,0.0,1.0,0.0959,0.9485,23.641,148.592,37.546,38.305,0.16212,0.07257,0.13789
216.0,218.0,1327,0.3499,,0.0,0.567,0.5646,0.9151,163.678,91.782,37.308,65.458,0.16212,0.07257,0.13789
216.0,218.0,77,0.3499,,0.0,0.688,0.9028,0.8264,151.424,143.039,216.909,66.914,0.16212,0.07257,0.13789
216.0,218.0,51,0.3499,,0.0,0.98,0.9024,0.893,85.028,216.12,216.935,48.982,0.16212,0.07257,0.13789
216.0,218.0,89,0.3499,,0.0,0.989,0.9837,0.8695,107.353,184.689,216.993,57.639,0.16212,0.07257,0.13789
216.0,218.0,57,0.3499,,0.0,1.0,0.5074,0.92,155.614,272.54,217.011,63.863,0.16212,0.07257,0.13789
216.0,218.0,44,0.3499,,0.0,1.0,0.9464,0.8596,130.9,27.483,36.935,64.209,0.16212,0.07257,0.13789
216.0,218.0,50,0.3499,,0.0,0.5,0.9054,0.9295,115.4,145.595,216.812,60.578,0.16212,0.07257,0.13789
216.0,218.0,18,0.3499,,0.0,1.0,0.8649,0.853,120.198,44.129,37.079,60.711,0.16212,0.07257,0.13789
216.0,218.0,18,0.3499,,0.0,0.833,0.5337,0.9195,131.519,267.148,216.8,61.667,0.16212,0.07257,0.13789
216.0,218.0,10,0.3499,,0.0,1.0,0.9928,0.7605,126.187,178.514,217.074,61.954,0.16212,0.07257,0.13789
216.0,218.0,12,0.3499,,0.0,1.0,0.5352,0.9383,113.209,87.315,36.699,56.945,0.16212,0.07257,0.13789
216.0,218.0,8,0.3499,,0.0,1.0,0.5668,0.9106,111.392,263.495,217.103,57.324,0.16212,0.07257,0.13789
216.0,218.0,19,0.3499,,0.0,1.0,0.3163,0.9794,149.207,113.924,37.228,61.492,0.16212,0.07257,0.13789
216.0,218.0,9,0.3499,,0.0,1.0,0.2622,0.9631,128.733,119.998,37.466,57.594,0.16212,0.07257,0.13789
216.0,218.0,34,0.3499,LMI,0.559,0.441,0.6137,0.9485,122.851,101.475,216.897,60.688,0.16212,0.07257,0.13789
216.0,218.0,12,0.3499,,0.0,1.0,0.3777,0.9445,55.764,286.088,216.699,40.517,0.16212,0.07257,0.13789
216.0,218.0,12,0.3499,,0.0,1.0,0.2636,0.9744,52.275,299.076,216.935,42.387,0.16212,0.07257,0.13789
216.0,218.0,20,0.3499,,0.0,1.0,0.2635,0.9596,168.671,300.151,216.706,61.52,0.16212,0.07257,0.13789
216.0,218.0,19,0.3499,,0.0,1.0,0.978,0.8722,144.046,345.491,37.186,67.385,0.16212,0.07257,0.13789
216.0,218.0,17,0.3499,PIH,0.529,0.471,0.8484,0.9765,151.829,314.751,36.898,68.527,0.16212,0.07257,0.13789
216.0,218.0,36,0.3499,,0.0,1.0,0.9889,0.6565,41.215,345.996,37.094,25.644,0.16212,0.07257,0.13789
216.0,218.0,15,0.3499,,0.0,1.0,0.9926,0.7898,173.763,3.4,37.448,69.914,0.16212,0.07257,0.13789
216.0,218.0,14,0.3499,RPU,0.643,0.357,0.9888,0.8773,102.117,7.488,37.22,55.433,0.16212,0.07257,0.13789
217.0,219.0,3009,0.3762,,0.0,0.442,0.3668,0.8274,5.595,121.87,38.766,27.925,0.13676,0.07742,0.21919
217.0,219.0,828,0.3762,ORI,0.478,0.447,0.5205,0.9216,163.918,88.853,37.865,65.379,0.13676,0.07742,0.21919
217.0,219.0,504,0.3762,,0.0,0.853,0.9142,0.8754,143.221,202.022,217.952,65.315,0.13676,0.07742,0.21919
217.0,219.0,12,0.3762,,0.0,0.75,0.2115,0.9683,58.002,307.365,218.075,43.68,0.13676,0.07742,0.21919
217.0,219.0,31,0.3762,,0.0,0.742,0.3204,0.9514,66.061,292.701,217.715,43.056,0.13676,0.07742,0.21919
217.0,219.0,26,0.3762,,0.0,0.962,0.9234,0.8757,85.426,211.921,217.682,48.871,0.13676,0.07742,0.21919
217.0,219.0,26,0.3762,,0.0,0.808,0.9894,0.7022,77.585,172.272,217.981,44.094,0.13676,0.07742,0.21919
217.0,219.0,13,0.3762,,0.0,1.0,0.2773,0.9643,164.682,297.414,218.196,61.749,0.13676,0.07742,0.21919
217.0,219.0,29,0.3762,LMI,0.517,0.483,0.6069,0.9353,122.255,101.532,217.997,60.434,0.13676,0.07742,0.21919
217.0,219.0,10,0.3762,,0.0,1.0,0.2934,0.9458,140.955,117.138,37.909,59.095,0.13676,0.07742,0.21919
217.0,219.0,14,0.3762,,0.0,1.0,0.2479,0.9739,165.05,121.338,38.076,60.937,0.13676,0.07742,0.21919
217.0,219.0,30,0.3762,,0.0,1.0,0.9862,0.9071,103.557,170.613,218.179,55.765,0.13676,0.07742,0.21919
217.0,219.0,21,0.3762,RPU,0.714,0.286,0.9889,0.8435,102.852,8.98,38.018,55.529,0.13676,0.07742,0.21919
217.0,219.0,10,0.3762,,0.0,1.0,0.8291,0.9348,134.353,48.756,38.051,64.806,0.13676,0.07742,0.21919
217.0,219.0,18,0.3762,PIH,0.667,0.333,0.8394,0.969,146.8,313.669,37.819,68.04,0.13676,0.07742,0.21919
217.0,219.0,12,0.3762,,0.0,1.0,0.9819,0.7083,44.263,346.953,38.161,27.702,0.13676,0.07742,0.21919
217.0,219.0,10,0.3762,,0.0,1.0,0.9762,0.8433,159.296,15.46,38.19,69.5,0.13676,0.07742,0.21919
217.0,219.0,18,0.3762,,0.0,1.0,0.5847,0.9258,129.297,80.94,37.951,61.674,0.13676,0.07742,0.21919
217.0,219.0,8,0.3762,BEL,1.0,0.0,0.1918,0.995,119.733,51.785,217.836,57.04,0.13676,0.07742,0.21919
217.0,219.0,14,0.3762,,0.0,1.0,0.9902,0.7008,59.267,10.307,37.795,35.077,0.13676,0.07742,0.21919
217.0,219.0,11,0.3762,,0.0,1.0,0.9556,0.6591,39.032,154.82,218.254,25.234,0.13676,0.07742,0.21919
217.0,219.0,17,0.3762,,0.0,1.0,0.8619,0.9505,177.616,217.414,217.03,70.605,0.13676,0.07742,0.21919
217.0,219.0,9,0.3762,,0.0,0.778,0.4037,0.9671,83.645,281.721,218.443,49.404,0.13676,0.07742,0.21919
218.0,220.0,644,0.3993,ORI,0.497,0.421,0.5024,0.9253,164.026,91.012,38.937,65.076,0.13407,0.07692,0.17701
218.0,220.0,130,0.3993,,0.0,0.823,0.9416,0.8129,147.139,152.676,219.325,66.332,0.13407,0.07692,0.17701
218.0,220.0,241,0.3993,,0.0,0.946,0.8742,0.8961,142.039,222.072,219.255,65.022,0.13407,0.07692,0.17701
218.0,220.0,3050,0.3993,,0.0,0.426,0.3583,0.8333,5.505,120.87,39.781,28.218,0.13407,0.07692,0.17701
218.0,220.0,10,0.3993,,0.0,1.0,0.7794,0.7475,158.418,240.354,218.803,65.971,0.13407,0.07692,0.17701
218.0,220.0,29,0.3993,LMI,0.517,0.483,0.6126,0.9487,122.564,101.097,219.22,60.668,0.13407,0.07692,0.17701
218.0,220.0,11,0.3993,,0.0,1.0,0.7979,0.8132,133.168,54.153,38.85,63.112,0.13407,0.07692,0.17701
218.0,220.0,8,0.3993,,0.0,1.0,0.5294,0.9533,119.417,267.584,218.638,59.452,0.13407,0.07692,0.17701
218.0,220.0,31,0.3993,,0.0,1.0,0.9664,0.7906,111.846,200.757,219.22,57.987,0.13407,0.07692,0.17701
218.0,220.0,14,0.3993,,0.0,0.929,0.8276,0.7562,176.537,231.28,218.502,67.525,0.13407,0.07692,0.17701
218.0,220.0,11,0.3993,,0.0,1.0,0.834,0.9143,85.951,228.405,218.278,49.628,0.13407,0.07692,0.17701
218.0,220.0,100,0.3993,,0.0,0.92,0.944,0.8748,141.16,27.711,39.019,66.091,0.13407,0.07692,0.17701
218.0,220.0,28,0.3993,PIH,0.75,0.25,0.8702,0.9574,149.33,318.576,38.865,68.602,0.13407,0.07692,0.17701
218.0,220.0,42,0.3993,,0.0,0.619,0.9896,0.7173,72.58,175.58,219.127,41.658,0.13407,0.07692,0.17701
218.0,220.0,29,0.3993,,0.0,1.0,0.9906,0.8925,103.619,175.816,218.809,56.456,0.13407,0.07692,0.17701
218.0,220.0,24,0.3993,,0.0,1.0,0.7574,0.9069,107.906,241.02,219.133,57.087,0.13407,0.07692,0.17701
218.0,220.0,41,0.3993,,0.0,0.585,0.6934,0.9337,171.921,247.313,218.744,68.262,0.13407,0.07692,0.17701
218.0,220.0,8,0.3993,OBC,0.5,0.5,0.3924,0.9499,67.221,284.556,218.369,43.791,0.13407,0.07692,0.17701
218.0,220.0,17,0.3993,,0.0,1.0,0.9259,0.9611,173.182,206.292,219.004,70.909,0.13407,0.07692,0.17701
218.0,220.0,10,0.3993,,0.0,1.0,0.2691,0.9619,164.512,299.433,219.179,61.352,0.13407,0.07692,0.17701
218.0,220.0,13,0.3993,,0.0,1.0,0.9663,0.7874,62.76,19.58,39.071,37.338,0.13407,0.07692,0.17701
218.0,220.0,9,0.3993,,0.0,1.0,0.4659,0.9506,53.581,275.621,219.167,39.315,0.13407,0.07692,0.17701
218.0,220.0,8,0.3993,,0.0,1.0,0.9904,0.7144,37.365,6.89,38.541,23.749,0.13407,0.07692,0.17701
218.0,220.0,13,0.3993,,0.0,1.0,0.977,0.9369,145.937,345.072,39.171,68.567,0.13407,0.07692,0.17701
218.0,220.0,8,0.3993,RPU,1.0,0.0,0.9898,0.853,102.713,6.427,38.874,55.83,0.13407,0.07692,0.17701
219.0,221.0,4742,0.3921,,0.0,0.545,0.4986,0.8445,10.844,127.003,40.995,29.728,0.16242,0.07569,0.16427
219.0,221.0,17,0.3921,OLP,0.588,0.412,0.175,0.8246,28.8,146.38,40.169,29.389,0.16242,0.07569,0.16427
219.0,221.0,8,0.3921,,0.0,1.0,0.3086,0.9269,122.022,116.511,40.27,56.522,0.16242,0.07569,0.16427
219.0,221.0,14,0.3921,,0.0,1.0,0.62,0.9378,143.104,103.747,219.757,64.562,0.16242,0.07569,0.16427
219.0,221.0,68,0.3921,,0.0,1.0,0.9775,0.888,143.395,342.318,39.962,67.411,0.16242,0.07569,0.16427
219.0,221.0,34,0.3921,PIH,0.588,0.412,0.8651,0.9371,150.681,316.949,40.27,68.409,0.16242,0.07569,0.16427
219.0,221.0,9,0.3921,,0.0,0.889,0.4428,0.9203,105.429,277.899,220.29,53.871,0.16242,0.07569,0.16427
219.0,221.0,12,0.3921,,0.0,1.0,0.967,0.7788,73.663,19.848,39.974,41.694,0.16242,0.07569,0.16427
219.0,221.0,55,0.3921,,0.0,0.745,0.9905,0.8701,104.176,12.928,40.03,56.725,0.16242,0.07569,0.16427
219.0,221.0,31,0.3921,,0.0,0.742,0.3992,0.9464,60.664,282.556,219.87,41.654,0.16242,0.07569,0.16427
219.0,221.0,17,0.3921,,0.0,1.0,0.9585,0.8132,176.22,332.139,40.281,69.81,0.16242,0.07569,0.16427
219.0,221.0,8,0.3921,,0.0,1.0,0.5488,0.8905,163.487,90.866,220.596,65.128,0.16242,0.07569,0.16427
219.0,221.0,13,0.3921,,0.0,1.0,0.9809,0.7508,46.188,346.788,40.12,29.02,0.16242,0.07569,0.16427
219.0,221.0,27,0.3921,,0.0,0.593,0.6008,0.9531,120.309,100.493,219.96,59.02,0.16242,0.07569,0.16427
219.0,221.0,10,0.3921,BEL,0.9,0.1,0.1964,0.9978,121.905,52.816,219.746,57.727,0.16242,0.07569,0.16427
219.0,221.0,19,0.3921,,0.0,1.0,0.6099,0.9415,67.139,78.228,40.096,42.892,0.16242,0.07569,0.16427
219.0,221.0,10,0.3921,,0.0,1.0,0.7572,0.9133,171.394,120.061,220.102,68.617,0.16242,0.07569,0.16427
219.0,221.0,13,0.3921,,0.0,1.0,0.5638,0.9634,93.66,263.934,220.524,51.681,0.16242,0.07569,0.16427
219.0,221.0,8,0.3921,,0.0,1.0,0.7351,0.9417,66.999,242.403,220.634,42.026,0.16242,0.07569,0.16427
219.0,221.0,14,0.3921,,0.0,1.0,0.8104,0.8983,46.472,231.228,220.357,32.527,0.16242,0.07569,0.16427
219.0,221.0,9,0.3921,KOR,1.0,0.0,0.3873,0.99,95.785,102.471,40.005,53.115,0.16242,0.07569,0.16427
219.0,221.0,8,0.3921,,0.0,1.0,0.9656,0.9251,162.229,19.271,39.778,70.035,0.16242,0.07569,0.16427
220.0,222.0,3056,0.3962,,0.0,0.422,0.372,0.826,5.366,132.104,41.951,27.975,0.16425,0.09648,0.1355
220.0,222.0,569,0.3962,,0.0,0.902,0.8879,0.8828,142.47,215.633,220.916,65.488,0.16425,0.09648,0.1355
220.0,222.0,589,0.3962,,0.0,0.547,0.5092,0.9241,163.853,90.648,40.967,65.005,0.16425,0.09648,0.1355
220.0,222.0,11,0.3962,,0.0,0.818,0.3631,0.9583,62.016,288.775,221.021,43.136,0.16425,0.09648,0.1355
220.0,222.0,17,0.3962,,0.0,1.0,0.9691,0.9329,103.348,161.985,220.869,56.287,0.16425,0.09648,0.1355
220.0,222.0,77,0.3962,,0.0,0.675,0.9257,0.8778,135.271,30.732,41.108,65.242,0.16425,0.09648,0.1355
220.0,222.0,14,0.3962,SFD,0.857,0.143,0.9785,0.9677,36.588,193.393,221.246,25.639,0.16425,0.09648,0.1355
220.0,222.0,145,0.3962,,0.0,0.517,0.9849,0.7669,88.508,189.692,220.95,48.841,0.16425,0.09648,0.1355
220.0,222.0,9,0.3962,,0.0,0.778,0.5897,0.9662,112.637,259.746,220.739,57.448,0.16425,0.09648,0.1355
220.0,222.0,19,0.3962,,0.0,0.579,0.16,0.8582,27.846,144.888,40.884,31.223,0.16425,0.09648,0.1355
220.0,222.0,8,0.3962,,0.0,1.0,0.968,0.6981,40.721,340.193,40.279,25.635,0.16425,0.09648,0.1355
220.0,222.0,15,0.3962,,0.0,1.0,0.9584,0.841,80.072,22.412,41.068,45.463,0.16425,0.09648,0.1355
220.0,222.0,15,0.3962,,0.0,1.0,0.9878,0.6958,36.884,8.291,41.222,23.858,0.16425,0.09648,0.1355
220.0,222.0,11,0.3962,,0.0,1.0,0.2719,0.9875,164.687,299.971,221.321,62.228,0.16425,0.09648,0.1355
220.0,222.0,14,0.3962,,0.0,0.643,0.8914,0.9598,117.793,142.786,220.592,61.468,0.16425,0.09648,0.1355
220.0,222.0,10,0.3962,,0.0,1.0,0.864,0.8757,115.652,43.646,40.564,59.308,0.16425,0.09648,0.1355
220.0,222.0,31,0.3962,,0.0,0.613,0.9908,0.9069,104.319,11.897,40.962,56.948,0.16425,0.09648,0.1355
220.0,222.0,32,0.3962,,0.0,1.0,0.9722,0.9008,149.558,343.426,40.773,68.583,0.16425,0.09648,0.1355
220.0,222.0,20,0.3962,PIH,0.7,0.3,0.8497,0.977,148.454,315.09,41.0,68.182,0.16425,0.09648,0.1355
220.0,222.0,12,0.3962,,0.0,1.0,0.9834,0.8445,165.419,348.82,40.667,69.94,0.16425,0.09648,0.1355
220.0,222.0,20,0.3962,KOR,0.85,0.15,0.386,0.9866,96.194,103.194,41.348,52.922,0.16425,0.09648,0.1355
220.0,222.0,10,0.3962,BEL,1.0,0.0,0.1923,0.9962,121.575,52.608,221.562,57.457,0.16425,0.09648,0.1355
220.0,222.0,10,0.3962,,0.0,1.0,0.609,0.903,93.551,258.763,220.689,51.509,0.16425,0.09648,0.1355
220.0,222.0,10,0.3962,,0.0,1.0,0.7115,0.9674,65.112,245.706,221.129,41.482,0.16425,0.09648,0.1355
220.0,222.0,10,0.3962,LMI,0.5,0.5,0.6525,0.9734,122.075,108.932,221.125,61.441,0.16425,0.09648,0.1355
220.0,222.0,11,0.3962,,0.0,1.0,0.6575,0.9067,151.52,107.419,221.459,66.246,0.16425,0.09648,0.1355
221.0,223.0,3219,0.4201,,0.0,0.399,0.3861,0.8246,5.377,152.425,43.01,27.982,0.15021,0.08526,0.1377
221.0,223.0,12,0.4201,OLP,0.75,0.25,0.1664,0.8198,30.272,147.229,42.074,29.376,0.15021,0.08526,0.1377
221.0,223.0,11,0.4201,,0.0,1.0,0.953,0.7236,140.543,204.383,222.303,64.945,0.15021,0.08526,0.1377
221.0,223.0,757,0.4201,,0.0,0.655,0.5497,0.9265,161.877,92.72,42.299,65.104,0.15021,0.08526,0.1377
221.0,223.0,180,0.4201,KUM,0.533,0.467,0.9874,0.932,129.4,187.27,222.472,64.963,0.15021,0.08526,0.1377
221.0,223.0,28,0.4201,,0.0,1.0,0.9294,0.8885,152.269,209.424,222.127,68.62,0.15021,0.08526,0.1377
221.0,223.0,16,0.4201,,0.0,1.0,0.2909,0.979,173.972,291.689,221.091,62.725,0.15021,0.08526,0.1377
221.0,223.0,16,0.4201,DEL,0.75,0.25,0.4774,0.9314,108.419,277.073,222.383,54.947,0.15021,0.08526,0.1377
221.0,223.0,142,0.4201,,0.0,0.937,0.9489,0.8474,153.889,154.802,221.917,68.313,0.15021,0.08526,0.1377
221.0,223.0,45,0.4201,,0.0,1.0,0.7623,0.9491,116.114,239.699,222.208,59.861,0.15021,0.08526,0.1377
221.0,223.0,8,0.4201,,0.0,1.0,0.8842,0.8297,165.301,221.059,221.566,68.868,0.15021,0.08526,0.1377
221.0,223.0,9,0.4201,,0.0,1.0,0.958,0.8398,175.363,21.95,42.542,70.077,0.15021,0.08526,0.1377
221.0,223.0,10,0.4201,,0.0,1.0,0.8669,0.8106,174.615,134.87,221.544,68.905,0.15021,0.08526,0.1377
221.0,223.0,10,0.4201,,0.0,1.0,0.9816,0.7501,173.599,192.594,221.639,69.316,0.15021,0.08526,0.1377
221.0,223.0,12,0.4201,,0.0,1.0,0.2157,0.9788,164.214,305.33,221.644,60.654,0.15021,0.08526,0.1377
221.0,223.0,18,0.4201,,0.0,0.778,0.5895,0.9494,121.703,99.367,221.801,60.471,0.15021,0.08526,0.1377
221.0,223.0,9,0.4201,,0.0,1.0,0.5845,0.9087,163.204,277.747,41.599,66.409,0.15021,0.08526,0.1377
221.0,223.0,48,0.4201,RPU,0.604,0.396,0.9883,0.8918,106.078,7.639,41.986,57.162,0.15021,0.08526,0.1377
221.0,223.0,14,0.4201,,0.0,1.0,0.3271,0.9553,59.083,290.591,222.288,42.091,0.15021,0.08526,0.1377
221.0,223.0,11,0.4201,,0.0,1.0,0.965,0.6632,50.891,21.289,41.51,31.011,0.15021,0.08526,0.1377
221.0,223.0,34,0.4201,PIH,0.706,0.294,0.8685,0.9471,150.119,317.189,41.658,68.291,0.15021,0.08526,0.1377
221.0,223.0,9,0.4201,TLE,0.667,0.333,0.3931,0.9301,162.932,75.235,221.598,63.742,0.15021,0.08526,0.1377
221.0,223.0,9,0.4201,,0.0,1.0,0.9838,0.8308,123.489,349.001,42.224,62.1,0.15021,0.08526,0.1377
221.0,223.0,18,0.4201,,0.0,1.0,0.7065,0.954,65.324,246.36,221.929,41.745,0.15021,0.08526,0.1377
221.0,223.0,12,0.4201,,0.0,1.0,0.9902,0.6869,37.048,182.794,42.324,23.893,0.15021,0.08526,0.1377
221.0,223.0,8,0.4201,,0.0,1.0,0.2848,0.9785,34.996,296.65,222.062,38.996,0.15021,0.08526,0.1377
221.0,223.0,9,0.4201,,0.0,1.0,0.9419,0.814,172.311,332.381,42.587,69.629,0.15021,0.08526,0.1377
221.0,223.0,15,0.4201,KOR,0.867,0.133,0.3805,0.978,94.951,104.385,41.856,52.319,0.15021,0.08526,0.1377
221.0,223.0,12,0.4201,,0.0,1.0,0.9007,0.893,111.656,144.227,222.534,58.781,0.15021,0.08526,0.1377
221.0,223.0,8,0.4201,,0.0,1.0,0.986,0.9103,144.519,351.033,41.976,68.058,0.15021,0.08526,0.1377
222.0,224.0,4604,0.4513,,0.0,0.512,0.478,0.8368,7.899,171.963,222.281,28.984,0.17026,0.07509,0.14669
222.0,224.0,12,0.4513,,0.0,1.0,0.9876,0.6906,36.794,16.91,42.788,23.138,0.17026,0.07509,0.14669
222.0,224.0,28,0.4513,,0.0,1.0,0.9027,0.9166,96.08,215.445,223.266,53.143,0.17026,0.07509,0.14669
222.0,224.0,13,0.4513,,0.0,1.0,0.9842,0.9953,150.981,350.053,42.721,70.249,0.17026,0.07509,0.14669
222.0,224.0,8,0.4513,,0.0,1.0,0.7143,0.9147,154.108,116.051,222.775,67.323,0.17026,0.07509,0.14669
222.0,224.0,12,0.4513,,0.0,1.0,0.1237,0.9532,25.13,143.53,42.974,38.944,0.17026,0.07509,0.14669
222.0,224.0,22,0.4513,,0.0,1.0,0.3112,0.9549,158.413,293.339,223.404,62.298,0.17026,0.07509,0.14669
222.0,224.0,29,0.4513,,0.0,0.517,0.4486,0.9478,109.534,277.13,222.839,55.606,0.17026,0.07509,0.14669
222.0,224.0,12,0.4513,,0.0,1.0,0.2922,0.9725,147.497,118.386,42.951,60.784,0.17026,0.07509,0.14669
222.0,224.0,16,0.4513,,0.0,1.0,0.2611,0.9633,169.523,120.916,43.262,61.816,0.17026,0.07509,0.14669
222.0,224.0,21,0.4513,,0.0,0.905,0.3868,0.9354,58.615,285.599,222.931,41.385,0.17026,0.07509,0.14669
222.0,224.0,52,0.4513,RPU,0.731,0.269,0.9883,0.9012,104.936,9.594,42.944,56.917,0.17026,0.07509,0.14669
222.0,224.0,13,0.4513,,0.0,1.0,0.5872,0.9688,121.411,97.608,222.945,60.45,0.17026,0.07509,0.14669
222.0,224.0,37,0.4513,KOR,0.622,0.378,0.4131,0.9723,96.738,99.959,43.296,53.594,0.17026,0.07509,0.14669
222.0,224.0,36,0.4513,PIH,0.667,0.333,0.8727,0.8998,151.787,318.294,42.916,68.323,0.17026,0.07509,0.14669
222.0,224.0,15,0.4513,,0.0,1.0,0.7849,0.9599,46.361,55.127,43.002,33.081,0.17026,0.07509,0.14669
222.0,224.0,8,0.4513,,0.0,1.0,0.5741,0.9319,166.131,276.666,43.179,66.77,0.17026,0.07509,0.14669
223.0,225.0,168,0.4325,,0.0,0.81,0.9616,0.8568,153.505,159.193,223.965,68.398,0.15818,0.06388,0.12726
223.0,225.0,3077,0.4325,,0.0,0.404,0.3881,0.8212,5.041,188.009,223.139,27.423,0.15818,0.06388,0.12726
223.0,225.0,393,0.4325,,0.0,0.674,0.521,0.9141,162.289,89.053,44.044,64.683,0.15818,0.06388,0.12726
223.0,225.0,85,0.4325,,0.0,0.659,0.7293,0.9196,145.266,243.678,224.267,65.91,0.15818,0.06388,0.12726
223.0,225.0,19,0.4325,,0.0,0.895,0.7481,0.9352,175.413,235.894,223.369,69.148,0.15818,0.06388,0.12726
223.0,225.0,209,0.4325,,0.0,0.627,0.9789,0.8868,130.006,193.436,223.877,65.023,0.15818,0.06388,0.12726
223.0,225.0,20,0.4325,,0.0,0.75,0.9517,0.7889,91.939,204.502,224.475,50.789,0.15818,0.06388,0.12726
223.0,225.0,28,0.4325,,0.0,1.0,0.7516,0.9487,115.164,239.917,224.476,59.443,0.15818,0.06388,0.12726
223.0,225.0,35,0.4325,,0.0,0.571,0.9839,0.6922,70.325,184.801,223.803,40.35,0.15818,0.06388,0.12726
223.0,225.0,17,0.4325,,0.0,1.0,0.9367,0.8829,176.47,205.171,223.535,70.296,0.15818,0.06388,0.12726
223.0,225.0,40,0.4325,,0.0,0.95,0.5795,0.928,163.224,263.453,224.049,65.89,0.15818,0.06388,0.12726
223.0,225.0,54,0.4325,,0.0,1.0,0.979,0.8384,108.582,193.24,224.227,57.703,0.15818,0.06388,0.12726
223.0,225.0,10,0.4325,,0.0,1.0,0.8388,0.7532,152.219,129.624,224.069,66.309,0.15818,0.06388,0.12726
223.0,225.0,9,0.4325,,0.0,1.0,0.9084,0.7074,151.372,216.451,223.998,66.113,0.15818,0.06388,0.12726
223.0,225.0,19,0.4325,,0.0,1.0,0.99,0.8577,142.301,350.053,44.133,67.247,0.15818,0.06388,0.12726
223.0,225.0,11,0.4325,,0.0,1.0,0.9748,0.6748,37.031,16.355,43.84,22.982,0.15818,0.06388,0.12726
223.0,225.0,33,0.4325,,0.0,1.0,0.9736,0.8273,99.073,163.97,223.713,53.417,0.15818,0.06388,0.12726
223.0,225.0,12,0.4325,,0.0,0.917,0.8483,0.8806,156.541,46.233,43.793,68.412,0.15818,0.06388,0.12726
223.0,225.0,9,0.4325,,0.0,1.0,0.3221,0.9647,170.589,293.195,224.042,62.813,0.15818,0.06388,0.12726
223.0,225.0,15,0.4325,DEL,0.533,0.467,0.5331,0.9559,107.829,268.076,224.168,55.941,0.15818,0.06388,0.12726
223.0,225.0,14,0.4325,OLP,0.714,0.286,0.1683,0.825,30.361,147.235,44.264,29.612,0.15818,0.06388,0.12726
223.0,225.0,9,0.4325,,0.0,1.0,0.202,0.8953,23.216,132.281,43.983,34.522,0.15818,0.06388,0.12726
223.0,225.0,12,0.4325,,0.0,1.0,0.3581,0.9618,157.292,288.127,223.656,62.943,0.15818,0.06388,0.12726
223.0,225.0,20,0.4325,KOR,0.9,0.1,0.407,0.9663,95.152,101.475,43.861,52.216,0.15818,0.06388,0.12726
223.0,225.0,19,0.4325,PIH,0.684,0.316,0.8639,0.9331,150.098,316.964,44.358,68.222,0.15818,0.06388,0.12726
223.0,225.0,8,0.4325,,0.0,1.0,0.2302,0.959,145.715,125.737,43.73,58.858,0.15818,0.06388,0.12726
223.0,225.0,43,0.4325,RPU,0.767,0.233,0.9895,0.8952,104.795,10.978,43.887,56.858,0.15818,0.06388,0.12726
223.0,225.0,15,0.4325,,0.0,1.0,0.7255,0.9156,47.882,244.118,223.706,34.151,0.15818,0.06388,0.12726
223.0,225.0,10,0.4325,,0.0,1.0,0.699,0.9402,160.645,111.946,224.035,68.002,0.15818,0.06388,0.12726
224.0,226.0,3209,0.4259,,0.0,0.389,0.388,0.8203,4.974,201.356,224.255,27.526,0.12954,0.06237,0.1439
224.0,226.0,8,0.4259,,0.0,1.0,0.1911,0.9217,21.167,132.968,45.364,35.359,0.12954,0.06237,0.1439
224.0,226.0,256,0.4259,,0.0,0.773,0.9524,0.8845,133.41,204.001,224.913,64.805,0.12954,0.06237,0.1439
224.0,226.0,20,0.4259,PIH,0.7,0.3,0.8602,0.9541,150.003,317.047,45.141,68.492,0.12954,0.06237,0.1439
224.0,226.0,319,0.4259,,0.0,0.602,0.5565,0.9161,164.686,89.589,44.904,65.896,0.12954,0.06237,0.1439
224.0,226.0,107,0.4259,,0.0,0.551,0.9656,0.8638,158.858,161.061,224.9,69.383,0.12954,0.06237,0.1439
224.0,226.0,37,0.4259,,0.0,1.0,0.4287,0.9461,142.17,99.544,44.848,61.986,0.12954,0.06237,0.1439
224.0,226.0,23,0.4259,,0.0,1.0,0.9684,0.8657,151.999,18.208,45.008,68.644,0.12954,0.06237,0.1439
224.0,226.0,8,0.4259,,0.0,1.0,0.2409,0.9657,35.634,302.181,225.02,38.891,0.12954,0.06237,0.1439
224.0,226.0,14,0.4259,,0.0,1.0,0.9525,0.8573,93.77,203.463,224.68,51.912,0.12954,0.06237,0.1439
224.0,226.0,23,0.4259,,0.0,1.0,0.9468,0.8469,132.783,155.122,225.189,64.607,0.12954,0.06237,0.1439
224.0,226.0,21,0.4259,,0.0,1.0,0.714,0.9685,115.425,244.634,224.839,59.265,0.12954,0.06237,0.1439
224.0,226.0,11,0.4259,,0.0,1.0,0.8559,0.8703,35.208,45.232,44.812,26.006,0.12954,0.06237,0.1439
224.0,226.0,15,0.4259,SFD,0.533,0.467,0.9814,0.9529,37.759,191.352,225.308,25.996,0.12954,0.06237,0.1439
224.0,226.0,40,0.4259,RPU,0.8,0.2,0.9894,0.8935,106.078,8.744,44.949,56.804,0.12954,0.06237,0.1439
224.0,226.0,16,0.4259,DEL,0.812,0.188,0.5033,0.9426,106.002,271.144,224.713,55.1,0.12954,0.06237,0.1439
224.0,226.0,8,0.4259,,0.0,0.625,0.3876,0.9355,103.384,286.054,225.25,53.408,0.12954,0.06237,0.1439
224.0,226.0,14,0.4259,,0.0,1.0,0.4695,0.9577,143.744,273.087,224.834,63.034,0.12954,0.06237,0.1439
224.0,226.0,23,0.4259,,0.0,1.0,0.5094,0.936,160.985,270.761,224.933,64.67,0.12954,0.06237,0.1439
224.0,226.0,13,0.4259,,0.0,1.0,0.1943,0.9649,165.532,308.933,224.601,60.258,0.12954,0.06237,0.1439
224.0,226.0,20,0.4259,,0.0,1.0,0.9881,0.7922,146.329,349.016,45.099,67.165,0.12954,0.06237,0.1439
224.0,226.0,22,0.4259,,0.0,1.0,0.7571,0.9118,117.215,60.245,44.855,59.975,0.12954,0.06237,0.1439
224.0,226.0,57,0.4259,NHD,0.596,0.404,0.9047,0.8711,135.727,36.125,44.956,65.353,0.12954,0.06237,0.1439
224.0,226.0,8,0.4259,,0.0,1.0,0.3325,0.9567,60.375,291.36,225.625,42.565,0.12954,0.06237,0.1439
224.0,226.0,9,0.4259,,0.0,1.0,0.4325,0.9469,59.166,279.092,224.706,41.176,0.12954,0.06237,0.1439
224.0,226.0,12,0.4259,,0.0,1.0,0.7204,0.9132,140.92,63.828,44.723,64.85,0.12954,0.06237,0.1439
224.0,226.0,14,0.4259,,0.0,1.0,0.9844,0.9042,104.638,189.764,225.494,56.714,0.12954,0.06237,0.1439
224.0,226.0,19,0.4259,,0.0,1.0,0.6415,0.9476,127.058,73.751,44.732,61.587,0.12954,0.06237,0.1439
224.0,226.0,12,0.4259,,0.0,1.0,0.961,0.9102,107.647,158.838,225.131,57.91,0.12954,0.06237,0.1439
224.0,226.0,10,0.4259,,0.0,0.7,0.9833,0.8927,83.346,190.583,224.696,48.138,0.12954,0.06237,0.1439
224.0,226.0,9,0.4259,,0.0,1.0,0.9559,0.7258,69.94,23.291,44.924,40.397,0.12954,0.06237,0.1439
225.0,227.0,226,0.4583,,0.0,0.668,0.5029,0.9163,164.626,92.795,45.943,65.038,0.11472,0.06767,0.13638
225.0,227.0,3107,0.4583,,0.0,0.387,0.3892,0.8192,4.83,199.02,225.257,27.416,0.11472,0.06767,0.13638
225.0,227.0,14,0.4583,,0.0,1.0,0.0699,0.9837,29.521,151.963,45.927,43.252,0.11472,0.06767,0.13638
225.0,227.0,58,0.4583,,0.0,0.517,0.9869,0.9168,129.441,187.119,225.972,64.77,0.11472,0.06767,0.13638
225.0,227.0,11,0.4583,,0.0,1.0,0.9887,0.951,114.254,174.843,225.92,60.901,0.11472,0.06767,0.13638
225.0,227.0,102,0.4583,,0.0,0.598,0.9758,0.8284,158.677,165.14,226.128,69.263,0.11472,0.06767,0.13638
225.0,227.0,36,0.4583,RPU,0.722,0.278,0.9896,0.8901,105.795,4.887,46.103,56.98,0.11472,0.06767,0.13638
225.0,227.0,16,0.4583,PIH,0.938,0.062,0.8782,0.9712,151.509,319.691,46.081,68.999,0.11472,0.06767,0.13638
225.0,227.0,50,0.4583,NHD,0.66,0.34,0.9026,0.8939,134.555,35.666,46.074,65.154,0.11472,0.06767,0.13638
225.0,227.0,30,0.4583,,0.0,1.0,0.6415,0.91,171.567,252.73,225.988,67.4,0.11472,0.06767,0.13638
225.0,227.0,14,0.4583,,0.0,1.0,0.9226,0.82,166.796,212.06,225.926,69.141,0.11472,0.06767,0.13638
225.0,227.0,15,0.4583,,0.0,1.0,0.6021,0.9337,66.243,78.721,45.887,42.1,0.11472,0.06767,0.13638
225.0,227.0,9,0.4583,,0.0,1.0,0.9657,0.7874,146.975,19.089,45.56,67.135,0.11472,0.06767,0.13638
225.0,227.0,21,0.4583,,0.0,1.0,0.6195,0.9605,127.116,76.964,46.302,61.789,0.11472,0.06767,0.13638
225.0,227.0,9,0.4583,,0.0,1.0,0.933,0.691,9.242,148.799,226.259,12.712,0.11472,0.06767,0.13638
225.0,227.0,8,0.4583,,0.0,1.0,0.8039,0.9668,140.16,231.683,225.721,66.339,0.11472,0.06767,0.13638
225.0,227.0,9,0.4583,,0.0,1.0,0.8196,0.9484,141.978,130.182,226.221,66.784,0.11472,0.06767,0.13638
225.0,227.0,10,0.4583,,0.0,1.0,0.7395,0.8748,177.426,62.47,45.814,68.264,0.11472,0.06767,0.13638
225.0,227.0,22,0.4583,,0.0,1.0,0.931,0.819,120.67,210.096,225.787,60.995,0.11472,0.06767,0.13638
225.0,227.0,15,0.4583,,0.0,1.0,0.6702,0.897,144.386,70.933,46.502,64.601,0.11472,0.06767,0.13638
225.0,227.0,14,0.4583,,0.0,1.0,0.9663,0.6244,31.631,20.569,45.588,20.46,0.11472,0.06767,0.13638
225.0,227.0,22,0.4583,,0.0,0.909,0.9883,0.8496,81.831,174.667,226.016,47.182,0.11472,0.06767,0.13638
225.0,227.0,17,0.4583,TOL,0.647,0.353,0.6667,0.894,145.672,253.478,226.003,64.556,0.11472,0.06767,0.13638
225.0,227.0,14,0.4583,,0.0,1.0,0.496,0.9598,161.917,270.802,225.91,65.45,0.11472,0.06767,0.13638
225.0,227.0,10,0.4583,,0.0,0.9,0.5203,0.9771,120.867,267.398,226.058,59.657,0.11472,0.06767,0.13638
225.0,227.0,11,0.4583,,0.0,1.0,0.3167,0.9673,62.46,293.791,225.942,43.339,0.11472,0.06767,0.13638
225.0,227.0,13,0.4583,,0.0,1.0,0.8892,0.8431,101.71,218.86,226.716,54.676,0.11472,0.06767,0.13638
225.0,227.0,8,0.4583,,0.0,1.0,0.7644,0.96,68.991,237.682,225.713,42.984,0.11472,0.06767,0.13638
225.0,227.0,8,0.4583,,0.0,1.0,0.902,0.8108,146.528,143.032,225.613,66.646,0.11472,0.06767,0.13638
225.0,227.0,11,0.4583,,0.0,1.0,0.4131,0.9838,142.789,98.704,45.887,62.994,0.11472,0.06767,0.13638
225.0,227.0,10,0.4583,,0.0,1.0,0.8599,0.9342,81.992,42.89,46.028,47.858,0.11472,0.06767,0.13638
225.0,227.0,17,0.4583,,0.0,1.0,0.7409,0.9564,108.114,241.022,225.759,57.368,0.11472,0.06767,0.13638
225.0,227.0,8,0.4583,,0.0,1.0,0.9234,0.8792,152.023,211.432,225.635,68.257,0.11472,0.06767,0.13638
225.0,227.0,10,0.4583,,0.0,1.0,0.7831,0.9058,170.599,235.68,226.366,69.041,0.11472,0.06767,0.13638
225.0,227.0,8,0.4583,,0.0,1.0,0.9587,0.9431,134.073,201.187,225.776,65.483,0.11472,0.06767,0.13638
225.0,227.0,8,0.4583,,0.0,1.0,0.9614,0.73,74.8,201.52,225.801,42.484,0.11472,0.06767,0.13638
226.0,228.0,3521,0.4655,,0.0,0.459,0.412,0.815,5.05,188.644,226.254,27.168,0.1486,0.07361,0.16605
226.0,228.0,12,0.4655,,0.0,1.0,0.1891,0.9759,51.959,309.692,227.312,43.412,0.1486,0.07361,0.16605
226.0,228.0,972,0.4655,,0.0,0.821,0.7848,0.9017,153.279,174.202,226.578,65.463,0.1486,0.07361,0.16605
226.0,228.0,10,0.4655,,0.0,1.0,0.2264,0.9745,153.26,124.816,46.938,60.039,0.1486,0.07361,0.16605
226.0,228.0,109,0.4655,,0.0,0.67,0.9307,0.879,135.576,29.606,47.108,65.317,0.1486,0.07361,0.16605
226.0,228.0,62,0.4655,RPU,0.613,0.387,0.9886,0.8953,106.808,8.193,47.009,57.323,0.1486,0.07361,0.16605
226.0,228.0,13,0.4655,,0.0,1.0,0.3424,0.9087,63.153,290.851,226.952,41.824,0.1486,0.07361,0.16605
226.0,228.0,29,0.4655,,0.0,1.0,0.3752,0.9561,139.394,105.055,47.198,61.302,0.1486,0.07361,0.16605
226.0,228.0,24,0.4655,,0.0,1.0,0.9857,0.6703,53.099,348.904,47.11,31.934,0.1486,0.07361,0.16605
226.0,228.0,8,0.4655,,0.0,1.0,0.3338,0.9235,130.476,290.896,227.081,58.435,0.1486,0.07361,0.16605
226.0,228.0,10,0.4655,,0.0,1.0,0.9089,0.8953,113.735,34.288,47.521,59.566,0.1486,0.07361,0.16605
226.0,228.0,13,0.4655,,0.0,1.0,0.9194,0.8984,96.866,147.895,226.85,53.463,0.1486,0.07361,0.16605
226.0,228.0,16,0.4655,,0.0,1.0,0.8694,0.9263,83.217,41.714,46.962,48.427,0.1486,0.07361,0.16605
226.0,228.0,8,0.4655,,0.0,1.0,0.8392,0.8653,173.233,131.336,227.503,69.317,0.1486,0.07361,0.16605
226.0,228.0,29,0.4655,PIH,0.517,0.483,0.8953,0.9578,152.575,323.911,47.19,69.324,0.1486,0.07361,0.16605
226.0,228.0,9,0.4655,,0.0,1.0,0.9231,0.5963,3.775,319.14,47.536,11.284,0.1486,0.07361,0.16605
226.0,228.0,15,0.4655,,0.0,1.0,0.5626,0.9145,68.291,84.017,46.518,42.813,0.1486,0.07361,0.16605
226.0,228.0,14,0.4655,,0.0,1.0,0.8324,0.9373,141.446,132.872,226.732,66.757,0.1486,0.07361,0.16605
226.0,228.0,10,0.4655,,0.0,1.0,0.5207,0.9335,48.659,270.136,226.785,37.25,0.1486,0.07361,0.16605
226.0,228.0,10,0.4655,,0.0,1.0,0.9846,0.9071,173.249,8.754,47.064,71.223,0.1486,0.07361,0.16605
226.0,228.0,9,0.4655,,0.0,1.0,0.9858,0.9369,145.264,352.081,47.007,68.52,0.1486,0.07361,0.16605
227.0,229.0,2988,0.4208,,0.0,0.365,0.4126,0.8104,4.621,195.329,227.225,26.821,0.13382,0.04774,0.15645
227.0,229.0,11,0.4208,CTA,0.818,0.182,0.0978,0.983,11.771,325.369,228.377,41.593,0.13382,0.04774,0.15645
227.0,229.0,8,0.4208,,0.0,1.0,0.0595,0.992,33.25,152.662,48.103,44.927,0.13382,0.04774,0.15645
227.0,229.0,9,0.4208,CTA,0.778,0.222,0.1512,0.9767,15.835,316.243,228.401,39.726,0.13382,0.04774,0.15645
227.0,229.0,8,0.4208,,0.0,1.0,0.1464,0.9387,16.47,139.83,47.976,37.341,0.13382,0.04774,0.15645
227.0,229.0,17,0.4208,NUE,0.588,0.412,0.794,0.9747,161.751,53.458,48.228,69.063,0.13382,0.04774,0.15645
227.0,229.0,126,0.4208,,0.0,0.889,0.489,0.9178,164.906,93.337,48.133,64.907,0.13382,0.04774,0.15645
227.0,229.0,12,0.4208,,0.0,1.0,0.3369,0.9048,163.979,112.641,47.984,61.659,0.13382,0.04774,0.15645
227.0,229.0,8,0.4208,,0.0,1.0,0.8892,0.8538,159.943,38.622,48.497,68.548,0.13382,0.04774,0.15645
227.0,229.0,11,0.4208,,0.0,1.0,0.829,0.8253,169.624,50.339,48.016,68.331,0.13382,0.04774,0.15645
227.0,229.0,17,0.4208,,0.0,1.0,0.8439,0.8601,127.7,227.75,228.091,62.559,0.13382,0.04774,0.15645
227.0,229.0,9,0.4208,,0.0,1.0,0.7595,0.9545,120.645,238.471,228.234,61.358,0.13382,0.04774,0.15645
227.0,229.0,8,0.4208,,0.0,1.0,0.886,0.9762,119.7,218.086,228.205,61.793,0.13382,0.04774,0.15645
227.0,229.0,256,0.4208,,0.0,0.48,0.9745,0.8544,159.186,164.902,228.169,68.796,0.13382,0.04774,0.15645
227.0,229.0,9,0.4208,PLE,1.0,0.0,0.3238,0.982,161.154,248.716,47.831,63.557,0.13382,0.04774,0.15645
227.0,229.0,67,0.4208,RPU,0.537,0.463,0.9889,0.8858,105.786,26.988,47.991,56.693,0.13382,0.04774,0.15645
227.0,229.0,10,0.4208,TOL,1.0,0.0,0.6699,0.9652,141.717,250.103,228.109,65.199,0.13382,0.04774,0.15645
227.0,229.0,11,0.4208,,0.0,1.0,0.8846,0.8545,45.106,39.91,48.283,30.048,0.13382,0.04774,0.15645
227.0,229.0,8,0.4208,,0.0,1.0,0.9579,0.884,152.603,201.537,227.7,69.157,0.13382,0.04774,0.15645
227.0,229.0,24,0.4208,,0.0,1.0,0.411,0.9654,142.806,101.446,48.135,62.467,0.13382,0.04774,0.15645
227.0,229.0,9,0.4208,,0.0,1.0,0.9828,0.851,89.473,169.544,228.464,50.266,0.13382,0.04774,0.15645
227.0,229.0,10,0.4208,NAA,0.9,0.1,0.2383,0.9834,69.148,302.725,227.702,46.22,0.13382,0.04774,0.15645
227.0,229.0,24,0.4208,,0.0,0.958,0.9745,0.9022,132.649,14.656,48.191,64.653,0.13382,0.04774,0.15645
227.0,229.0,8,0.4208,,0.0,1.0,0.9773,0.7078,145.839,14.477,47.984,66.152,0.13382,0.04774,0.15645
227.0,229.0,33,0.4208,NHD,0.576,0.424,0.9094,0.8804,135.989,35.059,47.9,65.616,0.13382,0.04774,0.15645
227.0,229.0,8,0.4208,,0.0,1.0,0.83,0.9723,138.996,48.022,48.289,66.1,0.13382,0.04774,0.15645
227.0,229.0,9,0.4208,,0.0,1.0,0.9636,0.8535,113.702,199.775,228.246,58.894,0.13382,0.04774,0.15645
227.0,229.0,8,0.4208,PIH,0.5,0.5,0.8995,0.9748,154.98,324.502,48.267,69.826,0.13382,0.04774,0.15645
227.0,229.0,13,0.4208,,0.0,1.0,0.9463,0.7754,137.267,154.27,227.831,64.833,0.13382,0.04774,0.15645
227.0,229.0,14,0.4208,,0.0,1.0,0.9547,0.9289,103.903,157.832,228.182,56.701,0.13382,0.04774,0.15645
227.0,229.0,12,0.4208,SFD,0.583,0.417,0.982,0.9653,34.731,190.521,227.93,24.204,0.13382,0.04774,0.15645
227.0,229.0,10,0.4208,,0.0,1.0,0.8831,0.91,161.911,219.36,227.747,69.525,0.13382,0.04774,0.15645
228.0,230.0,3256,0.3814,,0.0,0.428,0.4145,0.8114,4.831,207.007,228.278,26.85,0.13901,0.08089,0.13889
228.0,230.0,15,0.3814,,0.0,0.933,0.0673,0.985,6.558,330.486,228.41,42.546,0.13901,0.08089,0.13889
228.0,230.0,555,0.3814,,0.0,0.894,0.6335,0.9116,153.562,78.642,48.994,64.66,0.13901,0.08089,0.13889
228.0,230.0,70,0.3814,,0.0,1.0,0.7907,0.8984,126.061,234.883,229.032,62.04,0.13901,0.08089,0.13889
228.0,230.0,518,0.3814,,0.0,0.716,0.9737,0.8512,152.08,174.41,229.084,67.402,0.13901,0.08089,0.13889
228.0,230.0,45,0.3814,RPU,0.556,0.444,0.9876,0.8579,106.401,351.679,48.859,57.12,0.13901,0.08089,0.13889
228.0,230.0,34,0.3814,,0.0,1.0,0.4498,0.928,155.624,277.564,228.999,63.653,0.13901,0.08089,0.13889
228.0,230.0,57,0.3814,,0.0,0.93,0.4915,0.9243,123.787,272.175,229.242,59.594,0.13901,0.08089,0.13889
228.0,230.0,18,0.3814,,0.0,1.0,0.8703,0.9058,82.551,41.281,48.889,47.6,0.13901,0.08089,0.13889
228.0,230.0,36,0.3814,PIH,0.583,0.417,0.903,0.9152,149.761,325.202,48.893,68.543,0.13901,0.08089,0.13889
228.0,230.0,16,0.3814,,0.0,1.0,0.9801,0.8473,177.07,16.819,49.519,70.623,0.13901,0.08089,0.13889
228.0,230.0,22,0.3814,,0.0,1.0,0.8819,0.8559,47.659,40.904,48.645,30.552,0.13901,0.08089,0.13889
228.0,230.0,28,0.3814,,0.0,0.929,0.3024,0.9544,59.916,295.296,228.705,42.596,0.13901,0.08089,0.13889
228.0,230.0,8,0.3814,SFD,0.75,0.25,0.9816,0.9679,34.509,190.539,228.489,24.507,0.13901,0.08089,0.13889
228.0,230.0,11,0.3814,,0.0,1.0,0.6041,0.9157,67.804,81.089,49.116,42.564,0.13901,0.08089,0.13889
228.0,230.0,11,0.3814,,0.0,1.0,0.7084,0.952,85.704,64.946,49.291,49.381,0.13901,0.08089,0.13889
228.0,230.0,14,0.3814,,0.0,1.0,0.2827,0.9582,33.309,297.562,228.958,37.79,0.13901,0.08089,0.13889
228.0,230.0,8,0.3814,,0.0,1.0,0.4842,0.8769,57.605,273.616,229.102,39.506,0.13901,0.08089,0.13889
228.0,230.0,8,0.3814,,0.0,1.0,0.9538,0.6745,11.835,335.684,49.234,13.019,0.13901,0.08089,0.13889
229.0,231.0,3060,0.4035,,0.0,0.406,0.4214,0.8075,4.599,209.866,229.168,26.533,0.12304,0.05879,0.1419
229.0,231.0,65,0.4035,,0.0,1.0,0.0832,0.9856,28.594,148.759,49.924,43.186,0.12304,0.05879,0.1419
229.0,231.0,20,0.4035,,0.0,0.5,0.137,0.9325,21.966,320.397,230.208,37.194,0.12304,0.05879,0.1419
229.0,231.0,11,0.4035,CTA,0.909,0.091,0.1101,0.9868,14.378,321.014,230.229,41.619,0.12304,0.05879,0.1419
229.0,231.0,11,0.4035,,0.0,0.455,0.0839,0.9745,22.322,328.357,229.948,41.121,0.12304,0.05879,0.1419
229.0,231.0,13,0.4035,,0.0,1.0,0.885,0.8536,130.274,220.257,230.174,63.36,0.12304,0.05879,0.1419
229.0,231.0,243,0.4035,LEO,0.609,0.391,0.9745,0.8218,160.137,164.895,229.912,69.235,0.12304,0.05879,0.1419
229.0,231.0,46,0.4035,RPU,0.652,0.348,0.9885,0.9025,108.624,351.692,49.877,58.366,0.12304,0.05879,0.1419
229.0,231.0,134,0.4035,,0.0,0.896,0.6208,0.9269,142.433,257.261,229.991,64.596,0.12304,0.05879,0.1419
229.0,231.0,9,0.4035,,0.0,1.0,0.4335,0.9546,164.162,278.801,229.754,64.387,0.12304,0.05879,0.1419
229.0,231.0,9,0.4035,,0.0,1.0,0.4362,0.9538,138.871,278.836,230.029,61.895,0.12304,0.05879,0.1419
229.0,231.0,45,0.4035,,0.0,0.956,0.9866,0.8777,129.984,186.445,230.064,64.522,0.12304,0.05879,0.1419
229.0,231.0,52,0.4035,,0.0,0.846,0.9852,0.7779,82.587,179.352,229.831,47.02,0.12304,0.05879,0.1419
229.0,231.0,13,0.4035,,0.0,1.0,0.3606,0.9746,110.499,286.538,230.418,57.095,0.12304,0.05879,0.1419
229.0,231.0,10,0.4035,DEL,0.9,0.1,0.4607,0.9382,103.909,276.524,229.884,54.609,0.12304,0.05879,0.1419
229.0,231.0,10,0.4035,NAA,1.0,0.0,0.2128,0.9757,67.371,305.201,229.696,45.872,0.12304,0.05879,0.1419
229.0,231.0,33,0.4035,,0.0,0.515,0.9045,0.8494,136.673,35.029,49.72,65.322,0.12304,0.05879,0.1419
229.0,231.0,9,0.4035,,0.0,1.0,0.6803,0.886,135.412,71.308,49.216,63.14,0.12304,0.05879,0.1419
229.0,231.0,124,0.4035,,0.0,0.879,0.4834,0.9026,165.837,95.004,49.937,64.496,0.12304,0.05879,0.1419
229.0,231.0,8,0.4035,,0.0,1.0,0.2779,0.9751,140.612,116.53,49.53,60.364,0.12304,0.05879,0.1419
229.0,231.0,22,0.4035,,0.0,1.0,0.4028,0.9659,140.661,100.605,49.826,61.93,0.12304,0.05879,0.1419
229.0,231.0,27,0.4035,,0.0,1.0,0.7246,0.9221,117.791,243.362,229.732,59.582,0.12304,0.05879,0.1419
229.0,231.0,8,0.4035,SAU,1.0,0.0,0.2199,0.997,121.818,304.588,229.904,57.268,0.12304,0.05879,0.1419
229.0,231.0,37,0.4035,,0.0,1.0,0.8771,0.8217,41.811,41.056,50.171,28.584,0.12304,0.05879,0.1419
229.0,231.0,57,0.4035,,0.0,1.0,0.8443,0.8638,153.013,226.444,230.157,67.45,0.12304,0.05879,0.1419
229.0,231.0,14,0.4035,,0.0,1.0,0.9062,0.9127,102.733,214.555,230.351,56.036,0.12304,0.05879,0.1419
229.0,231.0,10,0.4035,,0.0,1.0,0.9649,0.8862,178.416,197.103,229.523,70.968,0.12304,0.05879,0.1419
229.0,231.0,15,0.4035,,0.0,1.0,0.6413,0.9422,95.562,254.515,229.952,53.089,0.12304,0.05879,0.1419
229.0,231.0,12,0.4035,,0.0,0.5,0.9829,0.9577,34.905,189.699,229.475,24.684,0.12304,0.05879,0.1419
229.0,231.0,34,0.4035,,0.0,0.588,0.748,0.8958,160.116,62.953,50.246,67.345,0.12304,0.05879,0.1419
229.0,231.0,10,0.4035,,0.0,1.0,0.9608,0.8395,119.568,200.892,230.257,60.714,0.12304,0.05879,0.1419
229.0,231.0,8,0.4035,,0.0,1.0,0.5285,0.9467,113.954,88.269,50.232,57.832,0.12304,0.05879,0.1419
229.0,231.0,8,0.4035,,0.0,1.0,0.9785,0.8687,139.017,12.596,50.632,66.553,0.12304,0.05879,0.1419
229.0,231.0,10,0.4035,,0.0,1.0,0.906,0.9696,168.787,34.242,49.713,71.032,0.12304,0.05879,0.1419
229.0,231.0,8,0.4035,,0.0,1.0,0.9634,0.9258,143.364,340.929,50.229,67.889,0.12304,0.05879,0.1419
229.0,231.0,8,0.4035,,0.0,1.0,0.6173,0.9184,67.868,77.706,50.534,42.604,0.12304,0.05879,0.1419
229.0,231.0,8,0.4035,,0.0,1.0,0.8598,0.9119,83.637,43.818,49.421,48.621,0.12304,0.05879,0.1419
229.0,231.0,18,0.4035,,0.0,1.0,0.7857,0.9343,139.249,55.138,50.26,65.629,0.12304,0.05879,0.1419
229.0,231.0,9,0.4035,PIH,0.889,0.111,0.8925,0.9337,150.551,322.745,50.243,68.546,0.12304,0.05879,0.1419
230.0,232.0,3016,0.4426,,0.0,0.399,0.4265,0.8064,4.612,219.498,230.203,26.372,0.14339,0.087,0.1281
230.0,232.0,40,0.4426,,0.0,0.925,0.0816,0.9842,28.615,147.987,50.932,42.696,0.14339,0.087,0.1281
230.0,232.0,23,0.4426,,0.0,0.478,0.9882,0.6716,69.564,177.384,230.987,39.423,0.14339,0.087,0.1281
230.0,232.0,10,0.4426,,0.0,0.9,0.9815,0.9594,36.989,190.499,230.982,25.223,0.14339,0.087,0.1281
230.0,232.0,25,0.4426,DAD,0.76,0.16,0.9634,0.6642,73.67,200.646,231.123,41.511,0.14339,0.087,0.1281
230.0,232.0,10,0.4426,,0.0,1.0,0.1583,0.9682,16.54,135.786,51.018,38.625,0.14339,0.087,0.1281
230.0,232.0,273,0.4426,LEO,0.59,0.41,0.9763,0.8427,160.285,166.162,231.09,69.465,0.14339,0.087,0.1281
230.0,232.0,44,0.4426,,0.0,1.0,0.8948,0.8825,95.924,216.953,230.893,53.47,0.14339,0.087,0.1281
230.0,232.0,295,0.4426,,0.0,0.925,0.7144,0.9015,142.167,245.503,230.967,64.533,0.14339,0.087,0.1281
230.0,232.0,34,0.4426,,0.0,1.0,0.9878,0.8951,129.0,184.931,230.771,64.524,0.14339,0.087,0.1281
230.0,232.0,26,0.4426,,0.0,1.0,0.9786,0.8024,139.335,167.31,230.836,65.922,0.14339,0.087,0.1281
230.0,232.0,9,0.4426,,0.0,1.0,0.8142,0.9013,87.769,231.517,231.215,50.074,0.14339,0.087,0.1281
230.0,232.0,12,0.4426,NAA,0.583,0.417,0.2448,0.9948,67.956,300.308,231.24,46.853,0.14339,0.087,0.1281
230.0,232.0,8,0.4426,,0.0,1.0,0.3999,0.9635,48.1,281.673,231.026,38.754,0.14339,0.087,0.1281
230.0,232.0,345,0.4426,,0.0,0.864,0.668,0.9022,156.786,75.22,51.012,65.246,0.14339,0.087,0.1281
230.0,232.0,8,0.4426,,0.0,1.0,0.7855,0.9952,124.45,54.487,51.267,62.62,0.14339,0.087,0.1281
230.0,232.0,63,0.4426,RPU,0.587,0.413,0.9881,0.8958,108.45,351.775,51.062,58.171,0.14339,0.087,0.1281
230.0,232.0,16,0.4426,,0.0,1.0,0.6099,0.961,127.734,77.68,51.127,61.614,0.14339,0.087,0.1281
230.0,232.0,9,0.4426,,0.0,1.0,0.2201,0.9558,148.506,126.23,50.975,59.358,0.14339,0.087,0.1281
230.0,232.0,25,0.4426,,0.0,1.0,0.9835,0.9199,148.679,350.492,51.03,68.811,0.14339,0.087,0.1281
230.0,232.0,35,0.4426,,0.0,1.0,0.8737,0.8679,45.54,41.218,50.847,30.862,0.14339,0.087,0.1281
230.0,232.0,11,0.4426,,0.0,1.0,0.9783,0.6892,28.484,13.506,50.368,19.414,0.14339,0.087,0.1281
230.0,232.0,14,0.4426,,0.0,1.0,0.9254,0.7501,32.884,32.889,50.904,22.338,0.14339,0.087,0.1281
230.0,232.0,12,0.4426,,0.0,0.917,0.8699,0.8622,161.089,317.832,50.988,68.895,0.14339,0.087,0.1281
230.0,232.0,12,0.4426,PIH,0.667,0.333,0.892,0.9241,147.518,322.245,50.642,68.219,0.14339,0.087,0.1281
230.0,232.0,43,0.4426,,0.0,0.581,0.5244,0.9451,105.425,268.948,231.045,55.6,0.14339,0.087,0.1281
230.0,232.0,9,0.4426,,0.0,1.0,0.6715,0.8358,59.014,252.957,231.203,38.448,0.14339,0.087,0.1281
230.0,232.0,11,0.4426,,0.0,0.545,0.6101,0.942,71.66,77.795,51.144,44.083,0.14339,0.087,0.1281
230.0,232.0,24,0.4426,SAU,0.708,0.292,0.2331,0.9832,121.851,302.449,231.182,56.957,0.14339,0.087,0.1281
230.0,232.0,14,0.4426,,0.0,1.0,0.7469,0.9466,148.126,119.857,230.983,67.311,0.14339,0.087,0.1281
230.0,232.0,18,0.4426,,0.0,1.0,0.8922,0.8372,177.092,218.014,230.85,69.725,0.14339,0.087,0.1281
230.0,232.0,8,0.4426,,0.0,1.0,0.9755,0.774,95.06,165.353,231.19,52.147,0.14339,0.087,0.1281
230.0,232.0,8,0.4426,,0.0,1.0,0.9827,0.8465,127.464,349.946,50.656,63.531,0.14339,0.087,0.1281
230.0,232.0,8,0.4426,,0.0,1.0,0.4279,0.9344,68.047,280.186,231.09,43.525,0.14339,0.087,0.1281
230.0,232.0,9,0.4426,,0.0,1.0,0.9723,0.912,79.691,15.577,51.299,46.538,0.14339,0.087,0.1281
231.0,233.0,244,0.4596,,0.0,0.91,0.7664,0.9244,135.312,59.119,52.008,63.408,0.16435,0.07045,0.13843
231.0,233.0,2997,0.4596,,0.0,0.438,0.4404,0.8025,4.784,201.615,231.196,26.22,0.16435,0.07045,0.13843
231.0,233.0,377,0.4596,LEO,0.801,0.199,0.9791,0.8428,161.156,167.834,232.216,69.779,0.16435,0.07045,0.13843
231.0,233.0,697,0.4596,,0.0,0.91,0.701,0.9102,146.094,219.71,231.474,64.324,0.16435,0.07045,0.13843
231.0,233.0,68,0.4596,,0.0,0.574,0.9848,0.8915,106.849,347.857,51.712,57.384,0.16435,0.07045,0.13843
231.0,233.0,13,0.4596,,0.0,1.0,0.9882,0.8386,93.033,178.419,232.064,52.089,0.16435,0.07045,0.13843
231.0,233.0,13,0.4596,,0.0,1.0,0.9017,0.8621,88.071,216.471,232.078,49.9,0.16435,0.07045,0.13843
231.0,233.0,8,0.4596,,0.0,1.0,0.8154,0.8987,88.388,231.556,231.853,49.987,0.16435,0.07045,0.13843
231.0,233.0,10,0.4596,,0.0,1.0,0.9828,0.9551,149.479,350.639,51.741,69.586,0.16435,0.07045,0.13843
231.0,233.0,30,0.4596,,0.0,1.0,0.9476,0.8471,138.774,154.977,231.949,66.054,0.16435,0.07045,0.13843
231.0,233.0,12,0.4596,,0.0,1.0,0.8923,0.9318,101.3,217.466,232.08,55.017,0.16435,0.07045,0.13843
231.0,233.0,12,0.4596,,0.0,1.0,0.9848,0.7983,167.75,8.955,52.01,70.038,0.16435,0.07045,0.13843
231.0,233.0,8,0.4596,,0.0,1.0,0.9873,0.9135,115.452,174.562,231.822,61.005,0.16435,0.07045,0.13843
231.0,233.0,12,0.4596,,0.0,1.0,0.9552,0.9417,83.297,158.384,232.204,49.037,0.16435,0.07045,0.13843
231.0,233.0,8,0.4596,,0.0,1.0,0.9763,0.6328,38.127,15.106,52.095,23.846,0.16435,0.07045,0.13843
231.0,233.0,12,0.4596,NAA,0.917,0.083,0.2224,0.996,67.078,303.503,231.817,46.771,0.16435,0.07045,0.13843
231.0,233.0,71,0.4596,,0.0,0.62,0.0782,0.9846,29.403,149.412,52.174,42.734,0.16435,0.07045,0.13843
231.0,233.0,12,0.4596,SAU,1.0,0.0,0.2293,0.986,120.634,303.32,231.903,56.799,0.16435,0.07045,0.13843
231.0,233.0,25,0.4596,,0.0,0.56,0.8699,0.9306,149.292,318.52,51.985,67.974,0.16435,0.07045,0.13843
231.0,233.0,23,0.4596,,0.0,0.391,0.6188,0.942,72.003,76.793,51.898,45.08,0.16435,0.07045,0.13843
231.0,233.0,11,0.4596,,0.0,1.0,0.7356,0.8995,70.099,62.262,52.445,43.257,0.16435,0.07045,0.13843
231.0,233.0,27,0.4596,,0.0,1.0,0.8808,0.8554,47.113,40.067,51.966,30.864,0.16435,0.07045,0.13843
231.0,233.0,14,0.4596,,0.0,1.0,0.6286,0.8959,59.656,256.212,231.764,39.465,0.16435,0.07045,0.13843
231.0,233.0,8,0.4596,,0.0,1.0,0.7427,0.9691,146.464,119.277,231.954,67.243,0.16435,0.07045,0.13843
232.0,234.0,2892,0.5118,,0.0,0.452,0.4408,0.8022,4.875,200.332,232.078,26.032,0.14409,0.09403,0.16607
232.0,234.0,825,0.5118,,0.0,0.938,0.7279,0.9106,138.308,185.435,232.049,63.895,0.14409,0.09403,0.16607
232.0,234.0,41,0.5118,,0.0,1.0,0.4337,0.9569,136.212,98.265,52.932,61.77,0.14409,0.09403,0.16607
232.0,234.0,622,0.5118,LEO,0.759,0.241,0.9805,0.8434,161.252,168.775,232.998,69.695,0.14409,0.09403,0.16607
232.0,234.0,14,0.5118,SAU,1.0,0.0,0.226,0.9882,119.896,303.563,233.062,56.974,0.14409,0.09403,0.16607
232.0,234.0,31,0.5118,,0.0,1.0,0.9829,0.9336,144.739,347.4,52.943,68.206,0.14409,0.09403,0.16607
232.0,234.0,8,0.5118,,0.0,1.0,0.1608,0.9775,158.289,314.521,232.744,59.008,0.14409,0.09403,0.16607
232.0,234.0,54,0.5118,,0.0,0.704,0.9855,0.8866,109.691,16.427,53.011,58.5,0.14409,0.09403,0.16607
232.0,234.0,166,0.5118,,0.0,0.795,0.9806,0.7237,73.656,185.164,233.005,41.509,0.14409,0.09403,0.16607
232.0,234.0,25,0.5118,,0.0,1.0,0.8846,0.8628,47.849,39.637,52.996,31.36,0.14409,0.09403,0.16607
232.0,234.0,16,0.5118,,0.0,1.0,0.2572,0.9465,45.485,301.371,232.394,39.643,0.14409,0.09403,0.16607
232.0,234.0,23,0.5118,NAA,0.609,0.391,0.2344,0.9822,65.067,301.771,232.905,45.719,0.14409,0.09403,0.16607
232.0,234.0,62,0.5118,,0.0,0.694,0.6777,0.9279,71.531,70.661,52.977,43.809,0.14409,0.09403,0.16607
232.0,234.0,16,0.5118,,0.0,1.0,0.1557,0.9831,173.176,135.06,53.209,59.642,0.14409,0.09403,0.16607
232.0,234.0,17,0.5118,,0.0,1.0,0.9811,0.6641,72.052,17.794,53.084,41.36,0.14409,0.09403,0.16607
232.0,234.0,22,0.5118,,0.0,1.0,0.6055,0.9574,140.782,102.428,233.04,64.824,0.14409,0.09403,0.16607
232.0,234.0,35,0.5118,,0.0,0.6,0.8823,0.9664,149.621,321.327,52.81,68.288,0.14409,0.09403,0.16607
232.0,234.0,22,0.5118,,0.0,1.0,0.9479,0.8392,171.951,28.996,52.879,70.069,0.14409,0.09403,0.16607
232.0,234.0,12,0.5118,,0.0,1.0,0.4284,0.9581,114.502,100.074,53.157,56.625,0.14409,0.09403,0.16607
232.0,234.0,13,0.5118,,0.0,1.0,0.9598,0.977,83.05,159.815,233.327,48.586,0.14409,0.09403,0.16607
232.0,234.0,11,0.5118,,0.0,1.0,0.3669,0.9396,159.37,72.726,232.936,63.168,0.14409,0.09403,0.16607
232.0,234.0,8,0.5118,PLE,1.0,0.0,0.355,0.9756,161.917,252.567,52.487,63.993,0.14409,0.09403,0.16607
232.0,234.0,9,0.5118,,0.0,1.0,0.6759,0.8507,158.688,108.881,233.065,66.656,0.14409,0.09403,0.16607
232.0,234.0,22,0.5118,,0.0,1.0,0.4536,0.9261,53.444,277.377,232.901,38.472,0.14409,0.09403,0.16607
232.0,234.0,12,0.5118,,0.0,1.0,0.747,0.9187,147.477,119.277,233.007,66.245,0.14409,0.09403,0.16607
232.0,234.0,8,0.5118,,0.0,1.0,0.7037,0.9395,157.876,293.794,52.857,67.893,0.14409,0.09403,0.16607
233.0,235.0,2594,0.503,,0.0,0.448,0.4477,0.8009,4.9,182.787,233.044,26.072,0.16072,0.07329,0.1266
233.0,235.0,667,0.503,LEO,0.894,0.106,0.9825,0.8434,161.475,170.311,234.264,69.802,0.16072,0.07329,0.1266
233.0,235.0,47,0.503,,0.0,1.0,0.9879,0.8214,128.692,180.065,234.265,63.895,0.16072,0.07329,0.1266
233.0,235.0,19,0.503,,0.0,1.0,0.979,0.7978,153.744,13.143,54.357,68.287,0.16072,0.07329,0.1266
233.0,235.0,26,0.503,DAD,0.615,0.192,0.9674,0.6472,73.516,199.428,234.393,41.455,0.16072,0.07329,0.1266
233.0,235.0,39,0.503,PIH,0.513,0.487,0.8895,0.9542,150.169,322.784,54.214,68.793,0.16072,0.07329,0.1266
233.0,235.0,14,0.503,DEL,0.643,0.357,0.5383,0.9424,104.042,266.202,233.757,55.486,0.16072,0.07329,0.1266
233.0,235.0,20,0.503,,0.0,1.0,0.9864,0.6511,41.84,16.481,53.917,25.557,0.16072,0.07329,0.1266
233.0,235.0,98,0.503,,0.0,0.888,0.68,0.9079,128.946,249.209,234.354,61.857,0.16072,0.07329,0.1266
233.0,235.0,59,0.503,,0.0,0.695,0.9832,0.8442,108.241,342.289,53.91,57.635,0.16072,0.07329,0.1266
233.0,235.0,14,0.503,,0.0,1.0,0.9595,0.9084,136.836,200.263,234.219,65.818,0.16072,0.07329,0.1266
233.0,235.0,225,0.503,,0.0,1.0,0.6023,0.9316,159.889,79.967,54.172,64.053,0.16072,0.07329,0.1266
233.0,235.0,8,0.503,,0.0,1.0,0.9743,0.8485,171.463,194.529,233.894,70.438,0.16072,0.07329,0.1266
233.0,235.0,21,0.503,,0.0,1.0,0.7809,0.8252,147.527,237.27,234.334,65.903,0.16072,0.07329,0.1266
233.0,235.0,8,0.503,,0.0,1.0,0.9055,0.88,173.458,214.911,234.292,70.0,0.16072,0.07329,0.1266
233.0,235.0,71,0.503,,0.0,0.958,0.8832,0.8998,135.162,39.729,53.755,64.76,0.16072,0.07329,0.1266
233.0,235.0,17,0.503,,0.0,0.647,0.986,0.7455,79.873,176.241,233.806,45.263,0.16072,0.07329,0.1266
233.0,235.0,18,0.503,,0.0,1.0,0.4734,0.9444,132.558,92.903,54.222,61.101,0.16072,0.07329,0.1266
233.0,235.0,31,0.503,,0.0,1.0,0.3455,0.958,138.038,108.954,53.741,60.075,0.16072,0.07329,0.1266
233.0,235.0,24,0.503,,0.0,1.0,0.9557,0.9134,124.779,158.536,233.741,63.249,0.16072,0.07329,0.1266
233.0,235.0,22,0.503,,0.0,1.0,0.8685,0.9055,89.934,221.688,234.715,51.255,0.16072,0.07329,0.1266
233.0,235.0,16,0.503,,0.0,1.0,0.9318,0.7783,63.725,29.422,54.12,38.228,0.16072,0.07329,0.1266
233.0,235.0,13,0.503,,0.0,1.0,0.9673,0.9054,117.772,197.372,234.219,61.279,0.16072,0.07329,0.1266
233.0,235.0,11,0.503,,0.0,1.0,0.5776,0.9663,112.362,81.44,54.287,57.994,0.16072,0.07329,0.1266
233.0,235.0,10,0.503,,0.0,1.0,0.9646,0.7973,150.799,199.036,234.223,67.758,0.16072,0.07329,0.1266
233.0,235.0,14,0.503,,0.0,1.0,0.8951,0.8133,154.011,141.828,233.788,67.56,0.16072,0.07329,0.1266
233.0,235.0,8,0.503,,0.0,1.0,0.8944,0.9372,72.71,216.832,234.666,43.989,0.16072,0.07329,0.1266
233.0,235.0,8,0.503,,0.0,1.0,0.9851,0.8767,106.045,187.126,234.582,57.784,0.16072,0.07329,0.1266
233.0,235.0,8,0.503,,0.0,1.0,0.9768,0.943,86.009,192.877,234.591,49.613,0.16072,0.07329,0.1266
233.0,235.0,8,0.503,,0.0,1.0,0.9854,0.7534,61.558,187.442,233.72,36.719,0.16072,0.07329,0.1266
233.0,235.0,8,0.503,,0.0,1.0,0.9855,0.6362,76.628,10.634,53.948,42.566,0.16072,0.07329,0.1266
233.0,235.0,8,0.503,,0.0,1.0,0.9886,0.9408,143.158,3.284,53.805,68.16,0.16072,0.07329,0.1266
233.0,235.0,12,0.503,,0.0,1.0,0.1899,0.99,146.403,128.607,54.276,59.541,0.16072,0.07329,0.1266
233.0,235.0,11,0.503,,0.0,1.0,0.4015,0.9528,130.786,281.464,234.281,60.496,0.16072,0.07329,0.1266
233.0,235.0,15,0.503,SAU,1.0,0.0,0.2185,0.9872,120.323,304.977,233.569,56.792,0.16072,0.07329,0.1266
233.0,235.0,19,0.503,,0.0,1.0,0.1488,0.9867,173.39,135.245,53.764,59.676,0.16072,0.07329,0.1266
233.0,235.0,14,0.503,,0.0,1.0,0.8741,0.8482,47.123,41.687,53.736,31.087,0.16072,0.07329,0.1266
233.0,235.0,52,0.503,,0.0,0.692,0.6526,0.9155,73.779,72.604,54.187,44.673,0.16072,0.07329,0.1266
233.0,235.0,10,0.503,,0.0,1.0,0.6288,0.9725,139.474,105.351,234.219,65.334,0.16072,0.07329,0.1266
233.0,235.0,9,0.503,,0.0,1.0,0.3037,0.967,65.974,295.165,234.328,44.977,0.16072,0.07329,0.1266
233.0,235.0,8,0.503,,0.0,1.0,0.4638,0.9177,163.485,83.616,233.834,64.954,0.16072,0.07329,0.1266
234.0,236.0,2636,0.4165,,0.0,0.498,0.4682,0.7895,4.97,196.197,234.342,25.602,0.18444,0.07812,0.1324
234.0,236.0,433,0.4165,,0.0,0.97,0.5915,0.9156,152.58,91.932,55.41,64.852,0.18444,0.07812,0.1324
234.0,236.0,304,0.4165,,0.0,1.0,0.9146,0.8738,128.846,212.765,235.092,63.731,0.18444,0.07812,0.1324
234.0,236.0,835,0.4165,LEO,0.927,0.073,0.9839,0.8512,161.765,171.655,235.321,69.972,0.18444,0.07812,0.1324
234.0,236.0,42,0.4165,,0.0,0.738,0.5318,0.9443,118.764,266.991,235.38,58.353,0.18444,0.07812,0.1324
234.0,236.0,28,0.4165,RPU,0.571,0.429,0.9863,0.8616,108.849,353.053,55.046,58.089,0.18444,0.07812,0.1324
234.0,236.0,12,0.4165,,0.0,1.0,0.901,0.857,169.273,215.826,234.554,69.762,0.18444,0.07812,0.1324
234.0,236.0,20,0.4165,,0.0,1.0,0.9629,0.6677,28.83,21.031,55.216,19.277,0.18444,0.07812,0.1324
234.0,236.0,8,0.4165,,0.0,1.0,0.9357,0.7644,64.04,28.392,54.131,38.284,0.18444,0.07812,0.1324
234.0,236.0,8,0.4165,,0.0,1.0,0.8705,0.8495,162.085,42.156,54.913,68.792,0.18444,0.07812,0.1324
234.0,236.0,15,0.4165,,0.0,1.0,0.6118,0.9177,117.728,78.251,55.133,58.924,0.18444,0.07812,0.1324
234.0,236.0,26,0.4165,,0.0,1.0,0.964,0.9266,73.321,161.509,235.27,44.461,0.18444,0.07812,0.1324
234.0,236.0,25,0.4165,,0.0,1.0,0.988,0.8648,97.037,177.39,235.191,53.367,0.18444,0.07812,0.1324
234.0,236.0,8,0.4165,,0.0,1.0,0.3519,0.9675,118.398,109.755,55.126,57.227,0.18444,0.07812,0.1324
234.0,236.0,9,0.4165,,0.0,1.0,0.724,0.9353,120.133,62.627,55.12,60.284,0.18444,0.07812,0.1324
234.0,236.0,9,0.4165,,0.0,1.0,0.9663,0.8734,152.724,198.168,234.856,69.125,0.18444,0.07812,0.1324
234.0,236.0,97,0.4165,NOO,0.485,0.371,0.0806,0.9891,28.178,148.901,55.076,43.451,0.18444,0.07812,0.1324
234.0,236.0,15,0.4165,NAA,0.867,0.133,0.2224,0.9846,64.353,304.838,235.224,45.55,0.18444,0.07812,0.1324
234.0,236.0,10,0.4165,,0.0,1.0,0.3316,0.9486,56.749,292.59,235.5,41.572,0.18444,0.07812,0.1324
234.0,236.0,8,0.4165,,0.0,1.0,0.4017,0.9844,65.046,281.312,235.404,44.42,0.18444,0.07812,0.1324
234.0,236.0,25,0.4165,MCB,0.4,0.4,0.57,0.9332,67.686,83.446,54.842,43.086,0.18444,0.07812,0.1324
234.0,236.0,15,0.4165,,0.0,1.0,0.71,0.9473,83.284,65.701,55.111,48.91,0.18444,0.07812,0.1324
234.0,236.0,29,0.4165,PIH,0.517,0.483,0.8921,0.941,151.283,323.505,55.037,69.071,0.18444,0.07812,0.1324
234.0,236.0,16,0.4165,,0.0,1.0,0.638,0.9757,139.684,106.8,235.224,64.976,0.18444,0.07812,0.1324
235.0,237.0,40,0.4034,DAD,0.525,0.225,0.9691,0.6026,73.402,198.294,235.97,41.247,0.13695,0.04712,0.12428
235.0,237.0,2074,0.4034,,0.0,0.466,0.4709,0.7889,4.556,207.419,235.256,25.136,0.13695,0.04712,0.12428
235.0,237.0,8,0.4034,,0.0,1.0,0.9871,0.7472,48.849,177.049,235.891,30.104,0.13695,0.04712,0.12428
235.0,237.0,14,0.4034,,0.0,0.786,0.1177,0.9791,23.695,141.147,55.988,41.141,0.13695,0.04712,0.12428
235.0,237.0,89,0.4034,NOO,0.562,0.292,0.0802,0.9884,28.193,148.708,55.994,43.558,0.13695,0.04712,0.12428
235.0,237.0,16,0.4034,,0.0,1.0,0.9816,0.6461,53.975,178.474,235.998,32.334,0.13695,0.04712,0.12428
235.0,237.0,8,0.4034,,0.0,1.0,0.9264,0.896,22.539,209.805,236.139,19.209,0.13695,0.04712,0.12428
235.0,237.0,12,0.4034,,0.0,0.75,0.9555,0.8611,77.414,201.835,236.339,45.241,0.13695,0.04712,0.12428
235.0,237.0,8,0.4034,,0.0,1.0,0.9722,0.7036,64.75,163.769,235.595,37.843,0.13695,0.04712,0.12428
235.0,237.0,10,0.4034,,0.0,1.0,0.1607,0.9655,13.756,315.529,236.185,38.56,0.13695,0.04712,0.12428
235.0,237.0,17,0.4034,,0.0,0.765,0.0883,0.961,17.23,329.61,236.404,39.649,0.13695,0.04712,0.12428
235.0,237.0,8,0.4034,THA,0.625,0.375,0.1453,0.8706,23.07,326.253,235.826,31.916,0.13695,0.04712,0.12428
235.0,237.0,8,0.4034,,0.0,1.0,0.2005,0.904,7.284,132.73,55.837,33.723,0.13695,0.04712,0.12428
235.0,237.0,1120,0.4034,LEO,0.92,0.08,0.9848,0.8487,162.086,172.657,236.034,70.005,0.13695,0.04712,0.12428
235.0,237.0,63,0.4034,,0.0,1.0,0.9862,0.8703,131.96,184.88,235.74,65.167,0.13695,0.04712,0.12428
235.0,237.0,29,0.4034,,0.0,1.0,0.8171,0.9344,118.168,230.23,235.699,60.825,0.13695,0.04712,0.12428
235.0,237.0,13,0.4034,,0.0,1.0,0.8282,0.9456,139.776,228.782,236.232,66.212,0.13695,0.04712,0.12428
235.0,237.0,12,0.4034,,0.0,1.0,0.8899,0.9384,96.143,217.506,236.533,53.46,0.13695,0.04712,0.12428
235.0,237.0,17,0.4034,,0.0,1.0,0.9222,0.917,136.68,30.549,56.024,65.701,0.13695,0.04712,0.12428
235.0,237.0,11,0.4034,,0.0,1.0,0.7799,0.9438,126.785,55.532,56.181,62.836,0.13695,0.04712,0.12428
235.0,237.0,28,0.4034,,0.0,1.0,0.3873,0.9037,164.746,106.062,56.202,62.901,0.13695,0.04712,0.12428
235.0,237.0,8,0.4034,,0.0,1.0,0.7184,0.9106,118.733,64.396,56.11,60.021,0.13695,0.04712,0.12428
235.0,237.0,28,0.4034,,0.0,1.0,0.5044,0.9347,164.785,90.245,55.938,65.518,0.13695,0.04712,0.12428
235.0,237.0,16,0.4034,,0.0,1.0,0.4034,0.9667,143.253,101.432,56.089,62.644,0.13695,0.04712,0.12428
235.0,237.0,8,0.4034,,0.0,1.0,0.8239,0.9628,160.286,49.262,56.03,69.184,0.13695,0.04712,0.12428
235.0,237.0,13,0.4034,,0.0,1.0,0.5157,0.9176,156.121,269.984,235.852,65.114,0.13695,0.04712,0.12428
235.0,237.0,11,0.4034,MCB,0.455,0.182,0.64,0.9325,67.866,73.446,56.326,43.18,0.13695,0.04712,0.12428
235.0,237.0,9,0.4034,RPU,0.556,0.444,0.9871,0.8858,111.105,353.297,55.766,59.094,0.13695,0.04712,0.12428
235.0,237.0,20,0.4034,PIH,0.8,0.2,0.8984,0.9178,150.876,324.392,55.969,68.75,0.13695,0.04712,0.12428
235.0,237.0,16,0.4034,NAA,0.875,0.125,0.2196,0.993,64.109,304.51,236.028,45.957,0.13695,0.04712,0.12428
235.0,237.0,10,0.4034,DEL,0.6,0.4,0.5335,0.93,101.797,267.202,235.593,54.148,0.13695,0.04712,0.12428
235.0,237.0,10,0.4034,,0.0,1.0,0.978,0.8967,109.432,192.104,235.691,58.816,0.13695,0.04712,0.12428
236.0,238.0,5110,0.4221,,0.0,0.586,0.7608,0.8198,43.268,174.079,236.44,40.656,0.17008,0.08415,0.17587
236.0,238.0,8,0.4221,,0.0,1.0,0.835,0.9447,67.784,48.294,57.194,41.811,0.17008,0.08415,0.17587
236.0,238.0,64,0.4221,,0.0,0.594,0.6059,0.9462,69.31,78.495,57.147,43.473,0.17008,0.08415,0.17587
236.0,238.0,20,0.4221,SAU,0.95,0.05,0.2112,0.9836,118.642,306.165,237.076,56.342,0.17008,0.08415,0.17587
236.0,238.0,23,0.4221,,0.0,1.0,0.397,0.9642,53.21,283.042,236.723,40.32,0.17008,0.08415,0.17587
236.0,238.0,34,0.4221,PIH,0.5,0.5,0.9028,0.9591,151.37,325.979,56.826,68.769,0.17008,0.08415,0.17587
236.0,238.0,18,0.4221,,0.0,1.0,0.6433,0.9278,62.889,254.791,236.76,40.204,0.17008,0.08415,0.17587
236.0,238.0,55,0.4221,,0.0,1.0,0.9748,0.7611,68.951,27.863,57.096,40.354,0.17008,0.08415,0.17587
236.0,238.0,14,0.4221,,0.0,1.0,0.9589,0.7411,76.479,338.763,57.233,44.18,0.17008,0.08415,0.17587
237.0,239.0,4734,0.3922,,0.0,0.595,0.7017,0.8164,24.56,175.411,237.57,32.425,0.15474,0.07528,0.21955
237.0,239.0,18,0.3922,,0.0,0.556,0.7297,0.9013,157.918,117.038,238.283,67.08,0.15474,0.07528,0.21955
237.0,239.0,41,0.3922,,0.0,1.0,0.9859,0.8674,111.237,344.978,58.075,59.152,0.15474,0.07528,0.21955
237.0,239.0,50,0.3922,,0.0,1.0,0.9767,0.7561,76.755,24.595,58.017,43.513,0.15474,0.07528,0.21955
237.0,239.0,11,0.3922,SAU,1.0,0.0,0.2225,0.9808,116.75,304.527,237.691,56.139,0.15474,0.07528,0.21955
237.0,239.0,18,0.3922,,0.0,1.0,0.67,0.929,59.69,250.402,237.848,39.578,0.15474,0.07528,0.21955
237.0,239.0,45,0.3922,MCB,0.356,0.356,0.5542,0.8974,68.156,84.735,58.122,42.795,0.15474,0.07528,0.21955
237.0,239.0,12,0.3922,NAA,0.667,0.333,0.2353,0.9708,61.702,303.018,238.431,44.679,0.15474,0.07528,0.21955
237.0,239.0,12,0.3922,,0.0,1.0,0.2884,0.9435,141.03,297.526,237.674,59.589,0.15474,0.07528,0.21955
237.0,239.0,8,0.3922,,0.0,1.0,0.2357,0.9697,163.015,304.392,237.729,61.258,0.15474,0.07528,0.21955
237.0,239.0,19,0.3922,,0.0,1.0,0.986,0.8174,153.826,8.871,58.262,69.026,0.15474,0.07528,0.21955
237.0,239.0,25,0.3922,PIH,0.72,0.28,0.8988,0.973,149.938,324.82,57.738,69.059,0.15474,0.07528,0.21955
237.0,239.0,15,0.3922,,0.0,1.0,0.9839,0.757,135.656,350.625,58.648,65.155,0.15474,0.07528,0.21955
237.0,239.0,14,0.3922,,0.0,1.0,0.5122,0.962,151.746,89.978,238.678,65.235,0.15474,0.07528,0.21955
238.0,240.0,3694,0.3874,,0.0,0.528,0.6364,0.8007,11.849,176.587,238.478,27.153,0.18851,0.09364,0.1345
238.0,240.0,424,0.3874,,0.0,0.743,0.6045,0.9389,141.501,78.54,58.977,63.969,0.18851,0.09364,0.1345
238.0,240.0,202,0.3874,,0.0,1.0,0.6236,0.9175,149.565,256.157,238.908,64.138,0.18851,0.09364,0.1345
238.0,240.0,11,0.3874,DRV,0.727,0.273,0.7252,0.8937,158.037,117.192,239.095,67.67,0.18851,0.09364,0.1345
238.0,240.0,19,0.3874,,0.0,1.0,0.953,0.8241,168.564,23.268,58.783,69.457,0.18851,0.09364,0.1345
238.0,240.0,28,0.3874,,0.0,0.536,0.4941,0.9523,100.444,271.181,238.642,54.008,0.18851,0.09364,0.1345
238.0,240.0,10,0.3874,,0.0,1.0,0.8996,0.7139,26.415,141.487,239.068,20.409,0.18851,0.09364,0.1345
238.0,240.0,53,0.3874,,0.0,0.868,0.8843,0.8953,98.393,219.509,239.324,53.941,0.18851,0.09364,0.1345
238.0,240.0,22,0.3874,,0.0,1.0,0.9713,0.6567,75.49,16.68,59.141,42.748,0.18851,0.09364,0.1345
238.0,240.0,9,0.3874,,0.0,1.0,0.938,0.7752,151.39,208.491,238.808,67.436,0.18851,0.09364,0.1345
238.0,240.0,26,0.3874,PIH,0.654,0.346,0.903,0.9818,151.691,325.551,58.824,69.323,0.18851,0.09364,0.1345
238.0,240.0,28,0.3874,,0.0,1.0,0.9842,0.8695,111.57,345.979,58.96,59.071,0.18851,0.09364,0.1345
238.0,240.0,15,0.3874,NAA,0.6,0.4,0.2433,0.9801,62.311,301.169,238.606,44.899,0.18851,0.09364,0.1345
238.0,240.0,12,0.3874,,0.0,1.0,0.934,0.8725,33.777,207.868,239.503,23.668,0.18851,0.09364,0.1345
238.0,240.0,11,0.3874,,0.0,1.0,0.2124,0.9439,160.766,127.67,59.093,59.548,0.18851,0.09364,0.1345
238.0,240.0,10,0.3874,,0.0,0.6,0.2458,0.9648,132.917,122.643,58.557,58.157,0.18851,0.09364,0.1345
238.0,240.0,12,0.3874,,0.0,1.0,0.9743,0.5977,71.732,344.077,59.392,40.769,0.18851,0.09364,0.1345
238.0,240.0,8,0.3874,,0.0,1.0,0.8842,0.9312,142.441,141.304,239.597,66.876,0.18851,0.09364,0.1345
238.0,240.0,8,0.3874,,0.0,1.0,0.2253,0.9639,39.299,305.192,239.393,40.055,0.18851,0.09364,0.1345
238.0,240.0,9,0.3874,,0.0,1.0,0.8904,0.9474,142.832,217.467,239.444,67.169,0.18851,0.09364,0.1345
238.0,240.0,37,0.3874,MCB,0.405,0.189,0.5783,0.9214,69.476,81.958,58.849,43.391,0.18851,0.09364,0.1345
239.0,241.0,4768,0.4134,,0.0,0.629,0.6634,0.8143,23.517,177.767,239.398,31.593,0.19003,0.11794,0.1589
239.0,241.0,27,0.4134,,0.0,1.0,0.413,0.9583,52.445,283.349,240.077,39.475,0.19003,0.11794,0.1589
239.0,241.0,55,0.4134,,0.0,0.982,0.5286,0.9556,145.544,92.58,240.117,64.611,0.19003,0.11794,0.1589
239.0,241.0,17,0.4134,,0.0,1.0,0.9696,0.6618,75.554,342.358,59.806,42.226,0.19003,0.11794,0.1589
239.0,241.0,68,0.4134,,0.0,0.868,0.9827,0.8906,108.691,15.724,60.314,57.79,0.19003,0.11794,0.1589
239.0,241.0,37,0.4134,,0.0,0.757,0.9826,0.6487,73.297,18.317,60.112,41.495,0.19003,0.11794,0.1589
239.0,241.0,15,0.4134,,0.0,1.0,0.869,0.8881,159.638,138.425,239.94,69.354,0.19003,0.11794,0.1589
239.0,241.0,17,0.4134,SAU,0.706,0.294,0.2199,0.9844,116.762,304.413,240.182,55.961,0.19003,0.11794,0.1589
239.0,241.0,21,0.4134,,0.0,1.0,0.9803,0.7315,57.316,14.524,59.446,34.727,0.19003,0.11794,0.1589
239.0,241.0,52,0.4134,,0.0,0.558,0.9022,0.9418,150.4,324.925,60.148,68.509,0.19003,0.11794,0.1589
239.0,241.0,28,0.4134,,0.0,1.0,0.9856,0.8549,144.187,351.617,59.93,67.584,0.19003,0.11794,0.1589
239.0,241.0,10,0.4134,,0.0,1.0,0.3714,0.9291,116.566,287.471,240.505,56.31,0.19003,0.11794,0.1589
239.0,241.0,8,0.4134,,0.0,1.0,0.9202,0.9341,78.452,30.842,59.678,46.358,0.19003,0.11794,0.1589
239.0,241.0,11,0.4134,,0.0,0.727,0.27,0.9798,59.115,299.232,239.75,43.938,0.19003,0.11794,0.1589
239.0,241.0,9,0.4134,,0.0,1.0,0.9301,0.9255,65.104,151.527,239.773,40.224,0.19003,0.11794,0.1589
239.0,241.0,9,0.4134,,0.0,1.0,0.7852,1.0098,147.288,127.392,239.916,68.397,0.19003,0.11794,0.1589
239.0,241.0,8,0.4134,,0.0,1.0,0.9353,0.8545,169.826,331.798,59.712,70.136,0.19003,0.11794,0.1589
239.0,241.0,9,0.4134,,0.0,1.0,0.2837,0.9324,164.724,296.642,239.849,61.533,0.19003,0.11794,0.1589
239.0,241.0,54,0.4134,,0.0,0.389,0.585,0.9339,71.091,80.865,59.928,43.746,0.19003,0.11794,0.1589
239.0,241.0,17,0.4134,,0.0,1.0,0.6016,0.9221,72.054,260.278,240.115,44.465,0.19003,0.11794,0.1589
240.0,242.0,4933,0.4344,,0.0,0.642,0.6713,0.8197,26.684,178.417,240.322,37.422,0.16788,0.09094,0.16575
240.0,242.0,17,0.4344,,0.0,1.0,0.8815,0.8354,164.506,140.137,240.786,68.754,0.16788,0.09094,0.16575
240.0,242.0,92,0.4344,,0.0,0.674,0.9059,0.9474,152.809,325.918,60.977,69.097,0.16788,0.09094,0.16575
240.0,242.0,45,0.4344,,0.0,0.644,0.974,0.63,75.403,21.955,61.282,42.068,0.16788,0.09094,0.16575
240.0,242.0,37,0.4344,,0.0,1.0,0.4484,0.9539,151.426,83.308,241.564,64.025,0.16788,0.09094,0.16575
240.0,242.0,42,0.4344,ACA,0.5,0.286,0.5704,0.928,71.549,83.325,60.844,43.873,0.16788,0.09094,0.16575
240.0,242.0,16,0.4344,,0.0,1.0,0.69,0.9454,71.878,248.804,241.047,43.639,0.16788,0.09094,0.16575
240.0,242.0,24,0.4344,,0.0,1.0,0.6565,0.9368,138.89,107.688,240.662,64.058,0.16788,0.09094,0.16575
240.0,242.0,37,0.4344,,0.0,1.0,0.3529,0.9619,52.952,288.455,240.774,40.44,0.16788,0.09094,0.16575
240.0,242.0,29,0.4344,,0.0,1.0,0.7745,0.9454,71.686,56.7,61.306,43.186,0.16788,0.09094,0.16575
240.0,242.0,28,0.4344,NBP,0.821,0.179,0.981,0.8502,92.332,9.698,61.202,51.588,0.16788,0.09094,0.16575
240.0,242.0,23,0.4344,,0.0,1.0,0.8009,0.9605,145.073,126.727,241.111,67.205,0.16788,0.09094,0.16575
240.0,242.0,12,0.4344,,0.0,1.0,0.5271,0.9589,77.563,266.706,240.969,47.277,0.16788,0.09094,0.16575
240.0,242.0,10,0.4344,,0.0,0.9,0.7566,0.9371,168.411,120.334,241.23,69.074,0.16788,0.09094,0.16575
240.0,242.0,8,0.4344,,0.0,1.0,0.7229,0.9253,44.356,64.086,60.774,32.777,0.16788,0.09094,0.16575
241.0,243.0,3966,0.4374,,0.0,0.587,0.6224,0.7991,16.426,186.917,241.502,27.813,0.25569,0.09045,0.14277
241.0,243.0,39,0.4374,NBP,0.872,0.128,0.9809,0.833,93.454,10.006,62.109,51.958,0.25569,0.09045,0.14277
241.0,243.0,428,0.4374,,0.0,0.778,0.4951,0.945,143.325,92.188,62.054,63.314,0.25569,0.09045,0.14277
241.0,243.0,26,0.4374,,0.0,1.0,0.9849,0.8717,127.712,344.868,62.358,63.54,0.25569,0.09045,0.14277
241.0,243.0,61,0.4374,,0.0,0.623,0.8891,0.9603,148.193,322.572,61.974,68.4,0.25569,0.09045,0.14277
241.0,243.0,59,0.4374,ACA,0.424,0.305,0.5605,0.9177,71.292,84.664,62.177,43.73,0.25569,0.09045,0.14277
241.0,243.0,8,0.4374,,0.0,1.0,0.9833,0.7017,28.074,352.101,62.343,18.739,0.25569,0.09045,0.14277
241.0,243.0,59,0.4374,,0.0,0.559,0.9754,0.6296,74.619,20.14,62.283,41.992,0.25569,0.09045,0.14277
241.0,243.0,28,0.4374,,0.0,1.0,0.4531,0.9507,153.226,83.783,242.037,64.513,0.25569,0.09045,0.14277
241.0,243.0,44,0.4374,,0.0,1.0,0.9652,0.8966,144.5,17.367,61.827,68.285,0.25569,0.09045,0.14277
241.0,243.0,15,0.4374,,0.0,1.0,0.921,0.9201,62.57,149.202,241.875,38.848,0.25569,0.09045,0.14277
241.0,243.0,16,0.4374,,0.0,1.0,0.6326,0.9472,137.899,105.398,242.218,64.325,0.25569,0.09045,0.14277
241.0,243.0,16,0.4374,,0.0,1.0,0.9743,0.6676,47.9,345.124,61.949,29.071,0.25569,0.09045,0.14277
241.0,243.0,12,0.4374,,0.0,1.0,0.6863,0.8916,66.436,250.197,242.044,41.445,0.25569,0.09045,0.14277
241.0,243.0,10,0.4374,,0.0,1.0,0.9793,0.8178,114.178,348.991,62.115,59.083,0.25569,0.09045,0.14277
241.0,243.0,18,0.4374,,0.0,1.0,0.9555,0.8546,92.567,158.491,242.072,51.375,0.25569,0.09045,0.14277
241.0,243.0,13,0.4374,,0.0,0.615,0.7278,0.8915,160.865,116.137,242.301,68.031,0.25569,0.09045,0.14277
241.0,243.0,12,0.4374,,0.0,1.0,0.421,0.9765,109.728,99.201,61.932,56.697,0.25569,0.09045,0.14277
241.0,243.0,20,0.4374,,0.0,1.0,0.9339,0.9027,170.361,27.618,62.284,70.594,0.25569,0.09045,0.14277
241.0,243.0,13,0.4374,,0.0,1.0,0.3214,0.9236,160.662,295.038,242.125,61.175,0.25569,0.09045,0.14277
241.0,243.0,8,0.4374,,0.0,1.0,0.9345,0.9294,105.561,27.655,62.08,57.231,0.25569,0.09045,0.14277
241.0,243.0,11,0.4374,,0.0,1.0,0.9141,0.8809,159.912,147.032,241.807,69.486,0.25569,0.09045,0.14277
241.0,243.0,9,0.4374,,0.0,1.0,0.2859,0.9669,106.542,296.482,242.323,54.907,0.25569,0.09045,0.14277
241.0,243.0,9,0.4374,,0.0,1.0,0.7322,0.8934,149.223,296.878,62.361,66.577,0.25569,0.09045,0.14277
241.0,243.0,8,0.4374,,0.0,1.0,0.9809,0.916,144.43,350.546,62.19,68.29,0.25569,0.09045,0.14277
241.0,243.0,12,0.4374,,0.0,1.0,0.4087,0.9402,39.169,281.191,242.189,36.03,0.25569,0.09045,0.14277
241.0,243.0,8,0.4374,,0.0,1.0,0.4158,0.9248,60.889,280.485,241.59,42.134,0.25569,0.09045,0.14277
242.0,244.0,5625,0.4267,,0.0,0.681,0.6991,0.821,36.206,176.946,242.176,39.896,0.21561,0.09116,0.21773
242.0,244.0,10,0.4267,,0.0,1.0,0.2071,0.9886,113.617,306.177,243.279,55.87,0.21561,0.09116,0.21773
242.0,244.0,14,0.4267,NGB,0.857,0.143,0.7777,0.9783,84.873,125.097,243.43,49.862,0.21561,0.09116,0.21773
243.0,245.0,5444,0.49,,0.0,0.675,0.6747,0.8217,28.063,169.922,243.045,38.364,0.21643,0.09008,0.18494
243.0,245.0,40,0.49,,0.0,1.0,0.426,0.9683,56.551,280.162,243.821,41.149,0.21643,0.09008,0.18494
243.0,245.0,34,0.49,,0.0,1.0,0.4904,0.9406,151.653,87.083,243.944,64.012,0.21643,0.09008,0.18494
243.0,245.0,18,0.49,NGB,0.833,0.167,0.7869,0.9278,83.876,125.896,243.894,48.981,0.21643,0.09008,0.18494
244.0,246.0,5086,0.5215,,0.0,0.649,0.6376,0.8191,26.383,158.602,65.949,38.301,0.17351,0.0899,0.21358
244.0,246.0,85,0.5215,,0.0,0.765,0.8911,0.9263,150.713,322.226,65.167,68.248,0.17351,0.0899,0.21358
244.0,246.0,83,0.5215,,0.0,0.819,0.7059,0.9142,149.613,113.486,244.931,65.912,0.17351,0.0899,0.21358
244.0,246.0,74,0.5215,,0.0,0.595,0.5215,0.9216,67.942,88.681,64.899,43.27,0.17351,0.0899,0.21358
244.0,246.0,25,0.5215,NGB,0.8,0.2,0.7736,0.9217,82.535,123.237,245.155,48.803,0.17351,0.0899,0.21358
244.0,246.0,9,0.5215,,0.0,1.0,0.4798,0.9524,137.174,87.097,245.115,62.256,0.17351,0.0899,0.21358
244.0,246.0,14,0.5215,,0.0,1.0,0.4943,0.9459,170.856,267.904,65.173,66.126,0.17351,0.0899,0.21358
244.0,246.0,20,0.5215,,0.0,1.0,0.4322,0.9738,43.601,278.085,245.225,37.392,0.17351,0.0899,0.21358
244.0,246.0,9,0.5215,,0.0,1.0,0.2181,0.9547,162.557,306.747,245.589,60.385,0.17351,0.0899,0.21358
244.0,246.0,8,0.5215,,0.0,1.0,0.5724,0.9162,33.433,263.702,245.289,31.022,0.17351,0.0899,0.21358
244.0,246.0,9,0.5215,,0.0,1.0,0.2446,0.9873,57.113,300.926,245.574,43.306,0.17351,0.0899,0.21358
244.0,246.0,9,0.5215,,0.0,1.0,0.7678,0.9559,42.408,237.369,244.549,31.145,0.17351,0.0899,0.21358
245.0,247.0,5103,0.4621,,0.0,0.653,0.7066,0.8265,28.866,156.494,66.873,41.019,0.23873,0.07246,0.24337
245.0,247.0,51,0.4621,,0.0,0.804,0.6149,0.9299,150.164,103.957,246.076,66.04,0.23873,0.07246,0.24337
245.0,247.0,19,0.4621,NGB,0.842,0.158,0.7611,0.9557,83.658,122.606,245.87,49.055,0.23873,0.07246,0.24337
245.0,247.0,22,0.4621,,0.0,1.0,0.713,0.9468,69.977,63.833,66.077,43.348,0.23873,0.07246,0.24337
245.0,247.0,16,0.4621,,0.0,1.0,0.7467,0.9003,139.687,119.964,246.148,65.35,0.23873,0.07246,0.24337
245.0,247.0,16,0.4621,,0.0,1.0,0.6516,0.9737,101.161,71.728,65.6,54.921,0.23873,0.07246,0.24337
245.0,247.0,25,0.4621,,0.0,1.0,0.3792,0.9482,40.588,285.288,246.004,36.281,0.23873,0.07246,0.24337
245.0,247.0,36,0.4621,,0.0,0.417,0.5109,0.9008,67.482,89.703,65.974,43.373,0.23873,0.07246,0.24337
245.0,247.0,9,0.4621,,0.0,1.0,0.6748,0.8749,40.072,70.305,65.488,31.043,0.23873,0.07246,0.24337
246.0,248.0,5404,0.4182,,0.0,0.667,0.6723,0.8415,49.101,148.733,67.932,42.256,0.18844,0.09931,0.21275
246.0,248.0,13,0.4182,,0.0,1.0,0.2042,0.9612,162.383,308.653,247.662,59.8,0.18844,0.09931,0.21275
246.0,248.0,60,0.4182,,0.0,0.783,0.5914,0.9244,69.667,83.042,66.888,42.78,0.18844,0.09931,0.21275
246.0,248.0,53,0.4182,,0.0,1.0,0.4418,0.9401,46.904,277.254,246.984,39.065,0.18844,0.09931,0.21275
246.0,248.0,12,0.4182,,0.0,1.0,0.2217,0.9558,55.224,305.957,247.015,41.835,0.18844,0.09931,0.21275
246.0,248.0,24,0.4182,NGB,0.625,0.375,0.7759,0.9492,82.156,124.007,246.888,48.761,0.18844,0.09931,0.21275
246.0,248.0,9,0.4182,GCM,0.889,0.111,0.3258,0.9546,59.157,110.313,67.023,42.966,0.18844,0.09931,0.21275
246.0,248.0,13,0.4182,,0.0,1.0,0.8464,0.8922,49.973,46.39,66.698,33.988,0.18844,0.09931,0.21275
246.0,248.0,14,0.4182,,0.0,1.0,0.6793,0.9349,62.247,250.793,246.861,39.616,0.18844,0.09931,0.21275
246.0,248.0,8,0.4182,,0.0,1.0,0.3785,0.9737,92.951,105.255,66.487,52.633,0.18844,0.09931,0.21275
247.0,249.0,5779,0.3995,,0.0,0.669,0.644,0.8535,61.116,144.805,68.932,42.379,0.24643,0.1419,0.21205
247.0,249.0,10,0.3995,,0.0,1.0,0.217,0.965,110.962,307.062,247.919,53.874,0.24643,0.1419,0.21205
247.0,249.0,30,0.3995,,0.0,0.7,0.4896,0.9208,166.118,264.633,68.084,65.761,0.24643,0.1419,0.21205
248.0,250.0,5804,0.4291,,0.0,0.646,0.6298,0.8734,70.521,141.989,69.822,42.767,0.2484,0.11733,0.23476
248.0,250.0,12,0.4291,,0.0,1.0,0.2172,0.9658,101.065,308.47,249.144,52.93,0.2484,0.11733,0.23476
249.0,251.0,3666,0.4574,,0.0,0.605,0.6734,0.8352,23.787,194.239,249.438,36.25,0.16664,0.0824,0.24171
249.0,251.0,8,0.4574,,0.0,1.0,0.2959,0.9535,170.757,295.663,250.308,62.694,0.16664,0.0824,0.24171
249.0,251.0,1304,0.4574,,0.0,0.43,0.3771,0.9686,130.329,114.009,69.977,59.604,0.16664,0.0824,0.24171
249.0,251.0,40,0.4574,DSV,0.625,0.375,0.5288,0.9598,151.872,92.622,250.02,65.378,0.16664,0.0824,0.24171
249.0,251.0,31,0.4574,,0.0,0.645,0.5325,0.9345,69.792,87.027,69.808,44.726,0.16664,0.0824,0.24171
249.0,251.0,68,0.4574,,0.0,0.662,0.7877,0.9136,154.72,125.248,250.005,68.261,0.16664,0.0824,0.24171
249.0,251.0,9,0.4574,,0.0,1.0,0.3368,0.9763,52.323,290.423,249.747,41.127,0.16664,0.0824,0.24171
249.0,251.0,34,0.4574,,0.0,1.0,0.5475,0.9456,56.427,266.33,250.045,39.694,0.16664,0.0824,0.24171
249.0,251.0,33,0.4574,,0.0,1.0,0.8687,0.9559,83.432,41.638,69.627,49.056,0.16664,0.0824,0.24171
249.0,251.0,31,0.4574,PIH,0.516,0.484,0.9288,0.9433,155.547,331.542,69.802,70.017,0.16664,0.0824,0.24171
249.0,251.0,20,0.4574,,0.0,0.65,0.9631,0.8335,51.881,17.953,69.539,32.664,0.16664,0.0824,0.24171
249.0,251.0,18,0.4574,XVI,0.833,0.167,0.5356,0.9615,170.573,273.637,69.942,67.048,0.16664,0.0824,0.24171
249.0,251.0,17,0.4574,,0.0,1.0,0.8132,0.9556,138.664,310.467,69.614,66.191,0.16664,0.0824,0.24171
249.0,251.0,10,0.4574,,0.0,1.0,0.8186,0.8886,41.835,49.512,69.904,29.946,0.16664,0.0824,0.24171
249.0,251.0,12,0.4574,,0.0,1.0,0.7932,0.7532,178.555,63.747,70.868,67.884,0.16664,0.0824,0.24171
249.0,251.0,8,0.4574,,0.0,1.0,0.9789,0.8418,139.838,347.705,70.19,66.855,0.16664,0.0824,0.24171
250.0,252.0,5339,0.4828,,0.0,0.562,0.6444,0.8799,72.187,152.691,71.879,42.809,0.21134,0.08005,0.27719
250.0,252.0,23,0.4828,DEL,0.609,0.391,0.494,0.9489,100.004,270.749,250.964,54.534,0.21134,0.08005,0.27719
250.0,252.0,10,0.4828,,0.0,1.0,0.6368,0.9225,68.606,255.61,250.829,43.059,0.21134,0.08005,0.27719
250.0,252.0,47,0.4828,,0.0,0.532,0.5371,0.9534,152.277,93.823,250.965,65.557,0.21134,0.08005,0.27719
250.0,252.0,8,0.4828,,0.0,1.0,0.8279,0.9376,114.346,131.212,250.892,59.329,0.21134,0.08005,0.27719
250.0,252.0,48,0.4828,,0.0,0.625,0.5003,0.9334,69.288,91.846,71.216,44.076,0.21134,0.08005,0.27719
250.0,252.0,20,0.4828,XVI,0.85,0.15,0.547,0.976,170.201,275.367,70.369,67.411,0.21134,0.08005,0.27719
251.0,253.0,3511,0.5081,,0.0,0.626,0.6245,0.852,24.022,196.123,251.355,35.107,0.17406,0.11008,0.18893
251.0,253.0,1824,0.5081,,0.0,0.458,0.4269,0.9626,129.657,115.761,72.007,59.163,0.17406,0.11008,0.18893
251.0,253.0,17,0.5081,XVI,0.765,0.235,0.5463,0.9625,169.81,275.162,72.141,67.262,0.17406,0.11008,0.18893
251.0,253.0,44,0.5081,,0.0,0.705,0.5163,0.9296,68.288,89.852,71.785,43.736,0.17406,0.11008,0.18893
251.0,253.0,30,0.5081,DEL,0.533,0.467,0.4747,0.9667,96.548,272.916,252.203,53.365,0.17406,0.11008,0.18893
251.0,253.0,10,0.5081,,0.0,1.0,0.8188,0.9174,52.122,49.555,72.373,34.357,0.17406,0.11008,0.18893
251.0,253.0,32,0.5081,DSV,0.562,0.438,0.5452,0.9659,151.585,94.066,252.049,65.837,0.17406,0.11008,0.18893
251.0,253.0,8,0.5081,,0.0,1.0,0.3647,0.9881,43.61,106.461,72.357,38.879,0.17406,0.11008,0.18893
251.0,253.0,10,0.5081,,0.0,1.0,0.6408,0.9445,90.887,254.101,251.726,51.553,0.17406,0.11008,0.18893
251.0,253.0,11,0.5081,,0.0,1.0,0.8334,0.9414,97.722,47.315,71.585,54.566,0.17406,0.11008,0.18893
252.0,254.0,5739,0.4589,,0.0,0.59,0.5953,0.8825,72.79,137.508,73.738,42.549,0.24002,0.105,0.22945
252.0,254.0,9,0.4589,,0.0,1.0,0.1476,0.9785,155.228,135.974,73.006,58.246,0.24002,0.105,0.22945
253.0,255.0,5786,0.4124,,0.0,0.594,0.5775,0.8818,71.857,138.753,74.778,42.336,0.21151,0.13678,0.24419
254.0,256.0,5699,0.421,,0.0,0.578,0.5539,0.8835,70.507,136.48,75.866,42.063,0.21135,0.11896,0.23322
254.0,256.0,49,0.421,XVI,0.735,0.265,0.5841,0.9646,169.948,279.868,74.994,67.737,0.21135,0.11896,0.23322
255.0,257.0,4644,0.4339,,0.0,0.5,0.3981,0.8797,33.238,132.075,76.637,38.248,0.1783,0.0779,0.20427
255.0,257.0,12,0.4339,,0.0,1.0,0.4378,0.9227,36.976,278.399,255.779,35.159,0.1783,0.0779,0.20427
255.0,257.0,634,0.4339,,0.0,0.76,0.7876,0.9161,141.062,219.79,255.991,64.699,0.1783,0.0779,0.20427
255.0,257.0,21,0.4339,,0.0,0.714,0.4922,0.9509,96.047,272.797,255.97,51.663,0.1783,0.0779,0.20427
255.0,257.0,40,0.4339,XVI,0.775,0.225,0.5851,0.9706,170.318,279.614,75.753,67.695,0.1783,0.0779,0.20427
255.0,257.0,20,0.4339,ACA,0.5,0.45,0.4634,0.9288,64.97,97.255,76.486,43.376,0.1783,0.0779,0.20427
255.0,257.0,8,0.4339,,0.0,1.0,0.6204,0.9111,60.382,76.795,75.789,39.919,0.1783,0.0779,0.20427
255.0,257.0,13,0.4339,,0.0,1.0,0.7393,0.8892,62.196,242.204,255.878,40.594,0.1783,0.0779,0.20427
255.0,257.0,10,0.4339,,0.0,1.0,0.9212,0.7552,165.825,148.207,256.048,68.605,0.1783,0.0779,0.20427
256.0,258.0,41,0.3924,,0.0,1.0,0.98,0.8746,145.997,187.01,256.9,68.349,0.18109,0.06234,0.13564
256.0,258.0,28,0.3924,,0.0,1.0,0.8,0.892,110.483,233.229,256.97,58.156,0.18109,0.06234,0.13564
256.0,258.0,46,0.3924,,0.0,0.63,0.93,0.8975,118.373,208.6,256.905,61.404,0.18109,0.06234,0.13564
256.0,258.0,38,0.3924,,0.0,1.0,0.9692,0.8311,166.582,195.506,256.927,70.125,0.18109,0.06234,0.13564
256.0,258.0,14,0.3924,,0.0,1.0,0.9831,0.8254,129.57,174.694,257.148,64.136,0.18109,0.06234,0.13564
256.0,258.0,8,0.3924,,0.0,1.0,0.9569,0.9372,111.838,160.41,257.675,60.16,0.18109,0.06234,0.13564
256.0,258.0,177,0.3924,,0.0,0.48,0.975,0.6838,72.105,190.324,257.015,41.408,0.18109,0.06234,0.13564
256.0,258.0,1046,0.3924,,0.0,0.798,0.6697,0.7324,5.523,174.0,255.403,20.702,0.18109,0.06234,0.13564
256.0,258.0,12,0.3924,,0.0,1.0,0.9803,0.7759,97.56,188.515,257.092,53.554,0.18109,0.06234,0.13564
256.0,258.0,8,0.3924,,0.0,1.0,0.965,0.7996,87.032,162.679,256.679,49.351,0.18109,0.06234,0.13564
256.0,258.0,499,0.3924,MON,0.701,0.291,0.1785,0.9848,35.718,130.57,77.057,41.559,0.18109,0.06234,0.13564
256.0,258.0,1177,0.3924,GEM,0.769,0.139,0.1457,0.8843,23.053,324.699,257.196,33.397,0.18109,0.06234,0.13564
256.0,258.0,276,0.3924,EVE,0.543,0.457,0.9812,0.6068,74.183,24.878,77.027,41.631,0.18109,0.06234,0.13564
256.0,258.0,164,0.3924,COM,0.573,0.427,0.5863,0.9337,133.277,259.806,257.191,63.16,0.18109,0.06234,0.13564
256.0,258.0,691,0.3924,HYD,0.831,0.08,0.2499,0.9824,128.833,120.337,76.998,58.684,0.18109,0.06234,0.13564
256.0,258.0,50,0.3924,,0.0,0.94,0.9497,0.9157,86.283,22.309,77.166,49.677,0.18109,0.06234,0.13564
256.0,258.0,8,0.3924,,0.0,1.0,0.9823,0.8839,107.662,353.835,77.139,57.747,0.18109,0.06234,0.13564
256.0,258.0,9,0.3924,,0.0,1.0,0.9808,0.9136,60.205,7.567,77.394,36.663,0.18109,0.06234,0.13564
256.0,258.0,13,0.3924,,0.0,1.0,0.4071,0.9212,161.014,282.476,256.972,63.985,0.18109,0.06234,0.13564
256.0,258.0,65,0.3924,,0.0,0.708,0.7092,0.9327,139.497,65.047,77.279,64.973,0.18109,0.06234,0.13564
256.0,258.0,48,0.3924,,0.0,1.0,0.928,0.9044,137.148,29.181,77.128,66.05,0.18109,0.06234,0.13564
256.0,258.0,12,0.3924,,0.0,1.0,0.9808,0.945,148.737,7.681,76.882,69.674,0.18109,0.06234,0.13564
256.0,258.0,13,0.3924,TPY,0.615,0.385,0.9418,0.9098,119.004,24.339,76.813,61.74,0.18109,0.06234,0.13564
256.0,258.0,12,0.3924,,0.0,1.0,0.3861,0.9231,165.361,105.877,77.475,63.551,0.18109,0.06234,0.13564
256.0,258.0,10,0.3924,,0.0,1.0,0.7758,0.8211,144.456,237.886,256.759,65.382,0.18109,0.06234,0.13564
256.0,258.0,13,0.3924,,0.0,0.615,0.9574,0.6971,47.033,21.322,77.179,29.162,0.18109,0.06234,0.13564
256.0,258.0,12,0.3924,,0.0,0.583,0.0942,0.9406,23.9,330.013,256.897,37.757,0.18109,0.06234,0.13564
256.0,258.0,8,0.3924,,0.0,1.0,0.2053,0.9673,163.665,128.131,77.205,60.508,0.18109,0.06234,0.13564
256.0,258.0,8,0.3924,,0.0,1.0,0.6446,0.9179,61.783,73.486,77.069,40.736,0.18109,0.06234,0.13564
256.0,258.0,21,0.3924,DSV,0.762,0.238,0.5603,0.9628,151.65,97.027,256.96,66.141,0.18109,0.06234,0.13564
256.0,258.0,43,0.3924,DRV,0.814,0.186,0.8024,0.9315,151.885,128.758,257.031,68.272,0.18109,0.06234,0.13564
256.0,258.0,14,0.3924,DEL,0.786,0.214,0.4448,0.9565,94.264,277.434,256.988,52.427,0.18109,0.06234,0.13564
256.0,258.0,9,0.3924,,0.0,1.0,0.3498,0.9211,92.994,289.417,256.753,50.887,0.18109,0.06234,0.13564
256.0,258.0,37,0.3924,XVI,0.946,0.054,0.5909,0.9673,169.738,280.882,77.468,67.859,0.18109,0.06234,0.13564
257.0,259.0,607,0.3469,,0.0,0.647,0.5674,0.7426,4.556,106.464,78.769,22.067,0.08504,0.06275,0.16266
257.0,259.0,488,0.3469,HYD,0.924,0.072,0.2463,0.9841,128.178,120.707,77.993,58.591,0.08504,0.06275,0.16266
257.0,259.0,1613,0.3469,GEM,0.85,0.1,0.1463,0.884,22.984,324.533,258.258,33.429,0.08504,0.06275,0.16266
257.0,259.0,460,0.3469,MON,0.726,0.257,0.1828,0.9859,35.357,129.894,78.014,41.508,0.08504,0.06275,0.16266
257.0,259.0,19,0.3469,DSV,0.842,0.158,0.5531,0.961,151.455,96.897,258.023,65.987,0.08504,0.06275,0.16266
257.0,259.0,53,0.3469,EHY,0.962,0.038,0.3818,0.9765,143.002,103.765,77.852,62.636,0.08504,0.06275,0.16266
257.0,259.0,229,0.3469,EVE,0.664,0.336,0.9817,0.5963,73.944,339.87,77.885,41.49,0.08504,0.06275,0.16266
257.0,259.0,99,0.3469,COM,0.929,0.071,0.5794,0.9448,133.132,260.934,258.048,62.858,0.08504,0.06275,0.16266
257.0,259.0,12,0.3469,,0.0,1.0,0.5787,0.9355,147.263,260.824,257.642,65.249,0.08504,0.06275,0.16266
257.0,259.0,82,0.3469,DAD,0.695,0.293,0.9822,0.6152,72.392,180.295,257.935,40.866,0.08504,0.06275,0.16266
257.0,259.0,15,0.3469,,0.0,1.0,0.695,0.7092,9.036,252.587,257.81,19.548,0.08504,0.06275,0.16266
257.0,259.0,17,0.3469,,0.0,0.882,0.971,0.8986,63.12,194.02,258.073,38.969,0.08504,0.06275,0.16266
257.0,259.0,30,0.3469,,0.0,1.0,0.9428,0.907,86.568,24.448,78.108,49.62,0.08504,0.06275,0.16266
257.0,259.0,17,0.3469,DKD,0.588,0.118,0.9571,0.9309,71.576,199.965,257.85,43.331,0.08504,0.06275,0.16266
257.0,259.0,34,0.3469,XVI,0.941,0.059,0.5907,0.9649,169.705,280.564,77.776,67.847,0.08504,0.06275,0.16266
257.0,259.0,15,0.3469,,0.0,0.733,0.9193,0.8945,73.191,210.618,258.359,43.672,0.08504,0.06275,0.16266
257.0,259.0,9,0.3469,,0.0,1.0,0.2198,0.9044,5.592,129.258,78.351,33.709,0.08504,0.06275,0.16266
257.0,259.0,8,0.3469,,0.0,1.0,0.9763,0.6448,13.498,192.084,258.214,11.834,0.08504,0.06275,0.16266
257.0,259.0,14,0.3469,TPY,0.714,0.286,0.9288,0.9263,118.435,28.195,78.277,61.695,0.08504,0.06275,0.16266
257.0,259.0,8,0.3469,DRV,1.0,0.0,0.816,0.9762,151.841,131.136,258.118,68.709,0.08504,0.06275,0.16266
257.0,259.0,10,0.3469,TPU,0.5,0.5,0.9547,0.6568,46.737,22.708,77.547,28.634,0.08504,0.06275,0.16266
258.0,260.0,2254,0.32,GEM,0.911,0.068,0.1461,0.886,23.047,324.363,259.198,33.588,0.06652,0.06422,0.07435
258.0,260.0,364,0.32,HYD,0.942,0.058,0.2428,0.9836,127.999,121.613,78.849,58.468,0.06652,0.06422,0.07435
258.0,260.0,360,0.32,MON,0.808,0.192,0.1883,0.9852,35.137,128.94,78.943,41.377,0.06652,0.06422,0.07435
258.0,260.0,357,0.32,,0.0,0.462,0.5019,0.7749,4.079,107.362,79.664,24.214,0.06652,0.06422,0.07435
258.0,260.0,100,0.32,COM,0.93,0.07,0.5712,0.9543,133.35,261.767,259.002,62.848,0.06652,0.06422,0.07435
258.0,260.0,141,0.32,EVE,0.745,0.255,0.9829,0.5997,73.922,346.672,78.899,41.369,0.06652,0.06422,0.07435
258.0,260.0,19,0.32,M25Y1,0.579,0.158,0.9644,0.9229,70.771,197.069,259.256,42.605,0.06652,0.06422,0.07435
258.0,260.0,49,0.32,EHY,1.0,0.0,0.3799,0.9767,143.102,104.413,78.822,62.519,0.06652,0.06422,0.07435
258.0,260.0,13,0.32,DSV,1.0,0.0,0.5691,0.9829,151.168,98.421,258.902,66.302,0.06652,0.06422,0.07435
258.0,260.0,10,0.32,,0.0,0.8,0.9164,0.8933,72.347,211.348,258.78,43.381,0.06652,0.06422,0.07435
258.0,260.0,11,0.32,,0.0,1.0,0.9067,0.6802,2.532,37.278,79.103,12.01,0.06652,0.06422,0.07435
258.0,260.0,32,0.32,,0.0,1.0,0.8255,0.6849,3.577,54.006,79.252,15.178,0.06652,0.06422,0.07435
258.0,260.0,20,0.32,,0.0,1.0,0.8636,0.6611,6.463,226.557,258.823,13.498,0.06652,0.06422,0.07435
258.0,260.0,10,0.32,OER,0.8,0.2,0.6921,0.8546,21.761,69.912,79.301,24.523,0.06652,0.06422,0.07435
258.0,260.0,10,0.32,,0.0,1.0,0.9384,0.914,83.829,25.798,78.668,48.902,0.06652,0.06422,0.07435
258.0,260.0,9,0.32,DAD,0.889,0.111,0.9836,0.5507,68.251,175.521,259.174,38.757,0.06652,0.06422,0.07435
259.0,261.0,3468,0.2236,GEM,0.955,0.034,0.1464,0.8865,23.134,324.23,260.427,33.672,0.02567,0.01312,0.0298
259.0,261.0,130,0.2236,MON,1.0,0.0,0.1927,0.9858,35.333,128.228,79.942,41.406,0.02567,0.01312,0.0298
259.0,261.0,23,0.2236,PTS,0.957,0.043,0.4925,0.7667,2.469,278.157,259.841,24.077,0.02567,0.01312,0.0298
259.0,261.0,22,0.2236,DZT,0.545,0.0,0.4479,0.795,5.137,103.372,79.921,25.903,0.02567,0.01312,0.0298
259.0,261.0,78,0.2236,HYD,1.0,0.0,0.2411,0.9861,127.257,121.493,80.131,58.427,0.02567,0.01312,0.0298
259.0,261.0,19,0.2236,HYD,1.0,0.0,0.2655,0.9837,128.334,118.168,79.741,58.92,0.02567,0.01312,0.0298
259.0,261.0,13,0.2236,COM,1.0,0.0,0.5808,0.9845,133.588,259.992,259.6,63.604,0.02567,0.01312,0.0298
259.0,261.0,13,0.2236,DSA,0.923,0.077,0.577,0.7283,5.364,89.045,80.594,21.675,0.02567,0.01312,0.0298
260.0,262.0,4205,0.1093,GEM,1.0,0.0,0.1459,0.888,23.064,324.195,261.451,33.787,0.01054,0.00628,0.01159
260.0,262.0,10,0.1093,GEM,1.0,0.0,0.1597,0.8659,19.601,323.556,261.541,31.992,0.01054,0.00628,0.01159
261.0,263.0,4118,0.0839,GEM,1.0,0.0,0.1453,0.8894,22.997,324.17,261.957,33.905,0.00834,0.0053,0.0091
261.0,263.0,8,0.0839,GEM,1.0,0.0,0.1602,0.8819,23.554,322.013,261.909,33.641,0.00834,0.0053,0.0091
261.0,263.0,8,0.0839,GEM,1.0,0.0,0.1374,0.8918,25.033,325.428,262.184,34.148,0.00834,0.0053,0.0091
262.0,264.0,4036,0.1454,GEM,1.0,0.0,0.145,0.8907,22.978,324.111,262.403,33.996,0.00953,0.00606,0.01388
263.0,265.0,5241,0.4401,,0.0,0.552,0.5301,0.8886,29.612,228.458,263.238,35.825,0.21437,0.10964,0.17839
263.0,265.0,47,0.4401,XVI,0.894,0.106,0.6377,0.9609,169.417,285.855,84.045,68.367,0.21437,0.10964,0.17839
263.0,265.0,69,0.4401,,0.0,0.87,0.4241,0.9358,66.194,101.534,84.217,42.698,0.21437,0.10964,0.17839
263.0,265.0,99,0.4401,,0.0,0.455,0.6189,0.9331,150.513,105.259,264.117,66.615,0.21437,0.10964,0.17839
263.0,265.0,61,0.4401,DAB,0.721,0.279,0.6714,0.9706,113.322,110.607,263.905,59.504,0.21437,0.10964,0.17839
263.0,265.0,8,0.4401,,0.0,1.0,0.9364,0.7829,168.178,27.529,83.802,69.227,0.21437,0.10964,0.17839
263.0,265.0,14,0.4401,,0.0,1.0,0.8084,0.9422,91.277,50.355,84.081,51.53,0.21437,0.10964,0.17839
263.0,265.0,14,0.4401,,0.0,1.0,0.7264,0.9393,111.141,297.341,84.224,58.68,0.21437,0.10964,0.17839
264.0,266.0,5069,0.4937,,0.0,0.67,0.6638,0.8752,70.401,188.146,264.115,41.62,0.2294,0.07589,0.17932
264.0,266.0,56,0.4937,DSV,0.839,0.161,0.5902,0.9727,150.569,100.937,265.093,66.491,0.2294,0.07589,0.17932
264.0,266.0,92,0.4937,,0.0,0.826,0.3786,0.9397,63.879,106.293,85.124,42.34,0.2294,0.07589,0.17932
264.0,266.0,64,0.4937,XVI,0.953,0.047,0.6487,0.9714,169.528,288.116,85.078,68.672,0.2294,0.07589,0.17932
264.0,266.0,11,0.4937,,0.0,1.0,0.1741,0.9607,152.081,134.827,85.388,58.107,0.2294,0.07589,0.17932
264.0,266.0,12,0.4937,,0.0,1.0,0.7143,0.9259,114.914,296.429,84.877,59.979,0.2294,0.07589,0.17932
264.0,266.0,31,0.4937,DAB,0.645,0.355,0.6818,0.9757,112.658,112.645,265.178,59.381,0.2294,0.07589,0.17932
264.0,266.0,36,0.4937,,0.0,1.0,0.3133,0.9543,147.425,293.731,264.965,61.411,0.2294,0.07589,0.17932
264.0,266.0,8,0.4937,,0.0,1.0,0.6542,0.9423,51.213,72.367,85.675,36.873,0.2294,0.07589,0.17932
265.0,267.0,5642,0.5479,,0.0,0.705,0.6737,0.8798,75.418,165.204,86.973,44.868,0.25623,0.12616,0.19795
265.0,267.0,63,0.5479,XVI,0.825,0.175,0.6498,0.964,169.185,287.831,85.842,68.65,0.25623,0.12616,0.19795
265.0,267.0,10,0.5479,,0.0,0.9,0.2101,0.9624,55.629,305.791,265.862,43.848,0.25623,0.12616,0.19795
265.0,267.0,12,0.5479,,0.0,1.0,0.6879,0.9082,112.604,292.387,85.977,58.388,0.25623,0.12616,0.19795
265.0,267.0,8,0.5479,,0.0,0.875,0.2242,0.845,72.111,225.906,86.755,41.934,0.25623,0.12616,0.19795
266.0,268.0,5757,0.5679,,0.0,0.73,0.6927,0.8773,83.487,175.31,266.014,48.402,0.21583,0.10584,0.23085
266.0,268.0,14,0.5679,,0.0,0.571,0.2262,0.8408,72.143,226.482,87.076,41.743,0.21583,0.10584,0.23085
267.0,269.0,5569,0.5475,,0.0,0.741,0.7267,0.8771,94.757,183.373,267.232,52.682,0.26037,0.10271,0.20244
267.0,269.0,83,0.5475,,0.0,0.687,0.3412,0.9483,65.309,110.289,87.942,43.402,0.26037,0.10271,0.20244
267.0,269.0,47,0.5475,XVI,0.809,0.191,0.6621,0.9511,168.994,288.825,87.932,68.588,0.26037,0.10271,0.20244
267.0,269.0,11,0.5475,,0.0,1.0,0.1196,0.9898,131.305,320.551,267.933,57.109,0.26037,0.10271,0.20244
267.0,269.0,17,0.5475,,0.0,0.529,0.2284,0.8305,72.165,226.552,88.549,41.485,0.26037,0.10271,0.20244
268.0,270.0,3416,0.5543,,0.0,0.693,0.7078,0.8232,30.831,212.49,268.604,33.935,0.2088,0.09364,0.13667
268.0,270.0,818,0.5543,,0.0,0.634,0.634,0.9383,129.398,96.8,88.972,60.68,0.2088,0.09364,0.13667
268.0,270.0,74,0.5543,DSV,0.797,0.203,0.6051,0.9559,150.025,102.18,269.262,66.292,0.2088,0.09364,0.13667
268.0,270.0,32,0.5543,DRV,0.625,0.375,0.8228,0.9289,146.884,130.785,269.075,67.099,0.2088,0.09364,0.13667
268.0,270.0,114,0.5543,,0.0,0.658,0.3326,0.9539,62.965,111.664,89.185,43.266,0.2088,0.09364,0.13667
268.0,270.0,95,0.5543,,0.0,0.768,0.9712,0.9312,150.979,342.553,88.794,69.137,0.2088,0.09364,0.13667
268.0,270.0,56,0.5543,XVI,0.893,0.107,0.668,0.9416,168.862,289.718,88.818,68.589,0.2088,0.09364,0.13667
268.0,270.0,66,0.5543,,0.0,0.545,0.9734,0.607,69.069,26.343,89.561,39.331,0.2088,0.09364,0.13667
268.0,270.0,16,0.5543,,0.0,1.0,0.6208,0.8432,173.627,257.983,268.644,66.67,0.2088,0.09364,0.13667
268.0,270.0,24,0.5543,,0.0,1.0,0.9732,0.67,48.938,21.361,89.561,30.027,0.2088,0.09364,0.13667
268.0,270.0,9,0.5543,,0.0,1.0,0.9383,0.7582,107.816,151.894,268.927,57.107,0.2088,0.09364,0.13667
268.0,270.0,22,0.5543,,0.0,1.0,0.9789,0.9106,123.225,171.744,269.252,63.077,0.2088,0.09364,0.13667
268.0,270.0,11,0.5543,,0.0,1.0,0.679,0.9269,122.406,110.93,269.295,61.292,0.2088,0.09364,0.13667
268.0,270.0,14,0.5543,,0.0,1.0,0.4604,0.9758,54.139,273.97,268.652,40.012,0.2088,0.09364,0.13667
268.0,270.0,10,0.5543,,0.0,1.0,0.3602,0.968,48.458,286.099,268.618,39.784,0.2088,0.09364,0.13667
268.0,270.0,8,0.5543,,0.0,1.0,0.9229,0.972,53.142,29.064,89.475,35.048,0.2088,0.09364,0.13667
268.0,270.0,8,0.5543,,0.0,1.0,0.9587,0.7525,169.897,160.387,269.127,69.414,0.2088,0.09364,0.13667
268.0,270.0,10,0.5543,,0.0,1.0,0.9133,0.9377,165.614,31.182,89.006,70.922,0.2088,0.09364,0.13667
268.0,270.0,9,0.5543,,0.0,1.0,0.9783,0.909,59.044,171.255,269.04,36.718,0.2088,0.09364,0.13667
268.0,270.0,8,0.5543,,0.0,1.0,0.8568,0.9514,160.079,137.551,268.432,70.188,0.2088,0.09364,0.13667
268.0,270.0,9,0.5543,,0.0,1.0,0.8694,0.8479,122.238,139.608,269.401,61.819,0.2088,0.09364,0.13667
268.0,270.0,8,0.5543,,0.0,1.0,0.9802,0.8943,33.744,172.794,268.362,23.639,0.2088,0.09364,0.13667
268.0,270.0,16,0.5543,ILU,0.625,0.375,0.2322,0.8284,72.137,226.564,88.749,41.233,0.2088,0.09364,0.13667
269.0,271.0,5415,0.5233,,0.0,0.654,0.7971,0.8422,63.247,204.974,269.393,40.707,0.22436,0.08978,0.17915
269.0,271.0,43,0.5233,XVI,0.86,0.14,0.6765,0.945,168.455,291.285,89.812,68.724,0.22436,0.08978,0.17915
269.0,271.0,9,0.5233,,0.0,1.0,0.3857,0.9746,74.173,284.276,270.116,45.805,0.22436,0.08978,0.17915
269.0,271.0,14,0.5233,,0.0,1.0,0.7819,0.9382,95.375,54.978,89.706,53.276,0.22436,0.08978,0.17915
269.0,271.0,22,0.5233,,0.0,1.0,0.6823,0.9016,125.16,110.851,270.14,61.131,0.22436,0.08978,0.17915
269.0,271.0,8,0.5233,,0.0,1.0,0.1093,0.9813,149.25,322.642,269.87,57.702,0.22436,0.08978,0.17915
269.0,271.0,9,0.5233,ILU,0.556,0.444,0.2376,0.8188,72.792,227.06,89.55,41.191,0.22436,0.08978,0.17915
270.0,272.0,5566,0.6004,,0.0,0.67,0.7978,0.8457,67.001,203.793,270.21,41.924,0.18412,0.09723,0.20153
270.0,272.0,27,0.6004,XVI,0.63,0.37,0.6681,0.9187,167.944,288.137,90.687,67.947,0.18412,0.09723,0.20153
271.0,273.0,5713,0.6878,,0.0,0.768,0.756,0.859,80.223,177.918,271.0,47.012,0.28855,0.10596,0.21655
271.0,273.0,10,0.6878,,0.0,1.0,0.099,0.9803,113.858,145.546,91.953,53.139,0.28855,0.10596,0.21655
271.0,273.0,8,0.6878,,0.0,1.0,0.6201,0.9176,116.004,282.371,91.965,59.312,0.28855,0.10596,0.21655
271.0,273.0,10,0.6878,,0.0,1.0,0.4587,0.9908,107.253,84.709,272.185,56.613,0.28855,0.10596,0.21655
272.0,274.0,5628,0.6386,,0.0,0.777,0.7489,0.8597,82.413,180.636,272.092,47.664,0.20572,0.09905,0.19044
272.0,274.0,23,0.6386,,0.0,1.0,0.4652,0.9707,104.238,86.357,273.234,55.635,0.20572,0.09905,0.19044
272.0,274.0,8,0.6386,,0.0,1.0,0.3231,0.9285,110.154,66.936,273.27,54.473,0.20572,0.09905,0.19044
272.0,274.0,8,0.6386,,0.0,1.0,0.805,0.7039,12.885,304.168,92.823,18.463,0.20572,0.09905,0.19044
273.0,275.0,4687,0.5877,,0.0,0.796,0.6749,0.8591,72.368,190.301,273.318,44.86,0.15136,0.11954,0.21802
273.0,275.0,235,0.5877,,0.0,0.485,0.9751,0.7615,78.864,22.744,94.023,45.383,0.15136,0.11954,0.21802
273.0,275.0,23,0.5877,,0.0,0.826,0.6948,0.877,121.643,111.36,274.164,61.047,0.15136,0.11954,0.21802
273.0,275.0,18,0.5877,,0.0,1.0,0.6226,0.9641,112.009,76.664,93.937,58.03,0.15136,0.11954,0.21802
273.0,275.0,25,0.5877,XVI,0.84,0.16,0.6985,0.9434,168.44,294.576,94.115,69.048,0.15136,0.11954,0.21802
273.0,275.0,79,0.5877,DSV,0.772,0.228,0.6231,0.927,149.4,103.665,274.12,66.128,0.15136,0.11954,0.21802
273.0,275.0,21,0.5877,,0.0,1.0,0.957,0.788,134.068,339.145,93.788,64.637,0.15136,0.11954,0.21802
273.0,275.0,73,0.5877,,0.0,0.507,0.969,0.9342,156.841,342.326,94.065,70.072,0.15136,0.11954,0.21802
273.0,275.0,10,0.5877,,0.0,1.0,0.5917,0.965,77.882,260.832,274.366,47.43,0.15136,0.11954,0.21802
273.0,275.0,17,0.5877,,0.0,1.0,0.749,0.9129,69.096,60.235,94.118,43.018,0.15136,0.11954,0.21802
273.0,275.0,14,0.5877,ISR,0.857,0.143,0.6578,0.9389,98.354,108.796,274.133,54.352,0.15136,0.11954,0.21802
273.0,275.0,15,0.5877,,0.0,0.8,0.976,0.6402,44.399,348.581,94.164,27.098,0.15136,0.11954,0.21802
273.0,275.0,8,0.5877,,0.0,1.0,0.8736,0.8773,122.019,139.24,274.069,61.476,0.15136,0.11954,0.21802
273.0,275.0,10,0.5877,,0.0,1.0,0.6013,0.9194,68.23,260.992,274.061,43.437,0.15136,0.11954,0.21802
273.0,275.0,10,0.5877,,0.0,1.0,0.5676,0.9203,42.561,264.444,274.294,34.616,0.15136,0.11954,0.21802
273.0,275.0,13,0.5877,,0.0,1.0,0.6798,0.9104,47.282,250.225,274.613,34.496,0.15136,0.11954,0.21802
273.0,275.0,8,0.5877,,0.0,1.0,0.4685,0.9757,114.264,87.698,273.815,58.992,0.15136,0.11954,0.21802
273.0,275.0,8,0.5877,,0.0,1.0,0.9664,0.7136,59.891,343.161,93.849,35.667,0.15136,0.11954,0.21802
273.0,275.0,8,0.5877,,0.0,1.0,0.5433,0.9821,79.817,84.306,94.05,48.336,0.15136,0.11954,0.21802
274.0,276.0,5292,0.549,,0.0,0.783,0.7567,0.8573,79.622,187.15,274.173,46.328,0.24183,0.1046,0.16456
274.0,276.0,30,0.549,XVI,0.7,0.3,0.7102,0.9372,168.164,295.312,94.505,69.04,0.24183,0.1046,0.16456
274.0,276.0,16,0.549,,0.0,1.0,0.5402,0.9471,109.117,85.497,95.049,56.988,0.24183,0.1046,0.16456
274.0,276.0,22,0.549,,0.0,0.5,0.651,0.9548,94.219,106.506,274.458,52.787,0.24183,0.1046,0.16456
274.0,276.0,18,0.549,,0.0,0.889,0.5608,0.9422,70.252,83.114,95.101,44.4,0.24183,0.1046,0.16456
274.0,276.0,12,0.549,,0.0,1.0,0.8025,0.9533,98.211,51.125,94.704,54.485,0.24183,0.1046,0.16456
274.0,276.0,14,0.549,,0.0,1.0,0.7286,0.93,66.846,63.238,94.796,41.472,0.24183,0.1046,0.16456
274.0,276.0,10,0.549,,0.0,1.0,0.9325,0.6873,176.697,153.164,274.405,68.645,0.24183,0.1046,0.16456
274.0,276.0,9,0.549,,0.0,0.889,0.9763,0.9216,53.726,10.033,94.831,34.293,0.24183,0.1046,0.16456
274.0,276.0,8,0.549,,0.0,1.0,0.2873,0.9534,54.484,298.526,274.786,42.682,0.24183,0.1046,0.16456
274.0,276.0,8,0.549,,0.0,1.0,0.1578,0.9796,152.151,314.406,274.937,58.821,0.24183,0.1046,0.16456
274.0,276.0,9,0.549,,0.0,1.0,0.0974,0.9883,110.079,144.359,94.76,54.075,0.24183,0.1046,0.16456
274.0,276.0,12,0.549,,0.0,1.0,0.0952,0.9868,148.346,145.331,94.913,57.355,0.24183,0.1046,0.16456
275.0,277.0,5723,0.5908,,0.0,0.804,0.7773,0.8634,82.435,181.114,275.102,47.787,0.21117,0.13112,0.21217
275.0,277.0,13,0.5908,,0.0,0.615,0.6257,0.9336,87.916,105.627,275.417,50.335,0.21117,0.13112,0.21217
275.0,277.0,8,0.5908,,0.0,1.0,0.6883,0.9269,135.945,292.363,95.881,64.328,0.21117,0.13112,0.21217
275.0,277.0,9,0.5908,,0.0,1.0,0.4483,0.9192,165.382,262.216,95.306,64.41,0.21117,0.13112,0.21217
276.0,278.0,5685,0.637,,0.0,0.798,0.7771,0.863,82.435,182.859,276.241,47.853,0.21645,0.10486,0.20201
276.0,278.0,12,0.637,,0.0,1.0,0.0947,0.9819,109.048,145.451,96.588,53.293,0.21645,0.10486,0.20201
277.0,279.0,5774,0.6745,,0.0,0.8,0.7791,0.8628,81.219,182.44,277.231,47.504,0.22934,0.11251,0.26173
278.0,280.0,5647,0.6475,,0.0,0.804,0.7895,0.8536,78.428,183.984,278.317,45.801,0.2063,0.09498,0.21523
278.0,280.0,9,0.6475,,0.0,1.0,0.4117,0.9872,127.557,78.379,279.261,60.668,0.2063,0.09498,0.21523
279.0,281.0,5699,0.6712,,0.0,0.812,0.7963,0.8527,77.254,178.446,279.208,45.498,0.20545,0.10421,0.20747
279.0,281.0,8,0.6712,,0.0,1.0,0.5232,0.9934,152.779,273.388,100.007,66.152,0.20545,0.10421,0.20747
279.0,281.0,10,0.6712,JLE,1.0,0.0,0.0534,0.9917,108.375,334.114,280.283,52.917,0.20545,0.10421,0.20747
280.0,282.0,5129,0.6887,,0.0,0.774,0.8413,0.8245,71.197,180.608,280.299,42.087,0.22732,0.10585,0.16491
280.0,282.0,10,0.6887,XVI,0.6,0.4,0.73,0.9386,166.814,296.946,101.274,69.145,0.22732,0.10585,0.16491
280.0,282.0,137,0.6887,DSV,0.438,0.431,0.6618,0.9225,146.844,108.394,281.217,65.528,0.22732,0.10585,0.16491
280.0,282.0,10,0.6887,,0.0,1.0,0.9005,0.9072,46.379,145.472,281.416,31.369,0.22732,0.10585,0.16491
280.0,282.0,43,0.6887,,0.0,1.0,0.7248,0.9211,68.105,63.108,100.889,42.207,0.22732,0.10585,0.16491
280.0,282.0,12,0.6887,,0.0,1.0,0.2122,0.957,58.631,309.334,281.413,43.615,0.22732,0.10585,0.16491
280.0,282.0,17,0.6887,,0.0,1.0,0.6966,0.9546,99.655,66.887,101.054,54.871,0.22732,0.10585,0.16491
280.0,282.0,14,0.6887,,0.0,0.929,0.596,0.9766,105.886,100.59,280.87,56.145,0.22732,0.10585,0.16491
280.0,282.0,9,0.6887,,0.0,1.0,0.8434,0.9621,69.877,133.705,281.327,43.522,0.22732,0.10585,0.16491
280.0,282.0,8,0.6887,,0.0,1.0,0.826,0.9397,92.625,48.486,101.018,52.768,0.22732,0.10585,0.16491
280.0,282.0,22,0.6887,JLE,1.0,0.0,0.0487,0.9929,104.026,335.126,281.361,52.279,0.22732,0.10585,0.16491
280.0,282.0,8,0.6887,,0.0,1.0,0.6987,0.9219,74.545,112.617,281.131,45.392,0.22732,0.10585,0.16491
281.0,283.0,2252,0.397,QUA,0.903,0.097,0.9787,0.64,71.577,171.325,282.727,40.713,0.07117,0.03454,0.06486
281.0,283.0,152,0.397,COM,0.895,0.105,0.5276,0.9476,135.762,267.187,282.034,62.979,0.07117,0.03454,0.06486
281.0,283.0,16,0.397,PIP,0.625,0.375,0.8135,0.814,30.911,51.913,101.329,24.622,0.07117,0.03454,0.06486
281.0,283.0,10,0.397,,0.0,1.0,0.8549,0.8172,35.775,44.739,101.761,25.711,0.07117,0.03454,0.06486
281.0,283.0,479,0.397,,0.0,0.731,0.6028,0.7441,4.114,215.894,280.606,21.591,0.07117,0.03454,0.06486
281.0,283.0,11,0.397,JLE,1.0,0.0,0.0485,0.9933,103.26,335.093,281.698,52.103,0.07117,0.03454,0.06486
281.0,283.0,89,0.397,AHY,0.843,0.079,0.2788,0.9725,58.631,117.18,101.801,43.639,0.07117,0.03454,0.06486
281.0,283.0,28,0.397,DSV,1.0,0.0,0.6515,0.9608,147.564,108.253,281.774,66.389,0.07117,0.03454,0.06486
282.0,284.0,3170,0.302,QUA,0.977,0.023,0.979,0.6423,71.241,171.343,283.017,40.604,0.04916,0.01532,0.04871
282.0,284.0,13,0.302,QUA,1.0,0.0,0.9798,0.8433,74.047,172.772,283.248,43.7,0.04916,0.01532,0.04871
282.0,284.0,25,0.302,COM,1.0,0.0,0.5283,0.9584,135.97,266.784,282.804,63.226,0.04916,0.01532,0.04871
282.0,284.0,10,0.302,COM,1.0,0.0,0.5131,0.8997,134.811,270.649,283.301,61.81,0.04916,0.01532,0.04871
282.0,284.0,9,0.302,,0.0,1.0,0.5563,0.7463,2.22,270.975,282.518,22.604,0.04916,0.01532,0.04871
282.0,284.0,8,0.302,,0.0,1.0,0.5053,0.7678,4.287,96.987,102.66,24.102,0.04916,0.01532,0.04871
283.0,285.0,2687,0.4223,QUA,0.96,0.039,0.9791,0.646,70.875,171.639,283.308,40.449,0.05545,0.03977,0.06302
283.0,285.0,51,0.4223,ORN,0.451,0.157,0.4624,0.7936,2.021,281.211,284.079,25.645,0.05545,0.03977,0.06302
283.0,285.0,74,0.4223,AHY,0.959,0.014,0.2833,0.97,58.113,117.127,104.132,43.439,0.05545,0.03977,0.06302
283.0,285.0,94,0.4223,COM,0.904,0.096,0.5238,0.9528,135.816,267.609,284.113,63.1,0.05545,0.03977,0.06302
283.0,285.0,27,0.4223,SCC,0.889,0.111,0.4173,0.8245,4.7,106.377,104.066,27.5,0.05545,0.03977,0.06302
283.0,285.0,59,0.4223,,0.0,1.0,0.568,0.7644,3.524,94.416,104.664,22.786,0.05545,0.03977,0.06302
283.0,285.0,9,0.4223,,0.0,1.0,0.6671,0.6857,2.459,257.538,284.491,19.055,0.05545,0.03977,0.06302
283.0,285.0,10,0.4223,,0.0,1.0,0.7717,0.6606,5.321,242.253,284.012,16.052,0.05545,0.03977,0.06302
283.0,285.0,10,0.4223,DSA,0.8,0.2,0.6789,0.6931,4.232,75.403,103.823,18.996,0.05545,0.03977,0.06302
283.0,285.0,30,0.4223,PIP,0.6,0.4,0.8429,0.7974,34.119,47.21,103.698,25.326,0.05545,0.03977,0.06302
283.0,285.0,12,0.4223,,0.0,1.0,0.8458,0.6704,4.302,49.435,104.118,14.135,0.05545,0.03977,0.06302
283.0,285.0,8,0.4223,,0.0,1.0,0.9142,0.6319,4.05,35.052,104.661,11.564,0.05545,0.03977,0.06302
283.0,285.0,8,0.4223,JNH,1.0,0.0,0.6061,0.9914,150.609,76.694,103.586,66.841,0.05545,0.03977,0.06302
283.0,285.0,8,0.4223,,0.0,1.0,0.7081,0.7295,1.427,248.735,283.199,18.812,0.05545,0.03977,0.06302
283.0,285.0,8,0.4223,,0.0,1.0,0.8561,0.6843,7.665,227.122,284.563,14.512,0.05545,0.03977,0.06302
284.0,286.0,5658,0.6226,,0.0,0.778,0.8348,0.8274,70.812,176.848,284.336,42.168,0.21945,0.1104,0.19851
284.0,286.0,13,0.6226,,0.0,1.0,0.1787,0.9731,130.052,312.109,284.941,56.649,0.21945,0.1104,0.19851
284.0,286.0,9,0.6226,,0.0,1.0,0.7861,0.9026,130.616,305.596,105.084,63.929,0.21945,0.1104,0.19851
285.0,287.0,5203,0.5594,,0.0,0.828,0.8542,0.8266,71.562,178.277,285.3,42.065,0.17419,0.12963,0.17648
285.0,287.0,14,0.5594,,0.0,1.0,0.1644,0.9612,169.308,135.211,105.988,58.65,0.17419,0.12963,0.17648
285.0,287.0,208,0.5594,AHY,0.639,0.322,0.2987,0.969,56.313,114.846,106.108,42.897,0.17419,0.12963,0.17648
285.0,287.0,16,0.5594,,0.0,1.0,0.8049,0.9009,170.776,308.316,105.903,69.434,0.17419,0.12963,0.17648
285.0,287.0,8,0.5594,,0.0,1.0,0.4043,0.9731,154.87,258.942,106.312,64.539,0.17419,0.12963,0.17648
286.0,288.0,5371,0.5712,,0.0,0.856,0.8546,0.8268,70.979,177.378,286.362,41.782,0.21899,0.08611,0.21288
286.0,288.0,180,0.5712,AHY,0.617,0.344,0.3008,0.9714,56.428,114.234,106.771,43.108,0.21899,0.08611,0.21288
286.0,288.0,12,0.5712,,0.0,1.0,0.165,0.9728,163.511,134.48,106.983,59.828,0.21899,0.08611,0.21288
287.0,289.0,5366,0.6019,,0.0,0.847,0.8416,0.8285,70.069,176.803,287.403,41.943,0.20692,0.10224,0.1756
287.0,289.0,131,0.6019,AHY,0.557,0.366,0.3093,0.9748,55.893,112.763,107.944,42.881,0.20692,0.10224,0.1756
287.0,289.0,26,0.6019,,0.0,1.0,0.755,0.8863,77.262,119.085,288.24,44.835,0.20692,0.10224,0.1756
287.0,289.0,8,0.6019,,0.0,1.0,0.8615,0.7515,169.645,137.423,287.606,68.613,0.20692,0.10224,0.1756
287.0,289.0,10,0.6019,,0.0,1.0,0.5229,0.9313,71.11,89.296,108.135,44.825,0.20692,0.10224,0.1756
287.0,289.0,8,0.6019,,0.0,1.0,0.6183,0.9394,95.142,76.94,108.135,53.0,0.20692,0.10224,0.1756
287.0,289.0,13,0.6019,,0.0,1.0,0.7651,0.8403,164.285,301.913,108.18,67.808,0.20692,0.10224,0.1756
288.0,290.0,5595,0.5793,,0.0,0.841,0.8166,0.845,70.578,175.943,288.407,43.572,0.23253,0.08855,0.22365
288.0,290.0,11,0.5793,,0.0,1.0,0.1823,0.952,139.397,312.973,288.558,56.931,0.23253,0.08855,0.22365
289.0,291.0,9,0.5784,,0.0,1.0,0.7754,0.8832,166.448,122.741,290.294,68.403,0.23385,0.12081,0.13736
289.0,291.0,43,0.5784,,0.0,0.744,0.3351,0.9355,156.754,291.226,290.092,62.153,0.23385,0.12081,0.13736
289.0,291.0,3525,0.5784,,0.0,0.846,0.8561,0.7978,37.966,187.511,289.625,35.778,0.23385,0.12081,0.13736
289.0,291.0,80,0.5784,DSV,0.662,0.338,0.6852,0.9398,146.264,112.032,290.075,66.147,0.23385,0.12081,0.13736
289.0,291.0,532,0.5784,,0.0,0.709,0.8893,0.9052,146.298,67.877,110.059,65.994,0.23385,0.12081,0.13736
289.0,291.0,33,0.5784,,0.0,1.0,0.6869,0.8914,124.235,111.087,289.898,60.981,0.23385,0.12081,0.13736
289.0,291.0,14,0.5784,,0.0,0.857,0.9798,0.9203,84.957,352.821,110.158,48.859,0.23385,0.12081,0.13736
289.0,291.0,94,0.5784,,0.0,1.0,0.4791,0.9538,68.752,273.916,289.973,44.515,0.23385,0.12081,0.13736
289.0,291.0,45,0.5784,,0.0,1.0,0.9778,0.6645,68.102,13.74,110.126,39.586,0.23385,0.12081,0.13736
289.0,291.0,99,0.5784,AHY,0.505,0.475,0.311,0.9694,54.668,112.599,110.039,42.516,0.23385,0.12081,0.13736
289.0,291.0,19,0.5784,,0.0,0.632,0.9602,0.9609,66.618,342.061,109.955,41.194,0.23385,0.12081,0.13736
289.0,291.0,50,0.5784,BPX,0.52,0.48,0.748,0.8957,70.439,61.492,110.223,43.086,0.23385,0.12081,0.13736
289.0,291.0,33,0.5784,,0.0,0.515,0.7503,0.8222,78.196,119.386,290.24,45.433,0.23385,0.12081,0.13736
289.0,291.0,12,0.5784,,0.0,1.0,0.4965,0.9274,146.97,87.685,289.343,63.957,0.23385,0.12081,0.13736
289.0,291.0,84,0.5784,,0.0,0.571,0.8027,0.915,124.246,52.366,110.068,62.091,0.23385,0.12081,0.13736
289.0,291.0,13,0.5784,,0.0,1.0,0.2838,0.9665,119.757,297.762,289.877,57.314,0.23385,0.12081,0.13736
289.0,291.0,26,0.5784,RLM,0.577,0.423,0.2228,0.9626,47.382,305.233,289.886,41.431,0.23385,0.12081,0.13736
289.0,291.0,12,0.5784,,0.0,1.0,0.4648,0.909,22.144,276.654,290.246,30.916,0.23385,0.12081,0.13736
289.0,291.0,23,0.5784,,0.0,1.0,0.3282,0.9413,170.605,111.927,109.912,63.243,0.23385,0.12081,0.13736
289.0,291.0,15,0.5784,,0.0,1.0,0.9114,0.8991,142.991,327.44,109.875,67.352,0.23385,0.12081,0.13736
289.0,291.0,30,0.5784,,0.0,0.667,0.9357,0.9209,84.806,333.752,110.383,49.031,0.23385,0.12081,0.13736
289.0,291.0,8,0.5784,,0.0,1.0,0.8928,0.9707,84.751,35.927,110.218,49.908,0.23385,0.12081,0.13736
289.0,291.0,8,0.5784,,0.0,1.0,0.4874,0.9851,98.387,272.43,290.006,54.382,0.23385,0.12081,0.13736
289.0,291.0,18,0.5784,,0.0,1.0,0.5091,0.9588,110.301,89.974,109.953,57.365,0.23385,0.12081,0.13736
290.0,292.0,5698,0.5898,,0.0,0.848,0.8008,0.8599,81.717,171.803,290.118,47.767,0.20925,0.10597,0.26634
291.0,293.0,5462,0.6125,,0.0,0.851,0.7956,0.8519,76.984,176.117,291.248,45.903,0.1905,0.0934,0.21804
291.0,293.0,11,0.6125,,0.0,1.0,0.1655,0.9933,123.405,131.711,111.538,56.41,0.1905,0.0934,0.21804
291.0,293.0,10,0.6125,,0.0,1.0,0.3849,0.9518,133.77,74.887,291.847,61.007,0.1905,0.0934,0.21804
291.0,293.0,8,0.6125,,0.0,1.0,0.1882,0.9758,163.626,310.174,292.287,60.498,0.1905,0.0934,0.21804
291.0,293.0,8,0.6125,,0.0,1.0,0.1522,0.9793,132.795,315.746,291.712,57.072,0.1905,0.0934,0.21804
291.0,293.0,56,0.6125,,0.0,0.589,0.7157,0.9391,72.672,64.519,111.938,43.805,0.1905,0.0934,0.21804
291.0,293.0,15,0.6125,,0.0,1.0,0.8737,0.9162,47.22,139.898,291.825,32.455,0.1905,0.0934,0.21804
291.0,293.0,8,0.6125,,0.0,1.0,0.7187,0.8756,135.575,295.334,112.172,63.987,0.1905,0.0934,0.21804
292.0,294.0,5688,0.6796,,0.0,0.858,0.7762,0.8536,72.411,180.985,292.31,44.628,0.23057,0.10792,0.22024
292.0,294.0,9,0.6796,,0.0,1.0,0.1532,0.982,122.551,134.622,112.619,55.723,0.23057,0.10792,0.22024
293.0,295.0,5396,0.7148,,0.0,0.838,0.7898,0.8457,71.106,181.399,293.425,43.829,0.23317,0.10537,0.17614
293.0,295.0,54,0.7148,,0.0,0.704,0.709,0.912,67.091,67.118,113.793,41.926,0.23317,0.10537,0.17614
293.0,295.0,39,0.7148,,0.0,1.0,0.1846,0.9611,156.827,130.796,114.11,59.084,0.23317,0.10537,0.17614
293.0,295.0,16,0.7148,,0.0,1.0,0.7215,0.9049,136.425,296.119,113.897,64.289,0.23317,0.10537,0.17614
294.0,296.0,4980,0.7032,,0.0,0.84,0.821,0.8314,62.768,182.846,294.226,41.203,0.22309,0.11422,0.15725
294.0,296.0,82,0.7032,XCB,0.634,0.366,0.777,0.8233,77.463,122.654,294.988,45.005,0.22309,0.11422,0.15725
294.0,296.0,72,0.7032,,0.0,0.5,0.6837,0.9395,145.146,111.241,295.178,66.108,0.22309,0.11422,0.15725
294.0,296.0,19,0.7032,,0.0,1.0,0.7175,0.9369,116.652,115.22,294.828,59.383,0.22309,0.11422,0.15725
294.0,296.0,53,0.7032,,0.0,0.604,0.238,0.8251,67.367,312.133,295.582,40.238,0.22309,0.11422,0.15725
294.0,296.0,75,0.7032,,0.0,0.987,0.3066,0.9703,53.098,112.901,114.877,42.209,0.22309,0.11422,0.15725
294.0,296.0,16,0.7032,,0.0,1.0,0.0971,0.9785,146.764,146.325,114.901,56.664,0.22309,0.11422,0.15725
294.0,296.0,10,0.7032,,0.0,1.0,0.1903,0.9499,161.215,310.671,294.454,59.654,0.22309,0.11422,0.15725
294.0,296.0,8,0.7032,,0.0,1.0,0.9525,0.9074,88.026,21.032,115.059,50.62,0.22309,0.11422,0.15725
294.0,296.0,11,0.7032,,0.0,1.0,0.9769,0.7301,176.278,332.895,115.418,69.345,0.22309,0.11422,0.15725
294.0,296.0,11,0.7032,,0.0,1.0,0.9761,0.9449,59.658,10.158,114.839,37.204,0.22309,0.11422,0.15725
294.0,296.0,8,0.7032,,0.0,1.0,0.7608,0.8566,139.029,300.934,114.985,64.844,0.22309,0.11422,0.15725
294.0,296.0,8,0.7032,,0.0,1.0,0.5355,0.834,163.291,90.031,294.812,64.773,0.22309,0.11422,0.15725
294.0,296.0,8,0.7032,,0.0,1.0,0.1111,0.9743,164.881,143.327,114.722,57.26,0.22309,0.11422,0.15725
295.0,297.0,5751,0.7902,,0.0,0.848,0.8122,0.8403,69.008,181.227,295.261,42.882,0.28181,0.1098,0.26827
295.0,297.0,8,0.7902,,0.0,1.0,0.33,0.9488,161.874,69.92,296.08,63.103,0.28181,0.1098,0.26827
295.0,297.0,16,0.7902,,0.0,1.0,0.1027,0.9809,154.408,144.643,115.702,57.333,0.28181,0.1098,0.26827
296.0,298.0,5661,0.7776,,0.0,0.843,0.7944,0.8443,67.065,184.151,296.353,42.303,0.23203,0.09726,0.21009
296.0,298.0,9,0.7776,,0.0,1.0,0.5644,0.5831,108.848,95.446,117.252,51.292,0.23203,0.09726,0.21009
296.0,298.0,21,0.7776,,0.0,1.0,0.5187,0.9832,157.102,274.08,117.416,66.525,0.23203,0.09726,0.21009
296.0,298.0,8,0.7776,,0.0,1.0,0.6842,0.915,134.83,291.162,116.806,64.234,0.23203,0.09726,0.21009
297.0,299.0,5664,0.6277,,0.0,0.821,0.7816,0.846,65.357,188.06,297.383,41.519,0.22188,0.09597,0.21619
297.0,299.0,12,0.6277,,0.0,1.0,0.5646,0.6253,108.453,94.83,118.109,52.009,0.22188,0.09597,0.21619
297.0,299.0,13,0.6277,,0.0,1.0,0.465,0.9836,154.042,267.431,117.862,65.14,0.22188,0.09597,0.21619
297.0,299.0,9,0.6277,,0.0,1.0,0.7572,0.924,141.749,302.046,118.065,66.776,0.22188,0.09597,0.21619
298.0,300.0,5270,0.6052,,0.0,0.792,0.7787,0.8429,63.517,193.553,298.331,41.049,0.22425,0.10006,0.17248
298.0,300.0,62,0.6052,,0.0,0.935,0.9459,0.9278,95.181,335.376,118.77,53.585,0.22425,0.10006,0.17248
298.0,300.0,60,0.6052,,0.0,0.7,0.7278,0.9266,141.409,117.892,298.797,65.8,0.22425,0.10006,0.17248
298.0,300.0,10,0.6052,,0.0,1.0,0.1006,0.9843,59.532,324.144,298.916,46.771,0.22425,0.10006,0.17248
298.0,300.0,13,0.6052,,0.0,1.0,0.5757,0.8838,54.98,82.175,118.831,37.815,0.22425,0.10006,0.17248
298.0,300.0,15,0.6052,,0.0,1.0,0.8585,0.8482,160.054,315.838,119.197,68.491,0.22425,0.10006,0.17248
298.0,300.0,10,0.6052,,0.0,1.0,0.8935,0.8959,71.237,36.261,119.235,43.118,0.22425,0.10006,0.17248
298.0,300.0,8,0.6052,,0.0,1.0,0.888,0.9374,95.364,37.061,119.226,53.197,0.22425,0.10006,0.17248
298.0,300.0,17,0.6052,,0.0,1.0,0.4231,0.9741,151.451,261.37,119.17,63.832,0.22425,0.10006,0.17248
299.0,301.0,5623,0.6736,,0.0,0.824,0.8004,0.8513,67.994,190.068,299.343,42.203,0.28466,0.10204,0.19504
299.0,301.0,15,0.6736,,0.0,1.0,0.4231,0.9713,151.367,260.35,119.882,63.927,0.28466,0.10204,0.19504
299.0,301.0,10,0.6736,,0.0,1.0,0.127,0.9798,156.433,319.78,299.715,58.133,0.28466,0.10204,0.19504
299.0,301.0,10,0.6736,,0.0,1.0,0.1187,0.9679,160.445,141.862,119.661,57.194,0.28466,0.10204,0.19504
300.0,302.0,5470,0.7503,,0.0,0.837,0.7986,0.8494,72.686,189.5,300.31,44.096,0.22942,0.09283,0.18217
300.0,302.0,11,0.7503,,0.0,1.0,0.7511,0.9458,172.186,300.605,120.839,69.07,0.22942,0.09283,0.18217
300.0,302.0,30,0.7503,,0.0,1.0,0.4174,0.9469,135.218,79.492,301.16,61.337,0.22942,0.09283,0.18217
300.0,302.0,27,0.7503,,0.0,1.0,0.8664,0.8407,167.385,318.175,120.936,68.759,0.22942,0.09283,0.18217
300.0,302.0,9,0.7503,,0.0,1.0,0.5979,0.907,160.319,281.936,120.428,66.896,0.22942,0.09283,0.18217
300.0,302.0,8,0.7503,,0.0,1.0,0.4586,0.9365,150.532,264.891,121.135,64.075,0.22942,0.09283,0.18217
301.0,303.0,5297,0.8267,,0.0,0.837,0.8235,0.8429,77.276,189.481,301.279,45.843,0.19878,0.08017,0.23034
301.0,303.0,42,0.8267,,0.0,1.0,0.3519,0.9685,51.197,108.67,122.004,40.896,0.19878,0.08017,0.23034
301.0,303.0,18,0.8267,,0.0,0.5,0.1477,0.9573,57.59,137.959,121.797,43.414,0.19878,0.08017,0.23034
301.0,303.0,18,0.8267,,0.0,1.0,0.1578,0.9815,151.726,313.445,302.039,59.564,0.19878,0.08017,0.23034
301.0,303.0,11,0.8267,,0.0,1.0,0.1816,0.9525,48.526,312.554,302.238,42.259,0.19878,0.08017,0.23034
301.0,303.0,27,0.8267,,0.0,1.0,0.6092,0.943,62.576,78.185,121.661,41.398,0.19878,0.08017,0.23034
301.0,303.0,10,0.8267,,0.0,1.0,0.1118,0.9749,160.28,143.12,122.354,57.152,0.19878,0.08017,0.23034
301.0,303.0,10,0.8267,,0.0,1.0,0.5466,0.9288,130.358,93.618,301.898,60.998,0.19878,0.08017,0.23034
301.0,303.0,19,0.8267,,0.0,1.0,0.4758,0.942,151.483,265.908,122.248,64.491,0.19878,0.08017,0.23034
302.0,304.0,5679,0.8447,,0.0,0.868,0.7994,0.8491,75.339,180.275,302.13,45.179,0.25986,0.09747,0.23552
302.0,304.0,11,0.8447,,0.0,1.0,0.1595,0.9787,152.51,313.224,302.558,59.366,0.25986,0.09747,0.23552
302.0,304.0,8,0.8447,,0.0,1.0,0.1133,0.9681,161.112,143.084,122.443,57.578,0.25986,0.09747,0.23552
302.0,304.0,8,0.8447,,0.0,1.0,0.5499,0.9588,78.48,95.448,302.571,47.263,0.25986,0.09747,0.23552
303.0,305.0,5497,0.8501,,0.0,0.876,0.787,0.8466,68.281,180.728,303.16,43.243,0.22444,0.08804,0.18404
303.0,305.0,33,0.8501,,0.0,1.0,0.7549,0.9323,164.162,300.245,123.616,68.734,0.22444,0.08804,0.18404
303.0,305.0,30,0.8501,,0.0,1.0,0.4788,0.9723,151.701,267.464,123.801,64.865,0.22444,0.08804,0.18404
303.0,305.0,12,0.8501,,0.0,1.0,0.7102,0.8706,81.385,113.512,303.874,47.82,0.22444,0.08804,0.18404
304.0,306.0,5564,0.8894,,0.0,0.883,0.7934,0.851,66.708,188.396,304.276,42.62,0.2315,0.08727,0.23523
304.0,306.0,18,0.8894,,0.0,1.0,0.5113,0.9291,69.182,91.061,125.158,44.229,0.2315,0.08727,0.23523
304.0,306.0,8,0.8894,,0.0,1.0,0.1249,0.9766,140.47,139.203,125.305,57.166,0.2315,0.08727,0.23523
304.0,306.0,10,0.8894,,0.0,1.0,0.4023,0.9723,128.97,77.794,305.212,60.217,0.2315,0.08727,0.23523
304.0,306.0,16,0.8894,,0.0,1.0,0.6909,0.9377,74.832,112.556,304.811,45.602,0.2315,0.08727,0.23523
304.0,306.0,11,0.8894,,0.0,1.0,0.5188,0.9793,149.665,272.932,124.891,65.709,0.2315,0.08727,0.23523
305.0,307.0,5413,0.8789,,0.0,0.878,0.7821,0.8534,66.547,182.861,305.256,42.884,0.19206,0.10939,0.17406
305.0,307.0,11,0.8789,,0.0,1.0,0.809,0.9609,116.399,309.687,126.476,60.806,0.19206,0.10939,0.17406
305.0,307.0,20,0.8789,,0.0,1.0,0.4648,0.9343,72.712,96.773,125.905,45.474,0.19206,0.10939,0.17406
305.0,307.0,13,0.8789,,0.0,1.0,0.697,0.9417,73.998,112.839,306.213,44.919,0.19206,0.10939,0.17406
305.0,307.0,9,0.8789,,0.0,1.0,0.9841,0.9326,80.687,351.093,126.018,47.273,0.19206,0.10939,0.17406
305.0,307.0,34,0.8789,,0.0,1.0,0.9008,0.8507,163.706,321.294,126.259,69.386,0.19206,0.10939,0.17406
306.0,308.0,5127,0.7287,,0.0,0.862,0.7927,0.8501,75.771,180.511,306.296,45.036,0.16572,0.11346,0.16977
306.0,308.0,43,0.7287,AAN,0.535,0.465,0.147,0.9563,57.483,137.535,126.926,42.894,0.16572,0.11346,0.16977
306.0,308.0,20,0.7287,,0.0,1.0,0.6669,0.9391,64.649,70.802,127.018,41.441,0.16572,0.11346,0.16977
306.0,308.0,29,0.7287,,0.0,1.0,0.8729,0.943,82.38,320.102,127.557,48.243,0.16572,0.11346,0.16977
306.0,308.0,38,0.7287,,0.0,1.0,0.8218,0.9362,117.101,311.823,127.379,61.147,0.16572,0.11346,0.16977
306.0,308.0,14,0.7287,,0.0,0.714,0.5457,0.9604,148.867,275.84,127.436,65.33,0.16572,0.11346,0.16977
306.0,308.0,28,0.7287,,0.0,1.0,0.8559,0.896,159.566,315.546,126.987,68.774,0.16572,0.11346,0.16977
306.0,308.0,9,0.7287,,0.0,1.0,0.7443,0.9088,74.884,299.319,127.681,44.387,0.16572,0.11346,0.16977
306.0,308.0,10,0.7287,,0.0,1.0,0.4278,0.9505,142.534,80.293,307.287,62.331,0.16572,0.11346,0.16977
306.0,308.0,8,0.7287,,0.0,1.0,0.6969,0.9542,139.475,292.947,127.448,64.959,0.16572,0.11346,0.16977
307.0,309.0,3712,0.6849,,0.0,0.873,0.7862,0.8314,31.793,201.572,307.595,35.682,0.14527,0.0908,0.22292
307.0,309.0,29,0.6849,AAN,0.793,0.207,0.1383,0.96,55.922,140.435,128.119,44.069,0.14527,0.0908,0.22292
307.0,309.0,11,0.6849,,0.0,1.0,0.1446,0.9625,149.651,317.551,307.859,57.168,0.14527,0.0908,0.22292
307.0,309.0,1032,0.6849,,0.0,0.755,0.8046,0.8968,131.911,69.128,127.956,63.177,0.14527,0.0908,0.22292
307.0,309.0,13,0.6849,,0.0,1.0,0.2548,0.9519,155.89,119.953,128.111,61.38,0.14527,0.0908,0.22292
307.0,309.0,13,0.6849,,0.0,1.0,0.1838,0.9775,146.669,131.725,128.366,59.05,0.14527,0.0908,0.22292
307.0,309.0,25,0.6849,,0.0,1.0,0.8665,0.9348,84.318,318.503,127.925,49.215,0.14527,0.0908,0.22292
307.0,309.0,19,0.6849,,0.0,1.0,0.9793,0.7087,74.402,350.139,128.181,42.93,0.14527,0.0908,0.22292
307.0,309.0,13,0.6849,,0.0,1.0,0.8031,0.8699,56.09,51.708,128.37,35.6,0.14527,0.0908,0.22292
307.0,309.0,24,0.6849,,0.0,1.0,0.6587,0.9249,57.656,72.565,127.843,38.601,0.14527,0.0908,0.22292
307.0,309.0,13,0.6849,,0.0,1.0,0.7688,0.9362,74.171,303.638,127.971,44.654,0.14527,0.0908,0.22292
307.0,309.0,16,0.6849,,0.0,1.0,0.8076,0.9385,117.002,309.415,128.062,60.865,0.14527,0.0908,0.22292
307.0,309.0,12,0.6849,,0.0,1.0,0.8643,0.9007,138.422,137.377,307.855,65.906,0.14527,0.0908,0.22292
307.0,309.0,11,0.6849,,0.0,1.0,0.9123,0.8942,175.106,147.489,307.941,70.446,0.14527,0.0908,0.22292
307.0,309.0,15,0.6849,,0.0,1.0,0.5293,0.943,69.424,88.314,128.403,43.334,0.14527,0.0908,0.22292
307.0,309.0,18,0.6849,,0.0,1.0,0.9088,0.9029,156.619,147.14,308.424,69.307,0.14527,0.0908,0.22292
307.0,309.0,24,0.6849,,0.0,0.833,0.534,0.9606,150.096,274.428,128.327,65.283,0.14527,0.0908,0.22292
307.0,309.0,10,0.6849,,0.0,1.0,0.8886,0.896,89.076,37.922,127.544,50.531,0.14527,0.0908,0.22292
307.0,309.0,43,0.6849,,0.0,0.791,0.737,0.9173,144.795,118.19,307.99,66.057,0.14527,0.0908,0.22292
307.0,309.0,8,0.6849,,0.0,1.0,0.4284,0.9351,142.534,80.293,307.839,62.479,0.14527,0.0908,0.22292
307.0,309.0,8,0.6849,,0.0,1.0,0.3519,0.9735,86.272,288.201,307.886,50.805,0.14527,0.0908,0.22292
307.0,309.0,9,0.6849,,0.0,1.0,0.6877,0.8657,177.839,250.407,308.24,67.55,0.14527,0.0908,0.22292
307.0,309.0,8,0.6849,,0.0,1.0,0.8033,0.914,160.941,307.834,127.612,68.631,0.14527,0.0908,0.22292
307.0,309.0,9,0.6849,,0.0,1.0,0.3101,0.9833,117.804,66.242,308.375,57.149,0.14527,0.0908,0.22292
308.0,310.0,5558,0.6777,,0.0,0.881,0.814,0.858,78.65,179.656,308.126,46.462,0.19919,0.0958,0.21903
308.0,310.0,28,0.6777,,0.0,1.0,0.1615,0.974,151.52,132.8,129.066,58.883,0.19919,0.0958,0.21903
308.0,310.0,20,0.6777,,0.0,0.75,0.5321,0.981,150.493,274.031,128.933,65.502,0.19919,0.0958,0.21903
308.0,310.0,27,0.6777,,0.0,1.0,0.4744,0.9219,129.227,84.189,309.094,61.186,0.19919,0.0958,0.21903
308.0,310.0,12,0.6777,,0.0,1.0,0.3051,0.9824,118.541,65.874,308.988,57.34,0.19919,0.0958,0.21903
309.0,311.0,4921,0.6779,,0.0,0.879,0.8079,0.8513,76.624,185.078,309.227,45.491,0.18791,0.09391,0.1587
309.0,311.0,50,0.6779,AAN,0.72,0.28,0.1462,0.9614,57.579,138.171,129.92,43.957,0.18791,0.09391,0.1587
309.0,311.0,13,0.6779,,0.0,1.0,0.9608,0.8511,176.311,334.563,130.253,70.921,0.18791,0.09391,0.1587
309.0,311.0,73,0.6779,,0.0,0.74,0.7587,0.8985,148.103,121.645,309.941,66.413,0.18791,0.09391,0.1587
309.0,311.0,11,0.6779,,0.0,1.0,0.1368,0.9856,54.538,317.551,309.931,45.066,0.18791,0.09391,0.1587
309.0,311.0,23,0.6779,,0.0,1.0,0.8785,0.7696,56.254,40.138,129.816,34.419,0.18791,0.09391,0.1587
309.0,311.0,11,0.6779,,0.0,1.0,0.8648,0.8166,153.416,317.666,130.083,67.851,0.18791,0.09391,0.1587
309.0,311.0,9,0.6779,,0.0,1.0,0.955,0.7482,66.073,21.366,130.014,39.503,0.18791,0.09391,0.1587
309.0,311.0,15,0.6779,,0.0,1.0,0.2392,0.9592,158.239,304.243,309.877,60.423,0.18791,0.09391,0.1587
309.0,311.0,11,0.6779,XLU,0.545,0.455,0.5401,0.9808,150.009,274.946,129.748,65.597,0.18791,0.09391,0.1587
309.0,311.0,27,0.6779,,0.0,1.0,0.577,0.9522,66.824,82.467,129.767,42.668,0.18791,0.09391,0.1587
309.0,311.0,12,0.6779,,0.0,1.0,0.8527,0.9119,84.066,316.084,129.679,48.369,0.18791,0.09391,0.1587
309.0,311.0,13,0.6779,,0.0,1.0,0.7648,0.914,130.781,301.137,130.39,63.694,0.18791,0.09391,0.1587
310.0,312.0,5197,0.739,,0.0,0.884,0.7873,0.854,68.546,184.863,310.166,43.767,0.1616,0.10609,0.2595
310.0,312.0,21,0.739,,0.0,0.762,0.4988,0.97,149.371,269.989,131.21,64.803,0.1616,0.10609,0.2595
310.0,312.0,17,0.739,,0.0,1.0,0.5632,0.9451,65.905,85.287,131.212,42.788,0.1616,0.10609,0.2595
310.0,312.0,51,0.739,,0.0,0.784,0.7503,0.9248,139.021,120.143,311.113,65.455,0.1616,0.10609,0.2595
310.0,312.0,13,0.739,,0.0,1.0,0.8511,0.9087,81.96,316.059,131.179,47.848,0.1616,0.10609,0.2595
310.0,312.0,8,0.739,,0.0,1.0,0.9669,0.9198,64.63,16.093,131.798,39.968,0.1616,0.10609,0.2595
310.0,312.0,10,0.739,,0.0,1.0,0.7496,0.9369,45.58,59.671,130.701,33.19,0.1616,0.10609,0.2595
310.0,312.0,8,0.739,,0.0,1.0,0.765,0.9081,66.112,58.229,131.362,42.131,0.1616,0.10609,0.2595
310.0,312.0,8,0.739,,0.0,1.0,0.9531,0.6857,63.19,23.03,130.868,37.674,0.1616,0.10609,0.2595
310.0,312.0,8,0.739,,0.0,1.0,0.6309,0.8882,72.556,103.015,310.866,44.069,0.1616,0.10609,0.2595
311.0,313.0,5693,0.8197,,0.0,0.891,0.7939,0.86,75.346,176.242,311.073,45.405,0.24337,0.10259,0.23054
311.0,313.0,17,0.8197,,0.0,1.0,0.1149,0.9806,158.068,142.144,131.637,57.535,0.24337,0.10259,0.23054
311.0,313.0,18,0.8197,,0.0,0.889,0.2927,0.9812,116.939,64.783,311.922,56.91,0.24337,0.10259,0.23054
312.0,314.0,5486,0.8407,,0.0,0.889,0.8284,0.8546,81.897,177.064,312.065,47.713,0.20159,0.10919,0.18983
312.0,314.0,72,0.8407,AAN,0.528,0.472,0.1534,0.9594,58.143,137.706,133.204,44.275,0.20159,0.10919,0.18983
312.0,314.0,13,0.8407,,0.0,1.0,0.1495,0.965,148.953,317.582,313.153,57.987,0.20159,0.10919,0.18983
312.0,314.0,68,0.8407,,0.0,1.0,0.6626,0.9598,146.728,289.151,133.45,65.063,0.20159,0.10919,0.18983
312.0,314.0,9,0.8407,,0.0,0.667,0.2642,0.9871,117.962,62.087,312.468,56.911,0.20159,0.10919,0.18983
312.0,314.0,11,0.8407,,0.0,1.0,0.5128,0.9488,73.462,90.053,312.776,45.98,0.20159,0.10919,0.18983
312.0,314.0,10,0.8407,,0.0,1.0,0.4697,0.954,151.379,85.861,313.323,64.064,0.20159,0.10919,0.18983
313.0,315.0,5717,0.806,,0.0,0.889,0.8063,0.8613,85.802,179.53,135.025,49.203,0.25203,0.1077,0.2078
313.0,315.0,8,0.806,,0.0,1.0,0.1602,0.9811,154.999,133.008,133.966,59.613,0.25203,0.1077,0.2078
313.0,315.0,11,0.806,YOP,0.909,0.091,0.2375,0.9845,117.962,57.592,314.011,56.39,0.25203,0.1077,0.2078
314.0,316.0,5731,0.715,,0.0,0.895,0.8135,0.8603,74.23,179.108,314.004,45.2,0.22645,0.10588,0.23389
314.0,316.0,11,0.715,,0.0,1.0,0.873,0.317,5.58,63.804,135.912,8.691,0.22645,0.10588,0.23389
314.0,316.0,8,0.715,,0.0,1.0,0.1736,0.9943,146.175,131.688,135.089,59.584,0.22645,0.10588,0.23389
314.0,316.0,12,0.715,YOP,1.0,0.0,0.2263,0.9806,116.991,55.42,314.883,56.425,0.22645,0.10588,0.23389
315.0,317.0,5617,0.6395,,0.0,0.9,0.8175,0.8568,68.792,184.964,315.125,43.658,0.21058,0.10606,0.23597
315.0,317.0,14,0.6395,,0.0,1.0,0.1828,0.9926,149.745,130.134,136.199,60.199,0.21058,0.10606,0.23597
315.0,317.0,34,0.6395,,0.0,0.882,0.5329,0.9527,148.514,273.376,136.118,64.555,0.21058,0.10606,0.23597
315.0,317.0,36,0.6395,,0.0,1.0,0.4963,0.9604,141.005,89.075,316.038,63.692,0.21058,0.10606,0.23597
315.0,317.0,8,0.6395,YOP,0.875,0.125,0.2381,0.9774,121.209,57.133,316.334,57.028,0.21058,0.10606,0.23597
315.0,317.0,13,0.6395,,0.0,1.0,0.6386,0.9611,85.422,106.719,316.275,49.81,0.21058,0.10606,0.23597
316.0,318.0,5695,0.6777,,0.0,0.928,0.7913,0.8582,69.086,181.702,316.16,43.608,0.23972,0.10766,0.22399
316.0,318.0,9,0.6777,,0.0,1.0,0.1646,0.9368,178.116,311.534,316.523,57.882,0.23972,0.10766,0.22399
316.0,318.0,8,0.6777,YOP,0.875,0.125,0.2159,0.98,119.142,54.694,316.362,56.454,0.23972,0.10766,0.22399
316.0,318.0,31,0.6777,,0.0,0.806,0.541,0.9426,150.534,274.629,136.909,64.889,0.23972,0.10766,0.22399
316.0,318.0,11,0.6777,,0.0,1.0,0.554,0.9725,90.999,95.696,316.316,51.88,0.23972,0.10766,0.22399
317.0,319.0,5457,0.6986,,0.0,0.936,0.8129,0.8491,63.313,182.715,317.209,42.192,0.24121,0.0847,0.24158
317.0,319.0,9,0.6986,,0.0,1.0,0.4945,0.9676,139.362,86.429,317.643,62.464,0.24121,0.0847,0.24158
317.0,319.0,18,0.6986,,0.0,1.0,0.2247,0.9651,150.567,305.653,318.023,60.242,0.24121,0.0847,0.24158
317.0,319.0,9,0.6986,,0.0,1.0,0.3575,0.9461,43.378,107.255,137.504,38.357,0.24121,0.0847,0.24158
317.0,319.0,15,0.6986,,0.0,1.0,0.1565,0.9607,139.934,136.026,138.199,57.114,0.24121,0.0847,0.24158
317.0,319.0,15,0.6986,,0.0,0.933,0.5596,0.9363,151.542,275.943,137.751,65.188,0.24121,0.0847,0.24158
318.0,320.0,5477,0.738,,0.0,0.942,0.8031,0.852,63.807,180.734,318.162,42.443,0.23003,0.09489,0.17947
318.0,320.0,11,0.738,,0.0,0.909,0.5748,0.9667,150.629,277.989,139.167,65.234,0.23003,0.09489,0.17947
318.0,320.0,8,0.738,,0.0,1.0,0.7598,0.9049,111.219,301.613,138.945,58.281,0.23003,0.09489,0.17947
318.0,320.0,20,0.738,,0.0,1.0,0.519,0.9264,75.465,91.816,319.046,45.468,0.23003,0.09489,0.17947
318.0,320.0,8,0.738,,0.0,1.0,0.2748,0.9788,117.081,62.87,319.156,56.8,0.23003,0.09489,0.17947
319.0,321.0,5606,0.873,,0.0,0.943,0.7963,0.8566,66.704,182.132,319.158,43.409,0.24047,0.09598,0.19886
319.0,321.0,17,0.873,,0.0,1.0,0.7494,0.9299,66.214,120.22,319.985,41.264,0.24047,0.09598,0.19886
319.0,321.0,19,0.873,,0.0,1.0,0.5213,0.9404,76.148,92.876,319.704,46.431,0.24047,0.09598,0.19886
319.0,321.0,11,0.873,,0.0,1.0,0.2189,0.9544,125.967,306.042,319.721,56.643,0.24047,0.09598,0.19886
320.0,322.0,4824,1.0,,0.0,0.932,0.8007,0.8492,62.873,189.441,320.204,42.261,0.24607,0.11001,0.15905
320.0,322.0,9,1.0,,0.0,1.0,0.4845,0.9406,123.946,86.551,320.437,59.944,0.24607,0.11001,0.15905
320.0,322.0,16,1.0,,0.0,1.0,0.4856,0.9646,142.763,88.09,320.676,63.273,0.24607,0.11001,0.15905
320.0,322.0,16,1.0,,0.0,1.0,0.3457,0.9563,100.996,288.44,321.105,53.459,0.24607,0.11001,0.15905
320.0,322.0,20,1.0,,0.0,1.0,0.5859,0.9531,147.66,280.26,141.187,65.021,0.24607,0.11001,0.15905
320.0,322.0,30,1.0,,0.0,1.0,0.468,0.933,65.775,95.083,141.206,42.901,0.24607,0.11001,0.15905
320.0,322.0,34,1.0,,0.0,1.0,0.1462,0.9712,47.915,137.128,140.78,42.913,0.24607,0.11001,0.15905
320.0,322.0,8,1.0,,0.0,1.0,0.0448,0.9749,7.224,159.521,140.403,41.274,0.24607,0.11001,0.15905
320.0,322.0,13,1.0,,0.0,1.0,0.9582,0.9098,62.326,19.88,140.817,38.214,0.24607,0.11001,0.15905
321.0,323.0,5254,0.9935,,0.0,0.932,0.8074,0.8515,70.69,185.761,321.161,43.364,0.1982,0.10231,0.17297
321.0,323.0,53,0.9935,,0.0,1.0,0.4566,0.946,63.052,95.413,142.016,43.316,0.1982,0.10231,0.17297
321.0,323.0,33,0.9935,,0.0,1.0,0.7906,0.9289,66.066,54.597,142.39,39.72,0.1982,0.10231,0.17297
321.0,323.0,38,0.9935,,0.0,1.0,0.1633,0.9537,49.705,135.063,142.109,42.222,0.1982,0.10231,0.17297
321.0,323.0,48,0.9935,,0.0,1.0,0.5859,0.9593,142.021,280.12,142.099,64.949,0.1982,0.10231,0.17297
321.0,323.0,10,0.9935,,0.0,1.0,0.7093,0.9589,44.436,65.241,142.328,34.097,0.1982,0.10231,0.17297
321.0,323.0,13,0.9935,,0.0,1.0,0.8527,0.8901,155.014,314.697,142.178,68.408,0.1982,0.10231,0.17297
321.0,323.0,9,0.9935,,0.0,1.0,0.189,0.9688,129.001,310.081,322.109,57.046,0.1982,0.10231,0.17297
321.0,323.0,20,0.9935,,0.0,1.0,0.5339,0.9532,82.7,93.244,322.009,48.05,0.1982,0.10231,0.17297
322.0,324.0,5717,0.8911,,0.0,0.944,0.8056,0.8512,66.536,177.59,322.134,42.735,0.21139,0.10314,0.21275
322.0,324.0,11,0.8911,,0.0,1.0,0.5543,0.967,78.879,96.217,322.866,47.361,0.21139,0.10314,0.21275
323.0,325.0,5648,0.8653,,0.0,0.955,0.8013,0.8467,57.962,181.848,323.224,40.582,0.21007,0.1007,0.20212
323.0,325.0,23,0.8653,,0.0,1.0,0.5043,0.9647,71.115,89.483,324.522,45.047,0.21007,0.1007,0.20212
323.0,325.0,17,0.8653,,0.0,1.0,0.4399,0.9467,124.483,82.037,323.905,59.448,0.21007,0.1007,0.20212
323.0,325.0,8,0.8653,,0.0,1.0,0.2093,0.9959,125.024,53.622,323.794,57.61,0.21007,0.1007,0.20212
324.0,326.0,5544,0.8712,,0.0,0.957,0.8149,0.8453,58.741,184.439,324.324,41.046,0.25498,0.10164,0.1908
324.0,326.0,25,0.8712,,0.0,1.0,0.5043,0.9156,73.222,89.277,324.932,45.146,0.25498,0.10164,0.1908
324.0,326.0,29,0.8712,,0.0,1.0,0.6285,0.9459,151.311,282.349,145.038,65.582,0.25498,0.10164,0.1908
324.0,326.0,9,0.8712,,0.0,1.0,0.9827,0.9134,65.859,350.716,145.044,39.828,0.25498,0.10164,0.1908
325.0,327.0,5619,0.932,,0.0,0.963,0.814,0.8402,59.029,182.543,325.218,40.828,0.20924,0.10514,0.21583
325.0,327.0,25,0.932,,0.0,1.0,0.2181,0.9375,52.179,127.021,146.236,41.906,0.20924,0.10514,0.21583
325.0,327.0,8,0.932,,0.0,1.0,0.1033,0.9812,155.877,143.655,146.309,57.239,0.20924,0.10514,0.21583
325.0,327.0,18,0.932,,0.0,1.0,0.5756,0.9703,149.226,278.132,145.613,65.323,0.20924,0.10514,0.21583
325.0,327.0,9,0.932,,0.0,1.0,0.6455,0.8189,178.179,272.349,146.026,66.89,0.20924,0.10514,0.21583
326.0,328.0,5786,0.9356,,0.0,0.966,0.7897,0.8462,55.933,183.818,326.25,40.648,0.24652,0.10584,0.23952
326.0,328.0,13,0.9356,,0.0,1.0,0.1104,0.9777,153.6,142.756,146.562,57.975,0.24652,0.10584,0.23952
327.0,329.0,5619,0.9572,,0.0,0.959,0.8003,0.8473,58.365,187.258,327.267,40.958,0.19611,0.11295,0.19751
327.0,329.0,25,0.9572,,0.0,1.0,0.6093,0.955,148.844,281.89,147.774,65.519,0.19611,0.11295,0.19751
327.0,329.0,22,0.9572,,0.0,1.0,0.2357,0.9879,101.646,122.328,147.83,54.026,0.19611,0.11295,0.19751
327.0,329.0,14,0.9572,,0.0,1.0,0.7817,0.8835,174.712,303.174,147.744,68.776,0.19611,0.11295,0.19751
327.0,329.0,8,0.9572,,0.0,1.0,0.4841,0.954,72.168,88.172,328.111,44.928,0.19611,0.11295,0.19751
328.0,330.0,5594,0.9018,,0.0,0.96,0.8044,0.8494,57.278,186.783,328.174,40.541,0.21332,0.0948,0.21804
328.0,330.0,35,0.9018,,0.0,1.0,0.5283,0.9401,141.724,92.207,329.106,63.268,0.21332,0.0948,0.21804
328.0,330.0,8,0.9018,,0.0,1.0,0.6454,0.9712,84.217,287.363,149.664,49.593,0.21332,0.0948,0.21804
329.0,331.0,4236,0.782,,0.0,0.944,0.756,0.8191,24.7,201.113,329.623,32.863,0.21839,0.11432,0.1636
329.0,331.0,953,0.782,,0.0,0.985,0.8614,0.9108,134.594,75.955,150.023,63.209,0.21839,0.11432,0.1636
329.0,331.0,50,0.782,,0.0,1.0,0.5636,0.9482,142.976,96.755,330.381,63.895,0.21839,0.11432,0.1636
329.0,331.0,11,0.782,,0.0,1.0,0.7415,0.9271,64.771,62.082,150.048,41.643,0.21839,0.11432,0.1636
329.0,331.0,15,0.782,,0.0,1.0,0.9878,0.9126,41.767,344.89,150.059,27.511,0.21839,0.11432,0.1636
329.0,331.0,9,0.782,,0.0,1.0,0.3436,0.9653,57.972,109.373,149.916,42.876,0.21839,0.11432,0.1636
329.0,331.0,8,0.782,,0.0,1.0,0.9609,0.6495,48.553,338.784,149.241,29.828,0.21839,0.11432,0.1636
329.0,331.0,13,0.782,,0.0,1.0,0.9877,0.7898,82.004,349.436,150.486,47.098,0.21839,0.11432,0.1636
329.0,331.0,14,0.782,,0.0,1.0,0.6368,0.976,145.86,286.585,150.22,65.752,0.21839,0.11432,0.1636
329.0,331.0,10,0.782,,0.0,1.0,0.5972,0.9235,112.54,99.72,330.021,57.498,0.21839,0.11432,0.1636
329.0,331.0,8,0.782,,0.0,1.0,0.4762,0.9156,75.672,85.305,330.162,46.031,0.21839,0.11432,0.1636
330.0,332.0,5704,0.7145,,0.0,0.953,0.8011,0.8504,55.263,178.943,330.119,40.787,0.22076,0.12254,0.19969
331.0,333.0,3983,0.7016,,0.0,0.943,0.7783,0.8131,22.077,197.211,331.522,31.28,0.17122,0.11133,0.15334
331.0,333.0,1122,0.7016,,0.0,0.944,0.8822,0.9085,136.462,76.147,151.91,63.474,0.17122,0.11133,0.15334
331.0,333.0,18,0.7016,,0.0,1.0,0.2306,0.9587,152.931,306.745,332.088,60.662,0.17122,0.11133,0.15334
331.0,333.0,17,0.7016,,0.0,1.0,0.9693,0.881,173.533,164.931,331.821,70.849,0.17122,0.11133,0.15334
331.0,333.0,12,0.7016,,0.0,1.0,0.9377,0.7201,174.452,208.646,331.589,68.922,0.17122,0.11133,0.15334
331.0,333.0,17,0.7016,,0.0,1.0,0.9888,0.9489,44.09,1.099,152.022,29.13,0.17122,0.11133,0.15334
331.0,333.0,10,0.7016,,0.0,1.0,0.5956,0.9377,68.975,80.315,151.648,43.593,0.17122,0.11133,0.15334
331.0,333.0,13,0.7016,,0.0,1.0,0.7185,0.9466,138.312,115.174,331.821,65.079,0.17122,0.11133,0.15334
331.0,333.0,18,0.7016,,0.0,1.0,0.8178,0.8718,159.798,129.555,331.845,68.443,0.17122,0.11133,0.15334
331.0,333.0,12,0.7016,,0.0,1.0,0.5011,0.9844,152.755,90.377,331.817,65.441,0.17122,0.11133,0.15334
332.0,334.0,5434,0.6887,,0.0,0.938,0.8096,0.8467,51.503,184.503,332.152,39.297,0.22372,0.08279,0.20497
332.0,334.0,10,0.6887,,0.0,1.0,0.4257,0.9373,103.395,100.835,153.456,54.153,0.22372,0.08279,0.20497
332.0,334.0,10,0.6887,,0.0,1.0,0.2039,0.9521,159.501,309.355,332.51,59.717,0.22372,0.08279,0.20497
332.0,334.0,8,0.6887,,0.0,1.0,0.4746,0.9367,112.774,85.649,332.995,57.001,0.22372,0.08279,0.20497
332.0,334.0,10,0.6887,,0.0,1.0,0.5724,0.9711,159.131,96.868,333.07,66.232,0.22372,0.08279,0.20497
332.0,334.0,12,0.6887,,0.0,1.0,0.7631,0.9428,73.177,302.318,153.67,44.828,0.22372,0.08279,0.20497
333.0,335.0,5399,0.6738,,0.0,0.911,0.8154,0.8445,51.16,188.323,333.139,39.211,0.18621,0.09517,0.19548
333.0,335.0,12,0.6738,,0.0,1.0,0.197,0.9399,156.849,311.137,334.146,58.475,0.18621,0.09517,0.19548
333.0,335.0,10,0.6738,,0.0,1.0,0.1309,0.9697,147.275,139.23,153.786,57.729,0.18621,0.09517,0.19548
333.0,335.0,13,0.6738,,0.0,1.0,0.3508,0.939,163.291,71.859,333.861,62.868,0.18621,0.09517,0.19548
333.0,335.0,25,0.6738,,0.0,1.0,0.6237,0.9548,150.888,104.496,334.068,65.616,0.18621,0.09517,0.19548
333.0,335.0,15,0.6738,,0.0,1.0,0.9892,0.9634,42.029,357.88,153.788,27.988,0.18621,0.09517,0.19548
333.0,335.0,23,0.6738,,0.0,1.0,0.6142,0.9558,145.521,283.979,153.883,64.554,0.18621,0.09517,0.19548
333.0,335.0,13,0.6738,,0.0,1.0,0.7558,0.8832,163.747,120.9,333.643,68.091,0.18621,0.09517,0.19548
333.0,335.0,11,0.6738,,0.0,1.0,0.5051,0.9318,73.397,87.815,334.514,45.119,0.18621,0.09517,0.19548
333.0,335.0,8,0.6738,,0.0,1.0,0.482,0.9307,133.147,87.016,333.916,61.354,0.18621,0.09517,0.19548
333.0,335.0,13,0.6738,,0.0,1.0,0.7623,0.9267,73.041,301.953,153.825,44.5,0.18621,0.09517,0.19548
334.0,336.0,5557,0.6919,,0.0,0.913,0.7986,0.8497,53.095,188.059,334.099,40.438,0.19939,0.12089,0.198
334.0,336.0,38,0.6919,,0.0,0.711,0.2914,0.9714,151.333,65.463,335.035,61.368,0.19939,0.12089,0.198
334.0,336.0,9,0.6919,,0.0,1.0,0.9893,0.9388,42.109,357.592,154.622,28.029,0.19939,0.12089,0.198
334.0,336.0,26,0.6919,,0.0,1.0,0.4978,0.9548,70.12,88.024,334.844,44.523,0.19939,0.12089,0.198
334.0,336.0,9,0.6919,,0.0,1.0,0.2971,0.9647,104.055,115.829,155.582,53.84,0.19939,0.12089,0.198
334.0,336.0,12,0.6919,,0.0,1.0,0.7946,0.9271,71.906,304.755,154.797,43.873,0.19939,0.12089,0.198
335.0,337.0,5268,0.708,,0.0,0.932,0.8001,0.8451,47.388,189.83,335.517,39.015,0.18471,0.09157,0.20116
335.0,337.0,11,0.708,,0.0,1.0,0.1227,0.9647,155.823,320.344,335.877,57.79,0.18471,0.09157,0.20116
335.0,337.0,8,0.708,,0.0,1.0,0.1333,0.9751,42.429,317.729,335.693,43.647,0.18471,0.09157,0.20116
335.0,337.0,8,0.708,,0.0,1.0,0.1646,0.9903,165.531,131.971,156.621,60.603,0.18471,0.09157,0.20116
335.0,337.0,18,0.708,,0.0,1.0,0.8092,0.9133,163.557,308.786,155.827,69.177,0.18471,0.09157,0.20116
335.0,337.0,33,0.708,,0.0,1.0,0.6486,0.9113,144.832,287.575,156.051,64.957,0.18471,0.09157,0.20116
335.0,337.0,8,0.708,,0.0,1.0,0.987,0.6188,48.059,6.742,156.201,28.844,0.18471,0.09157,0.20116
335.0,337.0,12,0.708,,0.0,1.0,0.5148,0.9707,77.053,91.484,335.813,46.582,0.18471,0.09157,0.20116
335.0,337.0,35,0.708,,0.0,1.0,0.5536,0.9433,143.77,95.285,335.917,63.946,0.18471,0.09157,0.20116
335.0,337.0,14,0.708,,0.0,1.0,0.3158,0.9791,151.855,68.436,335.692,62.439,0.18471,0.09157,0.20116
335.0,337.0,12,0.708,ESU,1.0,0.0,0.229,0.9914,133.019,56.724,336.109,58.566,0.18471,0.09157,0.20116
335.0,337.0,22,0.708,,0.0,1.0,0.6783,0.9137,68.34,69.397,155.699,43.391,0.18471,0.09157,0.20116
335.0,337.0,8,0.708,,0.0,1.0,0.7971,0.8989,74.466,306.517,155.613,44.994,0.18471,0.09157,0.20116
335.0,337.0,11,0.708,,0.0,1.0,0.6712,0.9327,116.612,291.265,155.888,59.832,0.18471,0.09157,0.20116
335.0,337.0,11,0.708,,0.0,1.0,0.6764,0.9412,117.269,110.804,336.199,59.401,0.18471,0.09157,0.20116
336.0,338.0,4450,0.7256,,0.0,0.935,0.8116,0.8187,22.227,204.493,336.723,32.912,0.19077,0.06562,0.15321
336.0,338.0,90,0.7256,,0.0,1.0,0.6035,0.9289,158.292,79.784,156.815,65.841,0.19077,0.06562,0.15321
336.0,338.0,15,0.7256,,0.0,1.0,0.9888,0.9882,156.065,6.024,156.998,70.697,0.19077,0.06562,0.15321
336.0,338.0,19,0.7256,,0.0,1.0,0.9792,0.8936,118.041,12.275,156.74,61.222,0.19077,0.06562,0.15321
336.0,338.0,14,0.7256,,0.0,1.0,0.9542,0.9546,154.467,21.986,157.018,69.908,0.19077,0.06562,0.15321
336.0,338.0,139,0.7256,,0.0,0.906,0.9675,0.8913,137.594,43.599,156.904,65.742,0.19077,0.06562,0.15321
336.0,338.0,28,0.7256,,0.0,1.0,0.8997,0.871,114.656,37.077,157.116,59.421,0.19077,0.06562,0.15321
336.0,338.0,45,0.7256,,0.0,1.0,0.3185,0.9507,148.732,112.481,157.018,62.036,0.19077,0.06562,0.15321
336.0,338.0,26,0.7256,,0.0,1.0,0.7611,0.918,123.264,57.948,156.869,62.441,0.19077,0.06562,0.15321
336.0,338.0,12,0.7256,,0.0,1.0,0.2035,0.9803,150.318,307.635,337.126,60.242,0.19077,0.06562,0.15321
336.0,338.0,11,0.7256,,0.0,0.636,0.0462,0.9733,23.769,158.464,156.876,41.436,0.19077,0.06562,0.15321
336.0,338.0,13,0.7256,,0.0,1.0,0.7623,0.9538,134.237,121.064,337.212,63.86,0.19077,0.06562,0.15321
336.0,338.0,8,0.7256,,0.0,1.0,0.2776,0.9372,35.952,119.198,156.726,37.929,0.19077,0.06562,0.15321
336.0,338.0,12,0.7256,,0.0,1.0,0.9037,0.8869,50.634,35.029,157.174,33.426,0.19077,0.06562,0.15321
336.0,338.0,8,0.7256,,0.0,1.0,0.5082,0.9447,76.318,90.039,337.128,46.21,0.19077,0.06562,0.15321
337.0,339.0,5266,0.6721,,0.0,0.946,0.821,0.8308,41.591,196.065,337.488,37.233,0.20764,0.08797,0.17613
337.0,339.0,26,0.6721,,0.0,1.0,0.8469,0.8981,63.662,46.586,158.615,39.007,0.20764,0.08797,0.17613
337.0,339.0,17,0.6721,,0.0,1.0,0.942,0.884,54.405,26.602,157.864,34.87,0.20764,0.08797,0.17613
337.0,339.0,17,0.6721,,0.0,1.0,0.9457,0.8674,166.535,334.716,157.976,69.706,0.20764,0.08797,0.17613
337.0,339.0,9,0.6721,,0.0,1.0,0.7988,0.9405,153.441,307.186,158.676,67.982,0.20764,0.08797,0.17613
337.0,339.0,11,0.6721,,0.0,1.0,0.5416,0.9036,146.277,92.448,338.48,63.974,0.20764,0.08797,0.17613
337.0,339.0,10,0.6721,,0.0,1.0,0.6946,0.9284,151.386,291.829,158.159,66.099,0.20764,0.08797,0.17613
337.0,339.0,10,0.6721,,0.0,1.0,0.2083,0.9694,50.022,127.394,158.234,42.918,0.20764,0.08797,0.17613
337.0,339.0,11,0.6721,,0.0,1.0,0.6762,0.9249,71.408,110.822,338.432,44.286,0.20764,0.08797,0.17613
337.0,339.0,8,0.6721,,0.0,1.0,0.1572,0.9884,165.284,134.259,158.309,60.097,0.20764,0.08797,0.17613
337.0,339.0,12,0.6721,,0.0,1.0,0.5169,0.9298,70.691,89.745,158.587,44.383,0.20764,0.08797,0.17613
337.0,339.0,12,0.6721,ESU,0.75,0.25,0.2703,0.9694,131.41,61.003,338.06,58.235,0.20764,0.08797,0.17613
338.0,340.0,5132,0.6534,,0.0,0.938,0.8418,0.8333,46.344,191.236,338.364,37.999,0.24331,0.07682,0.19461
338.0,340.0,9,0.6534,,0.0,1.0,0.989,0.908,80.509,9.683,159.007,47.162,0.24331,0.07682,0.19461
338.0,340.0,52,0.6534,,0.0,1.0,0.8779,0.8862,59.708,40.426,159.139,37.233,0.24331,0.07682,0.19461
338.0,340.0,32,0.6534,,0.0,1.0,0.1814,0.9703,47.332,131.267,159.054,42.885,0.24331,0.07682,0.19461
338.0,340.0,10,0.6534,,0.0,1.0,0.6746,0.9451,153.623,109.711,338.497,66.539,0.24331,0.07682,0.19461
338.0,340.0,13,0.6534,,0.0,1.0,0.1499,0.9879,164.099,135.55,158.742,60.233,0.24331,0.07682,0.19461
338.0,340.0,12,0.6534,,0.0,1.0,0.5442,0.9448,147.13,93.764,338.968,64.431,0.24331,0.07682,0.19461
338.0,340.0,15,0.6534,,0.0,1.0,0.6958,0.9641,144.23,292.163,159.125,66.025,0.24331,0.07682,0.19461
338.0,340.0,14,0.6534,,0.0,1.0,0.6941,0.9781,119.175,113.32,338.611,60.807,0.24331,0.07682,0.19461
338.0,340.0,8,0.6534,,0.0,1.0,0.7122,0.9383,73.326,115.102,338.483,44.815,0.24331,0.07682,0.19461
338.0,340.0,8,0.6534,,0.0,1.0,0.5339,0.9473,72.541,87.722,158.876,45.712,0.24331,0.07682,0.19461
339.0,341.0,5639,0.6645,,0.0,0.945,0.7994,0.8469,49.701,187.843,339.331,39.493,0.2175,0.09656,0.22739
339.0,341.0,27,0.6645,,0.0,1.0,0.3069,0.9745,155.529,67.507,339.286,62.411,0.2175,0.09656,0.22739
339.0,341.0,13,0.6645,,0.0,1.0,0.1152,0.9872,143.043,140.964,159.943,57.838,0.2175,0.09656,0.22739
339.0,341.0,9,0.6645,,0.0,1.0,0.8636,0.9644,84.113,317.098,159.718,48.07,0.2175,0.09656,0.22739
340.0,342.0,26,0.659,,0.0,1.0,0.8606,0.8853,67.213,43.578,160.909,41.113,0.1877,0.09251,0.1581
340.0,342.0,699,0.659,,0.0,1.0,0.8448,0.9041,136.394,63.95,160.984,63.695,0.1877,0.09251,0.1581
340.0,342.0,4260,0.659,,0.0,0.931,0.7939,0.8057,20.393,207.228,340.57,31.484,0.1877,0.09251,0.1581
340.0,342.0,51,0.659,,0.0,1.0,0.5191,0.9385,60.941,89.357,160.961,41.935,0.1877,0.09251,0.1581
340.0,342.0,8,0.659,,0.0,1.0,0.2719,0.8888,172.288,301.875,340.744,60.372,0.1877,0.09251,0.1581
340.0,342.0,20,0.659,,0.0,1.0,0.8082,0.8884,45.139,51.847,161.031,31.645,0.1877,0.09251,0.1581
340.0,342.0,15,0.659,,0.0,1.0,0.8442,0.8998,159.595,132.798,340.753,68.467,0.1877,0.09251,0.1581
340.0,342.0,52,0.659,,0.0,1.0,0.9819,0.8357,163.825,337.188,160.942,69.657,0.1877,0.09251,0.1581
340.0,342.0,11,0.659,,0.0,1.0,0.8879,0.9168,106.778,140.982,340.578,56.936,0.1877,0.09251,0.1581
340.0,342.0,21,0.659,,0.0,1.0,0.9544,0.8189,158.508,157.238,341.447,69.264,0.1877,0.09251,0.1581
340.0,342.0,8,0.659,,0.0,1.0,0.9898,0.9318,60.968,179.431,161.264,37.739,0.1877,0.09251,0.1581
340.0,342.0,10,0.659,,0.0,1.0,0.3126,0.9681,153.923,66.772,341.212,62.117,0.1877,0.09251,0.1581
340.0,342.0,8,0.659,,0.0,1.0,0.544,0.9335,166.252,93.708,340.308,65.689,0.1877,0.09251,0.1581
340.0,342.0,18,0.659,,0.0,1.0,0.537,0.9576,127.727,93.867,341.182,60.665,0.1877,0.09251,0.1581
340.0,342.0,13,0.659,,0.0,1.0,0.6414,0.9552,150.149,106.322,340.904,66.14,0.1877,0.09251,0.1581
340.0,342.0,25,0.659,,0.0,1.0,0.6797,0.9858,141.497,292.353,161.18,65.423,0.1877,0.09251,0.1581
341.0,343.0,5647,0.6897,,0.0,0.941,0.8014,0.8385,46.733,191.745,341.422,37.955,0.21815,0.10215,0.23824
341.0,343.0,13,0.6897,,0.0,1.0,0.0986,0.985,143.545,144.723,162.231,56.895,0.21815,0.10215,0.23824
341.0,343.0,12,0.6897,,0.0,1.0,0.1731,0.9838,149.782,311.717,342.335,59.298,0.21815,0.10215,0.23824
341.0,343.0,12,0.6897,,0.0,1.0,0.4324,0.966,74.69,80.908,341.927,46.661,0.21815,0.10215,0.23824
341.0,343.0,13,0.6897,,0.0,1.0,0.4767,0.9382,156.398,85.159,341.823,64.671,0.21815,0.10215,0.23824
341.0,343.0,9,0.6897,,0.0,1.0,0.8988,0.8036,75.373,39.477,161.539,42.577,0.21815,0.10215,0.23824
342.0,344.0,5323,0.7165,,0.0,0.946,0.8008,0.8298,38.523,196.866,342.427,36.337,0.17795,0.10047,0.22484
342.0,344.0,12,0.7165,,0.0,1.0,0.0987,0.9892,142.546,144.408,163.301,57.055,0.17795,0.10047,0.22484
342.0,344.0,9,0.7165,,0.0,1.0,0.9627,0.6418,47.917,22.071,163.579,29.015,0.17795,0.10047,0.22484
342.0,344.0,22,0.7165,,0.0,1.0,0.98,0.9244,99.59,346.195,163.266,54.809,0.17795,0.10047,0.22484
342.0,344.0,49,0.7165,,0.0,1.0,0.517,0.958,139.9,91.037,343.259,63.261,0.17795,0.10047,0.22484
342.0,344.0,11,0.7165,,0.0,1.0,0.987,0.952,90.989,7.661,163.044,50.945,0.17795,0.10047,0.22484
342.0,344.0,15,0.7165,,0.0,1.0,0.6766,0.9114,118.981,109.171,342.677,59.567,0.17795,0.10047,0.22484
342.0,344.0,9,0.7165,,0.0,1.0,0.9187,0.8599,115.019,326.758,162.933,59.577,0.17795,0.10047,0.22484
342.0,344.0,11,0.7165,,0.0,1.0,0.9308,0.9001,173.697,152.006,342.673,70.472,0.17795,0.10047,0.22484
342.0,344.0,10,0.7165,,0.0,1.0,0.8497,0.8818,98.102,133.994,342.573,53.892,0.17795,0.10047,0.22484
343.0,345.0,5655,0.6509,,0.0,0.956,0.8067,0.8365,45.83,189.659,343.458,37.625,0.26151,0.10851,0.21539
343.0,345.0,33,0.6509,,0.0,1.0,0.6534,0.9511,146.566,286.956,164.169,65.19,0.26151,0.10851,0.21539
343.0,345.0,8,0.6509,,0.0,1.0,0.9884,0.9284,61.353,353.122,164.611,37.906,0.26151,0.10851,0.21539
343.0,345.0,15,0.6509,,0.0,1.0,0.8096,0.908,70.172,308.119,164.463,41.473,0.26151,0.10851,0.21539
343.0,345.0,16,0.6509,,0.0,1.0,0.1068,0.9724,159.04,324.422,344.4,57.03,0.26151,0.10851,0.21539
344.0,346.0,5466,0.5854,,0.0,0.958,0.8104,0.8418,45.902,187.71,344.261,38.578,0.20453,0.08616,0.20942
344.0,346.0,14,0.5854,,0.0,1.0,0.1148,0.9842,154.132,322.057,344.415,57.993,0.20453,0.08616,0.20942
344.0,346.0,11,0.5854,,0.0,1.0,0.3322,0.9583,154.856,69.432,344.933,62.297,0.20453,0.08616,0.20942
344.0,346.0,12,0.5854,,0.0,1.0,0.3197,0.9494,101.121,293.774,345.377,53.308,0.20453,0.08616,0.20942
344.0,346.0,30,0.5854,,0.0,1.0,0.5043,0.9734,126.182,90.626,345.186,60.539,0.20453,0.08616,0.20942
344.0,346.0,8,0.5854,,0.0,1.0,0.0801,0.9909,151.828,147.797,165.042,56.924,0.20453,0.08616,0.20942
344.0,346.0,11,0.5854,,0.0,1.0,0.5648,0.8593,71.584,94.391,345.427,43.472,0.20453,0.08616,0.20942
344.0,346.0,8,0.5854,,0.0,1.0,0.8507,0.8824,69.867,313.646,164.811,41.741,0.20453,0.08616,0.20942
345.0,347.0,5410,0.6189,,0.0,0.954,0.8204,0.8338,43.638,186.378,345.263,37.219,0.24023,0.08388,0.22279
345.0,347.0,37,0.6189,,0.0,1.0,0.2276,0.9684,44.543,124.289,166.004,41.773,0.24023,0.08388,0.22279
345.0,347.0,10,0.6189,,0.0,1.0,0.3668,0.9278,162.818,72.112,345.865,62.943,0.24023,0.08388,0.22279
345.0,347.0,12,0.6189,,0.0,1.0,0.4292,0.9238,67.453,101.347,166.103,43.494,0.24023,0.08388,0.22279
345.0,347.0,21,0.6189,,0.0,1.0,0.5023,0.9715,123.231,90.414,345.717,59.628,0.24023,0.08388,0.22279
345.0,347.0,9,0.6189,,0.0,1.0,0.5734,0.8432,69.477,94.391,345.546,43.237,0.24023,0.08388,0.22279
346.0,348.0,5257,0.6959,,0.0,0.947,0.8186,0.8261,40.837,188.264,346.398,36.974,0.21386,0.09734,0.17312
346.0,348.0,18,0.6959,,0.0,1.0,0.5961,0.9244,140.221,99.275,346.762,62.827,0.21386,0.09734,0.17312
346.0,348.0,12,0.6959,,0.0,1.0,0.3815,0.9809,154.373,72.909,347.021,63.278,0.21386,0.09734,0.17312
346.0,348.0,13,0.6959,,0.0,1.0,0.7341,0.9123,55.781,63.029,166.989,37.283,0.21386,0.09734,0.17312
346.0,348.0,8,0.6959,,0.0,1.0,0.9879,0.9495,59.086,352.325,166.154,36.996,0.21386,0.09734,0.17312
346.0,348.0,23,0.6959,,0.0,1.0,0.7022,0.9366,136.356,293.137,166.943,64.517,0.21386,0.09734,0.17312
346.0,348.0,16,0.6959,,0.0,1.0,0.992,0.8707,86.184,9.44,167.118,49.016,0.21386,0.09734,0.17312
346.0,348.0,18,0.6959,,0.0,1.0,0.3696,0.9422,128.338,74.071,346.532,59.509,0.21386,0.09734,0.17312
346.0,348.0,8,0.6959,,0.0,1.0,0.9112,0.8871,88.922,325.441,167.355,50.168,0.21386,0.09734,0.17312
346.0,348.0,10,0.6959,,0.0,1.0,0.8803,0.9009,117.375,319.235,166.609,60.973,0.21386,0.09734,0.17312
346.0,348.0,33,0.6959,,0.0,1.0,0.4578,0.9604,67.819,98.617,167.156,43.607,0.21386,0.09734,0.17312
347.0,349.0,5197,0.7077,,0.0,0.947,0.8093,0.8261,36.265,192.801,347.397,35.681,0.23915,0.10453,0.16905
347.0,349.0,53,0.7077,,0.0,1.0,0.4794,0.9593,66.565,93.26,167.974,43.118,0.23915,0.10453,0.16905
347.0,349.0,15,0.7077,,0.0,1.0,0.766,0.9274,46.777,58.314,168.173,33.209,0.23915,0.10453,0.16905
347.0,349.0,26,0.7077,,0.0,1.0,0.7131,0.9162,146.025,294.351,168.212,65.674,0.23915,0.10453,0.16905
347.0,349.0,17,0.7077,,0.0,1.0,0.8596,0.9151,62.144,43.955,168.037,39.266,0.23915,0.10453,0.16905
347.0,349.0,13,0.7077,,0.0,1.0,0.8694,0.8948,86.867,42.785,167.945,49.211,0.23915,0.10453,0.16905
347.0,349.0,12,0.7077,,0.0,1.0,0.5309,0.9515,155.712,91.68,348.097,65.291,0.23915,0.10453,0.16905
347.0,349.0,11,0.7077,,0.0,1.0,0.9925,0.9258,87.701,355.72,167.982,49.754,0.23915,0.10453,0.16905
347.0,349.0,9,0.7077,,0.0,1.0,0.4793,0.9788,127.733,87.806,348.442,61.284,0.23915,0.10453,0.16905
347.0,349.0,9,0.7077,,0.0,1.0,0.5912,0.9726,104.823,100.076,347.572,55.662,0.23915,0.10453,0.16905
347.0,349.0,8,0.7077,,0.0,1.0,0.1598,0.978,151.436,313.906,347.757,58.915,0.23915,0.10453,0.16905
347.0,349.0,8,0.7077,,0.0,1.0,0.3794,0.9809,156.11,73.667,347.552,63.229,0.23915,0.10453,0.16905
348.0,350.0,5301,0.6818,,0.0,0.937,0.8042,0.8313,41.873,191.587,348.319,37.208,0.24251,0.11157,0.17707
348.0,350.0,8,0.6818,,0.0,1.0,0.4876,0.9791,127.871,88.599,348.966,60.926,0.24251,0.11157,0.17707
348.0,350.0,96,0.6818,,0.0,1.0,0.5822,0.9345,62.864,81.616,169.021,41.223,0.24251,0.11157,0.17707
348.0,350.0,54,0.6818,,0.0,1.0,0.7038,0.9138,141.549,293.207,168.986,64.649,0.24251,0.11157,0.17707
348.0,350.0,13,0.6818,,0.0,1.0,0.9702,0.919,61.055,342.514,169.338,37.577,0.24251,0.11157,0.17707
348.0,350.0,15,0.6818,,0.0,1.0,0.5027,0.9584,156.316,89.284,349.215,64.67,0.24251,0.11157,0.17707
348.0,350.0,12,0.6818,,0.0,1.0,0.7906,0.957,108.547,305.33,169.475,58.259,0.24251,0.11157,0.17707
348.0,350.0,20,0.6818,,0.0,1.0,0.7105,0.9094,117.473,114.923,348.776,59.605,0.24251,0.11157,0.17707
348.0,350.0,11,0.6818,,0.0,1.0,0.8668,0.8907,73.48,316.649,169.051,43.781,0.24251,0.11157,0.17707
348.0,350.0,9,0.6818,,0.0,1.0,0.3595,0.9808,108.758,286.421,349.368,55.968,0.24251,0.11157,0.17707
349.0,351.0,4196,0.7508,,0.0,0.912,0.756,0.8183,21.232,203.494,349.495,33.051,0.24999,0.10544,0.15088
349.0,351.0,677,0.7508,,0.0,0.959,0.8803,0.8902,139.022,73.023,169.855,63.61,0.24999,0.10544,0.15088
349.0,351.0,46,0.7508,,0.0,1.0,0.9805,0.8837,93.066,344.22,169.931,51.621,0.24999,0.10544,0.15088
349.0,351.0,35,0.7508,,0.0,1.0,0.7757,0.8853,149.327,122.025,350.075,66.319,0.24999,0.10544,0.15088
349.0,351.0,12,0.7508,,0.0,1.0,0.8538,0.9333,130.446,133.319,350.191,64.412,0.24999,0.10544,0.15088
349.0,351.0,13,0.7508,,0.0,1.0,0.8263,0.9306,108.573,310.681,170.059,58.171,0.24999,0.10544,0.15088
349.0,351.0,9,0.7508,,0.0,1.0,0.5757,0.959,160.152,99.818,349.726,66.84,0.24999,0.10544,0.15088
349.0,351.0,8,0.7508,,0.0,1.0,0.9869,0.7241,174.629,172.283,350.013,69.03,0.24999,0.10544,0.15088
349.0,351.0,13,0.7508,,0.0,1.0,0.5559,0.9686,137.726,96.363,349.88,63.04,0.24999,0.10544,0.15088
349.0,351.0,26,0.7508,,0.0,1.0,0.9051,0.9246,87.205,34.618,169.784,50.291,0.24999,0.10544,0.15088
349.0,351.0,13,0.7508,,0.0,1.0,0.9508,0.9254,52.944,24.294,169.843,34.483,0.24999,0.10544,0.15088
349.0,351.0,11,0.7508,,0.0,1.0,0.573,0.9298,148.492,276.377,169.723,64.653,0.24999,0.10544,0.15088
349.0,351.0,10,0.7508,,0.0,1.0,0.8799,0.9278,164.857,320.097,170.199,69.521,0.24999,0.10544,0.15088
349.0,351.0,12,0.7508,,0.0,1.0,0.7843,0.912,59.129,55.709,169.647,38.122,0.24999,0.10544,0.15088
349.0,351.0,29,0.7508,,0.0,1.0,0.9839,0.7514,51.258,11.302,169.803,31.511,0.24999,0.10544,0.15088
349.0,351.0,9,0.7508,,0.0,1.0,0.9871,0.9246,59.368,350.81,170.082,37.016,0.24999,0.10544,0.15088
349.0,351.0,9,0.7508,,0.0,1.0,0.635,0.8824,41.058,79.01,169.242,31.991,0.24999,0.10544,0.15088
349.0,351.0,8,0.7508,,0.0,1.0,0.3649,0.9912,106.426,285.962,349.698,55.631,0.24999,0.10544,0.15088
349.0,351.0,9,0.7508,,0.0,1.0,0.4318,0.846,116.133,103.557,169.965,56.401,0.24999,0.10544,0.15088
349.0,351.0,8,0.7508,,0.0,1.0,0.1266,0.9835,159.3,140.537,170.068,58.292,0.24999,0.10544,0.15088
350.0,352.0,4352,0.8918,,0.0,0.904,0.7663,0.8175,19.447,204.045,350.601,31.993,0.14755,0.10904,0.16807
350.0,352.0,229,0.8918,,0.0,1.0,0.965,0.8716,137.524,38.434,170.744,65.274,0.14755,0.10904,0.16807
350.0,352.0,99,0.8918,,0.0,0.727,0.3218,0.9674,139.772,112.106,170.737,60.742,0.14755,0.10904,0.16807
350.0,352.0,55,0.8918,,0.0,1.0,0.5137,0.9574,66.237,89.077,170.942,43.938,0.14755,0.10904,0.16807
350.0,352.0,11,0.8918,,0.0,1.0,0.7858,0.9029,163.889,56.651,170.988,68.074,0.14755,0.10904,0.16807
350.0,352.0,28,0.8918,,0.0,1.0,0.972,0.9132,95.849,342.65,170.692,53.491,0.14755,0.10904,0.16807
350.0,352.0,12,0.8918,,0.0,1.0,0.7926,0.9121,105.312,54.794,171.038,56.32,0.14755,0.10904,0.16807
350.0,352.0,54,0.8918,,0.0,1.0,0.698,0.9357,125.119,67.858,170.85,61.69,0.14755,0.10904,0.16807
350.0,352.0,13,0.8918,,0.0,1.0,0.8626,0.9447,90.081,43.214,170.814,51.494,0.14755,0.10904,0.16807
350.0,352.0,33,0.8918,,0.0,1.0,0.9726,0.9064,164.381,16.787,170.814,69.772,0.14755,0.10904,0.16807
350.0,352.0,12,0.8918,,0.0,1.0,0.551,0.8557,33.803,89.043,170.89,31.089,0.14755,0.10904,0.16807
350.0,352.0,15,0.8918,BTU,0.6,0.4,0.9795,0.6558,51.109,344.227,171.769,30.456,0.14755,0.10904,0.16807
350.0,352.0,40,0.8918,,0.0,1.0,0.5975,0.8988,161.095,82.819,170.839,65.775,0.14755,0.10904,0.16807
350.0,352.0,15,0.8918,,0.0,1.0,0.991,0.7772,161.473,176.447,351.003,68.998,0.14755,0.10904,0.16807
350.0,352.0,10,0.8918,,0.0,1.0,0.9884,0.9499,59.139,351.775,170.699,36.858,0.14755,0.10904,0.16807
350.0,352.0,16,0.8918,,0.0,1.0,0.6796,0.8697,46.374,70.328,171.158,33.084,0.14755,0.10904,0.16807
350.0,352.0,10,0.8918,,0.0,1.0,0.529,0.9835,150.232,92.424,350.578,64.703,0.14755,0.10904,0.16807
350.0,352.0,8,0.8918,,0.0,1.0,0.9447,0.8806,112.053,334.019,170.459,58.641,0.14755,0.10904,0.16807
350.0,352.0,9,0.8918,,0.0,1.0,0.5384,0.9686,127.824,94.791,350.514,60.86,0.14755,0.10904,0.16807
350.0,352.0,10,0.8918,,0.0,1.0,0.5164,0.9437,47.6,89.228,170.652,37.263,0.14755,0.10904,0.16807
351.0,353.0,65,0.9152,,0.0,1.0,0.6026,0.9676,67.769,78.353,171.737,43.864,0.21155,0.08819,0.18877
351.0,353.0,5417,0.9152,,0.0,0.907,0.8009,0.8338,36.147,198.75,351.472,35.305,0.21155,0.08819,0.18877
351.0,353.0,10,0.9152,,0.0,1.0,0.9553,0.9063,82.551,23.449,172.028,47.496,0.21155,0.08819,0.18877
351.0,353.0,15,0.9152,,0.0,1.0,0.9905,0.9566,58.619,353.17,172.589,36.622,0.21155,0.08819,0.18877
352.0,354.0,5262,0.8019,,0.0,0.909,0.7937,0.8317,29.914,196.58,352.509,34.8,0.26725,0.08968,0.17811
352.0,354.0,50,0.8019,,0.0,0.58,0.9797,0.7111,51.718,344.745,172.527,31.01,0.26725,0.08968,0.17811
352.0,354.0,80,0.8019,,0.0,1.0,0.6126,0.95,67.975,78.307,173.285,43.836,0.26725,0.08968,0.17811
352.0,354.0,8,0.8019,,0.0,1.0,0.9927,0.9336,90.188,4.428,173.212,51.494,0.26725,0.08968,0.17811
352.0,354.0,15,0.8019,,0.0,1.0,0.644,0.9531,142.646,286.824,173.446,64.836,0.26725,0.08968,0.17811
352.0,354.0,11,0.8019,,0.0,1.0,0.2647,0.9785,128.306,301.444,353.259,58.447,0.26725,0.08968,0.17811
352.0,354.0,11,0.8019,,0.0,1.0,0.1184,0.9731,160.388,322.566,353.07,57.647,0.26725,0.08968,0.17811
353.0,355.0,5416,0.7514,,0.0,0.912,0.7894,0.8367,31.79,194.898,353.364,35.214,0.17983,0.09306,0.18877
353.0,355.0,26,0.7514,,0.0,1.0,0.2552,0.9568,136.064,302.787,353.843,59.129,0.17983,0.09306,0.18877
353.0,355.0,12,0.7514,,0.0,1.0,0.1424,0.9542,152.051,317.878,354.175,57.192,0.17983,0.09306,0.18877
353.0,355.0,13,0.7514,,0.0,1.0,0.6843,0.9827,84.936,67.71,174.031,49.86,0.17983,0.09306,0.18877
353.0,355.0,12,0.7514,,0.0,1.0,0.5944,0.9573,143.425,280.474,173.615,64.561,0.17983,0.09306,0.18877
353.0,355.0,14,0.7514,,0.0,1.0,0.465,0.9709,132.023,85.863,353.978,61.827,0.17983,0.09306,0.18877
353.0,355.0,8,0.7514,,0.0,1.0,0.7427,0.9776,148.708,299.381,174.474,67.147,0.17983,0.09306,0.18877
354.0,356.0,5343,0.7378,,0.0,0.904,0.789,0.8434,34.787,197.003,354.368,35.918,0.2211,0.0796,0.20082
354.0,356.0,25,0.7378,,0.0,1.0,0.5557,0.964,169.958,95.882,354.819,66.422,0.2211,0.0796,0.20082
354.0,356.0,13,0.7378,,0.0,1.0,0.4723,0.9856,137.767,89.159,354.924,62.841,0.2211,0.0796,0.20082
354.0,356.0,18,0.7378,,0.0,1.0,0.3002,0.9534,57.689,116.156,175.313,43.065,0.2211,0.0796,0.20082
355.0,357.0,4400,0.7586,,0.0,0.882,0.7588,0.8141,16.533,207.853,355.627,29.302,0.16304,0.0876,0.17752
355.0,357.0,575,0.7586,,0.0,1.0,0.8625,0.8967,137.851,63.794,176.047,63.883,0.16304,0.0876,0.17752
355.0,357.0,8,0.7586,,0.0,1.0,0.2366,0.9591,157.246,122.85,176.161,60.579,0.16304,0.0876,0.17752
355.0,357.0,70,0.7586,,0.0,1.0,0.4557,0.971,67.331,94.489,175.833,44.52,0.16304,0.0876,0.17752
355.0,357.0,8,0.7586,,0.0,1.0,0.6963,0.9186,127.451,291.769,175.731,61.761,0.16304,0.0876,0.17752
355.0,357.0,38,0.7586,DME,0.553,0.447,0.9878,0.9453,58.633,350.264,176.138,36.551,0.16304,0.0876,0.17752
355.0,357.0,8,0.7586,,0.0,1.0,0.9762,0.6651,51.68,342.703,175.67,30.971,0.16304,0.0876,0.17752
355.0,357.0,21,0.7586,,0.0,1.0,0.9589,0.8986,90.525,336.841,175.916,51.342,0.16304,0.0876,0.17752
355.0,357.0,27,0.7586,,0.0,1.0,0.449,0.9751,142.212,83.585,355.816,62.98,0.16304,0.0876,0.17752
355.0,357.0,23,0.7586,,0.0,1.0,0.6879,0.9619,142.402,291.759,175.726,64.694,0.16304,0.0876,0.17752
355.0,357.0,15,0.7586,,0.0,1.0,0.7028,0.9769,111.339,114.496,356.186,58.596,0.16304,0.0876,0.17752
355.0,357.0,8,0.7586,,0.0,1.0,0.5686,0.9238,167.135,275.914,176.242,65.981,0.16304,0.0876,0.17752
355.0,357.0,8,0.7586,,0.0,1.0,0.7507,0.8941,139.244,118.416,355.925,64.286,0.16304,0.0876,0.17752
355.0,357.0,12,0.7586,,0.0,1.0,0.8668,0.8654,46.869,43.516,175.721,31.986,0.16304,0.0876,0.17752
355.0,357.0,17,0.7586,,0.0,1.0,0.7223,0.8585,61.847,66.417,175.88,39.722,0.16304,0.0876,0.17752
356.0,358.0,4400,0.6611,,0.0,0.872,0.7623,0.8057,15.747,208.746,356.923,28.787,0.18543,0.08171,0.15419
356.0,358.0,407,0.6611,,0.0,1.0,0.8937,0.8844,137.067,57.219,176.991,64.551,0.18543,0.08171,0.15419
356.0,358.0,21,0.6611,,0.0,1.0,0.9488,0.8854,112.613,333.666,177.106,59.081,0.18543,0.08171,0.15419
356.0,358.0,24,0.6611,,0.0,1.0,0.7036,0.9885,110.82,114.014,357.164,58.363,0.18543,0.08171,0.15419
356.0,358.0,19,0.6611,,0.0,1.0,0.4752,0.9635,118.035,95.169,176.77,58.099,0.18543,0.08171,0.15419
356.0,358.0,21,0.6611,,0.0,1.0,0.783,0.8768,176.565,75.155,178.399,67.853,0.18543,0.08171,0.15419
356.0,358.0,9,0.6611,,0.0,1.0,0.9512,0.8741,175.518,27.704,177.408,70.462,0.18543,0.08171,0.15419
356.0,358.0,10,0.6611,,0.0,1.0,0.9249,0.905,104.004,147.995,356.818,55.504,0.18543,0.08171,0.15419
356.0,358.0,9,0.6611,,0.0,1.0,0.7338,0.8939,152.551,117.38,357.632,66.614,0.18543,0.08171,0.15419
356.0,358.0,8,0.6611,,0.0,1.0,0.8429,0.8212,117.679,131.967,357.345,59.023,0.18543,0.08171,0.15419
356.0,358.0,32,0.6611,,0.0,1.0,0.3337,0.9429,132.138,112.043,176.73,58.704,0.18543,0.08171,0.15419
356.0,358.0,10,0.6611,,0.0,1.0,0.2763,0.9809,151.977,297.05,357.104,61.709,0.18543,0.08171,0.15419
356.0,358.0,8,0.6611,,0.0,1.0,0.3367,0.9945,159.88,108.439,176.872,63.973,0.18543,0.08171,0.15419
356.0,358.0,9,0.6611,,0.0,1.0,0.2451,0.9816,151.268,122.018,177.1,60.583,0.18543,0.08171,0.15419
356.0,358.0,8,0.6611,,0.0,1.0,0.4446,0.9823,139.319,83.248,356.961,62.277,0.18543,0.08171,0.15419
356.0,358.0,33,0.6611,,0.0,1.0,0.4743,0.99,68.702,92.488,177.101,45.114,0.18543,0.08171,0.15419
356.0,358.0,39,0.6611,DME,0.667,0.333,0.9896,0.9556,58.81,351.36,177.403,36.761,0.18543,0.08171,0.15419
356.0,358.0,16,0.6611,,0.0,1.0,0.6802,0.9593,142.376,290.71,176.757,64.523,0.18543,0.08171,0.15419
357.0,359.0,4998,0.5297,,0.0,0.861,0.7853,0.8131,19.979,204.256,357.565,30.628,0.20325,0.07684,0.17103
357.0,359.0,23,0.5297,,0.0,1.0,0.7036,0.956,110.94,113.081,358.057,58.09,0.20325,0.07684,0.17103
357.0,359.0,9,0.5297,,0.0,1.0,0.9832,0.778,169.745,346.602,178.262,69.191,0.20325,0.07684,0.17103
357.0,359.0,50,0.5297,DME,0.58,0.42,0.9909,0.953,59.021,351.642,177.941,36.947,0.20325,0.07684,0.17103
357.0,359.0,16,0.5297,,0.0,1.0,0.2533,0.9743,155.057,120.501,178.175,61.154,0.20325,0.07684,0.17103
357.0,359.0,12,0.5297,,0.0,1.0,0.2878,0.9586,128.055,119.305,177.795,57.955,0.20325,0.07684,0.17103
357.0,359.0,18,0.5297,,0.0,1.0,0.4789,0.9803,67.234,92.489,177.711,44.661,0.20325,0.07684,0.17103
357.0,359.0,8,0.5297,,0.0,1.0,0.0345,0.977,15.239,163.141,177.956,40.415,0.20325,0.07684,0.17103
357.0,359.0,23,0.5297,,0.0,1.0,0.7338,0.9375,149.444,116.752,358.174,66.617,0.20325,0.07684,0.17103
357.0,359.0,8,0.5297,,0.0,1.0,0.3283,0.9497,107.185,291.427,358.106,54.997,0.20325,0.07684,0.17103
357.0,359.0,11,0.5297,,0.0,1.0,0.4489,0.9555,88.953,278.456,358.071,50.141,0.20325,0.07684,0.17103
357.0,359.0,8,0.5297,,0.0,1.0,0.482,0.988,129.86,87.923,358.149,60.835,0.20325,0.07684,0.17103
357.0,359.0,8,0.5297,,0.0,1.0,0.5862,0.963,143.838,278.937,177.776,64.627,0.20325,0.07684,0.17103
358.0,360.0,5427,0.484,,0.0,0.875,0.7707,0.8268,25.289,201.93,358.375,33.794,0.19032,0.1044,0.19564
358.0,360.0,44,0.484,,0.0,1.0,0.7452,0.9246,151.435,297.945,179.196,65.847,0.19032,0.1044,0.19564
358.0,360.0,9,0.484,,0.0,1.0,0.7019,0.9101,72.733,111.967,358.603,44.458,0.19032,0.1044,0.19564
358.0,360.0,46,0.484,DME,0.826,0.174,0.9917,0.9619,58.546,352.63,179.171,36.488,0.19032,0.1044,0.19564
358.0,360.0,25,0.484,,0.0,1.0,0.4447,0.9715,128.662,82.925,359.063,59.813,0.19032,0.1044,0.19564
358.0,360.0,9,0.484,,0.0,1.0,0.5668,0.9573,147.6,276.143,179.165,64.498,0.19032,0.1044,0.19564
358.0,360.0,43,0.484,,0.0,1.0,0.4832,0.9693,68.008,93.419,179.115,44.884,0.19032,0.1044,0.19564
358.0,360.0,8,0.484,,0.0,1.0,0.3866,0.9589,60.563,75.988,358.183,42.161,0.19032,0.1044,0.19564
358.0,360.0,8,0.484,,0.0,1.0,0.2709,0.973,163.981,62.728,359.223,61.744,0.19032,0.1044,0.19564
358.0,360.0,12,0.484,,0.0,1.0,0.8049,0.9437,59.471,52.735,178.891,37.968,0.19032,0.1044,0.19564
359.0,361.0,4314,0.5081,,0.0,0.861,0.7346,0.8146,15.732,207.525,180.112,29.464,0.22542,0.08145,0.16332
359.0,361.0,628,0.5081,,0.0,1.0,0.8812,0.8965,134.792,57.829,179.941,63.677,0.22542,0.08145,0.16332
359.0,361.0,65,0.5081,,0.0,1.0,0.7475,0.8968,144.1,298.573,179.898,64.978,0.22542,0.08145,0.16332
359.0,361.0,83,0.5081,DME,0.783,0.217,0.9917,0.9585,58.144,352.151,180.18,36.25,0.22542,0.08145,0.16332
359.0,361.0,54,0.5081,,0.0,1.0,0.4551,0.9718,67.394,95.68,179.858,44.808,0.22542,0.08145,0.16332
359.0,361.0,12,0.5081,,0.0,1.0,0.9933,0.9608,99.697,353.145,180.877,55.047,0.22542,0.08145,0.16332
359.0,361.0,27,0.5081,,0.0,1.0,0.9034,0.9358,103.184,323.382,179.839,55.923,0.22542,0.08145,0.16332
359.0,361.0,8,0.5081,,0.0,1.0,0.9944,0.9105,171.0,4.682,179.836,70.942,0.22542,0.08145,0.16332
359.0,361.0,11,0.5081,,0.0,1.0,0.6692,0.9561,49.248,70.008,180.576,35.671,0.22542,0.08145,0.16332
359.0,361.0,23,0.5081,,0.0,1.0,0.2773,0.9824,154.136,117.676,179.906,61.87,0.22542,0.08145,0.16332
359.0,361.0,12,0.5081,,0.0,1.0,0.8195,0.8069,166.697,128.406,0.932,67.678,0.22542,0.08145,0.16332
359.0,361.0,12,0.5081,,0.0,1.0,0.4268,0.9903,126.327,80.25,359.38,59.838,0.22542,0.08145,0.16332
359.0,361.0,10,0.5081,,0.0,1.0,0.4451,0.9529,154.746,81.24,179.989,63.922,0.22542,0.08145,0.16332
