n_members,n_windows,sol_lon_min,sol_lon_max,best_z,ra,dec,vgeo,sol_lon,q,e,i,peri,node,gmn_code,gmn_code_fraction,sporadic_fraction,iau_established,iau_established_sep,iau_working,iau_working_sep,gathered,n_years_present,n_years_excess,excess_years,median_year_z,max_year_fraction,gathered_sporadic_fraction,lam_sun_centred,beta_ecl,nearest_sporadic_source,sporadic_source_dist_deg
3555,15,124.5,137.0,465.0,306.44,-8.91,21.92,128.45,0.6065,0.7572,7.22,266.05,128.5,CAP,0.776,0.177,CAP,0.29,XCS,3.14,10009,7,7,"2019,2020,2021,2022,2023,2024,2025",808.0,0.364,0.102,178.29,10.01,antihelion,23.8
432,1,253.5,255.5,255.81,105.69,33.32,33.15,254.6,0.1457,0.8821,22.66,325.13,254.59,GEM,0.491,0.299,GEM,5.86,,,10710,8,8,"2018,2019,2020,2021,2022,2023,2024,2025",240.11,0.257,0.126,208.34,10.68,antihelion,13.5
10504,5,256.5,264.5,255.33,108.99,32.99,33.46,257.7,0.1454,0.8847,22.96,324.66,257.69,GEM,0.824,0.109,GEM,3.09,,,78757,8,8,"2018,2019,2020,2021,2022,2023,2024,2025",121.98,0.353,0.035,207.96,10.56,antihelion,13.2
12528,28,33.0,75.5,225.0,333.26,-3.32,64.9,38.6,0.5195,0.9487,164.1,90.13,38.58,ETA,0.908,0.092,ETA,4.07,NPE,7.43,3859,8,8,"2019,2020,2021,2022,2023,2024,2025,2026",336.0,0.321,0.026,294.42,7.47,north_apex,25.1
274,1,258.0,260.0,219.0,100.84,8.13,41.38,258.95,0.188,0.985,34.98,129.05,78.96,MON,0.825,0.175,MON,0.05,CMI,6.55,3794,8,8,"2018,2019,2020,2021,2022,2023,2024,2025",367.0,0.295,0.059,202.31,-14.98,antihelion,15.2
9324,11,121.5,138.5,203.07,336.7,-17.24,40.97,122.62,0.0654,0.9727,28.24,154.04,302.62,SDA,0.844,0.136,SDA,2.92,,,14201,7,7,"2019,2020,2021,2022,2023,2024,2025",153.97,0.457,0.055,209.04,-7.22,antihelion,11.6
302,1,118.5,120.5,179.03,334.54,-18.33,40.75,119.7,0.0643,0.9711,29.87,155.35,299.7,SDA,0.53,0.397,SDA,2.08,,,5955,7,7,"2019,2020,2021,2022,2023,2024,2025",239.0,0.556,0.09,209.61,-7.06,antihelion,11.9
1407,4,255.0,260.0,167.85,127.36,2.12,58.46,258.82,0.243,0.9829,127.91,121.52,78.82,HYD,0.972,0.028,HYD,0.41,,,4612,7,7,"2019,2020,2021,2022,2023,2024,2025",477.5,0.274,0.042,230.5,-16.4,antihelion,34.4
637,7,43.5,51.5,166.0,290.18,43.53,44.1,49.29,0.9992,0.9543,74.6,191.77,49.29,ELY,0.865,0.135,ELY,0.24,RLY,6.45,1135,8,7,"2020,2021,2022,2023,2024,2025,2026",74.03,0.274,0.022,256.01,64.51,north_toroidal,7.9
334,2,238.5,242.0,152.0,86.54,15.65,43.14,240.97,0.0944,0.9908,25.48,144.99,60.97,NOO,0.705,0.242,NOO,3.53,,,2286,7,7,"2019,2020,2021,2022,2023,2024,2025",282.0,0.29,0.042,205.1,-7.76,antihelion,9.3
301,4,121.5,128.0,141.0,280.02,50.6,27.48,125.56,0.9778,0.9719,40.21,202.31,125.57,GDR,0.983,0.017,GDR,0.12,,,930,7,7,"2019,2020,2021,2022,2023,2024,2025",103.0,0.327,0.053,167.27,73.27,north_toroidal,42.8
3481,21,210.0,239.0,139.26,152.79,22.61,69.96,233.45,0.9814,0.8568,161.42,169.54,233.46,LEO,0.917,0.083,LEO,0.56,,,4543,7,7,"2019,2020,2021,2022,2023,2024,2025",145.4,0.318,0.04,272.41,10.34,north_apex,5.2
361,3,283.5,288.5,119.0,128.18,-8.73,42.85,286.15,0.2948,0.969,56.34,114.95,106.15,AHY,0.678,0.289,AHY,0.34,,,774,7,7,"2020,2021,2022,2023,2024,2025,2026",62.5,0.362,0.079,207.22,-26.29,antihelion,27.2
573,1,208.5,210.5,117.43,42.32,12.46,28.39,209.48,0.3254,0.8306,5.11,121.77,29.86,STA,0.403,0.415,STA,2.74,XAR,2.58,6422,7,7,"2019,2020,2021,2022,2023,2024,2025",123.52,0.359,0.14,194.28,-4.47,antihelion,7.3
303,2,142.5,146.0,113.0,348.77,2.79,38.14,143.39,0.101,0.9513,20.76,328.33,143.39,NDA,0.693,0.307,NDA,1.27,NCQ,6.97,1817,7,7,"2019,2020,2021,2022,2023,2024,2025",136.0,0.319,0.156,207.98,7.07,antihelion,10.6
472,2,220.5,224.0,111.95,107.76,15.59,64.81,222.74,0.4841,0.9209,164.73,93.41,42.74,ORI,0.437,0.521,,,LGM,2.12,1742,7,7,"2019,2020,2021,2022,2023,2024,2025",103.66,0.211,0.283,244.51,-6.84,south_apex,26.3
292,2,142.5,146.0,111.0,354.61,-11.42,37.69,143.22,0.1114,0.9479,23.73,147.66,323.21,AOA,0.478,0.275,,,AIC,2.82,1725,7,7,"2019,2020,2021,2022,2023,2024,2025",104.0,0.329,0.184,207.83,-8.61,antihelion,11.6
11515,10,204.0,218.0,110.96,92.77,15.49,66.07,205.28,0.5913,0.9236,163.41,81.03,25.28,ORI,0.848,0.122,ORI,1.86,XGM,4.88,15196,7,7,"2019,2020,2021,2022,2023,2024,2025",212.01,0.277,0.018,246.83,-7.73,south_apex,23.9
92,1,258.0,260.0,86.0,138.21,-50.8,41.36,258.89,0.9831,0.5964,73.74,346.84,78.89,EVE,0.739,0.261,,,LVL,3.37,727,6,6,"2020,2021,2022,2023,2024,2025",19.0,0.352,0.453,277.43,-61.1,south_apex,46.5
3022,2,30.0,33.5,83.03,271.18,33.64,46.43,31.54,0.9189,0.958,78.79,214.49,31.54,LYR,0.835,0.148,LYR,0.57,,,8875,8,8,"2019,2020,2021,2022,2023,2024,2025,2026",107.12,0.326,0.094,240.92,56.76,north_toroidal,15.6
102,1,280.5,282.5,81.0,125.74,-7.83,43.76,281.6,0.2835,0.9702,59.18,116.66,101.6,AHY,0.657,0.265,AHY,0.17,,,796,8,8,"2019,2020,2021,2022,2023,2024,2025,2026",41.0,0.396,0.078,208.45,-26.18,antihelion,27.4
582,9,202.5,216.5,80.0,159.15,37.06,61.25,208.2,0.6156,0.9551,124.85,102.58,208.2,LMI,0.93,0.07,LMI,0.29,,,1355,7,7,"2019,2020,2021,2022,2023,2024,2025",196.0,0.311,0.03,297.98,26.17,north_apex,28.5
2347,1,282.0,284.0,76.55,229.51,49.38,40.63,283.02,0.979,0.6421,71.26,171.32,283.02,QUA,0.987,0.013,QUA,0.34,BBO,3.23,10787,8,7,"2020,2021,2022,2023,2024,2025,2026",116.01,0.34,0.049,277.15,63.52,north_toroidal,4.9
107,2,81.0,84.5,76.0,294.89,-8.2,38.83,83.43,0.1061,0.9316,42.57,329.81,83.44,NZC,0.366,0.538,NZC,3.08,,,565,8,8,"2019,2020,2021,2022,2023,2024,2025,2026",53.5,0.296,0.327,210.73,11.9,antihelion,16.0
274,2,141.0,144.5,75.57,276.11,53.76,21.22,143.39,1.0,0.661,32.81,194.41,143.4,AUD,0.267,0.569,KCG,1.27,,,1705,7,7,"2019,2020,2021,2022,2023,2024,2025",93.37,0.236,0.351,143.72,78.34,north_toroidal,48.5
20251,15,123.0,146.0,72.83,55.91,58.99,58.62,144.84,0.9403,0.9119,112.89,148.19,144.84,PER,0.682,0.318,PER,4.12,,,23282,7,7,"2019,2020,2021,2022,2023,2024,2025",97.88,0.268,0.02,283.7,38.23,north_toroidal,23.5
296,7,228.0,237.5,72.0,82.57,15.5,42.9,236.4,0.0865,0.9881,27.47,146.45,56.41,NOO,0.4,0.489,NOO,7.35,,,1082,7,7,"2019,2020,2021,2022,2023,2024,2025",169.0,0.274,0.174,205.88,-7.67,antihelion,9.7
805,13,120.0,138.5,71.0,38.95,-13.78,64.06,131.46,0.9515,0.9247,132.31,29.57,311.47,ERI,0.82,0.18,ERI,2.43,SCE,7.48,1178,7,7,"2019,2020,2021,2022,2023,2024,2025",105.0,0.387,0.071,260.16,-27.56,south_apex,15.5
266,5,220.5,228.5,70.96,144.5,45.6,65.14,222.87,0.988,0.9525,129.45,186.91,222.87,KUM,0.828,0.172,KUM,0.81,,,409,7,7,"2019,2020,2021,2022,2023,2024,2025",65.0,0.225,0.083,267.99,29.63,north_apex,14.8
547,11,111.0,123.5,69.0,60.68,-43.13,44.69,119.7,1.0056,0.8835,77.52,347.3,299.7,PHE,0.471,0.529,,,ACD,7.8,268,4,4,"2022,2023,2024,2025",4.0,0.627,0.075,282.61,-61.59,south_apex,47.6
290,5,289.5,297.5,66.0,130.87,-9.94,42.52,290.62,0.3118,0.9709,54.67,112.58,110.62,AHY,0.349,0.614,AHY,2.69,,,580,7,7,"2020,2021,2022,2023,2024,2025,2026",43.0,0.272,0.428,206.06,-26.62,antihelion,27.3
76,1,198.0,200.0,63.0,103.48,-58.22,29.02,199.14,0.9929,0.677,48.06,343.93,19.14,CRN,0.132,0.776,,,CRN,1.23,159,4,4,"2022,2023,2024,2025",5.0,0.44,0.572,318.74,-78.73,south_apex,71.9
107,1,192.0,194.0,62.01,167.95,78.52,46.05,192.6,0.9908,0.9588,78.06,169.0,192.6,OCT,0.897,0.075,OCT,0.08,OSD,7.94,198,6,6,"2019,2021,2022,2023,2024,2025",26.0,0.328,0.025,281.78,61.96,north_toroidal,6.0
77,1,93.0,95.0,62.0,309.3,-29.77,39.32,94.12,0.0959,0.9523,36.53,149.84,274.11,SZC,0.481,0.519,SZC,7.73,MIC,4.32,665,7,7,"2020,2021,2022,2023,2024,2025,2026",53.5,0.334,0.32,209.66,-10.53,antihelion,14.3
145,2,256.5,260.0,61.0,153.04,34.56,62.74,259.0,0.5706,0.9454,133.18,261.7,259.0,COM,0.947,0.053,COM,6.31,DLM,3.15,1372,7,7,"2019,2020,2021,2022,2023,2024,2025",191.0,0.281,0.039,243.28,21.66,north_apex,26.2
229,7,0.0,360.5,61.0,69.69,-78.07,36.41,0.77,0.9905,0.9516,58.02,351.21,180.76,DME,0.75,0.25,,,DME,1.36,281,5,5,"2022,2023,2024,2025,2026",11.0,0.324,0.085,283.12,-76.83,south_apex,62.5
174,3,267.0,272.0,59.0,118.36,-7.46,43.93,270.93,0.3017,0.9577,63.68,114.89,90.93,GCM,0.459,0.527,AHY,4.36,DCM,5.15,306,7,7,"2019,2020,2021,2022,2023,2024,2025",22.5,0.369,0.314,210.74,-27.74,antihelion,29.6
65,1,268.5,270.5,58.0,119.79,27.61,38.01,269.51,0.111,0.9411,18.63,325.45,269.44,JLL,0.338,0.662,GEM,6.99,PGE,4.81,347,7,7,"2019,2020,2021,2022,2023,2024,2025",14.77,0.288,0.418,208.11,8.52,antihelion,11.7
137,3,48.0,53.0,58.0,311.17,27.52,56.23,51.94,1.0051,0.8858,105.7,173.67,51.94,MUC,0.286,0.714,,,MUC,5.45,120,7,7,"2020,2021,2022,2023,2024,2025,2026",13.0,0.367,0.175,272.78,43.51,north_toroidal,16.6
196,5,132.0,138.5,57.0,275.42,46.39,19.32,134.53,0.983,0.6735,28.96,202.53,134.54,AUD,0.303,0.545,AUD,4.24,,,1091,7,7,"2019,2020,2021,2022,2023,2024,2025",27.59,0.297,0.334,147.62,70.02,north_toroidal,52.7
455,10,108.0,123.5,54.0,32.85,7.72,68.5,108.68,0.8286,0.9322,169.98,307.9,288.7,JXA,0.75,0.25,JXA,2.58,SJA,4.6,281,7,7,"2019,2020,2021,2022,2023,2024,2025",27.0,0.384,0.018,284.5,-5.01,south_apex,17.4
163,2,202.5,206.0,53.97,146.79,63.84,55.24,203.14,0.9764,0.9182,100.17,163.5,203.14,OCU,0.624,0.353,OCU,0.39,,,570,7,7,"2019,2020,2021,2022,2023,2024,2025",79.0,0.277,0.03,279.06,46.62,north_toroidal,14.4
130,4,75.0,81.5,52.0,304.1,-32.9,35.98,80.77,0.0748,0.9272,45.7,157.85,260.77,,0.0,1.0,SZC,0.51,JTT,0.25,196,7,7,"2020,2021,2022,2023,2024,2025,2026",14.0,0.413,1.0,218.72,-13.58,antihelion,23.0
167,2,142.5,146.0,49.75,50.27,-9.01,64.25,144.69,0.9467,0.9111,133.77,30.45,324.69,ERI,0.27,0.73,ERI,5.3,EER,6.23,564,7,7,"2019,2020,2021,2022,2023,2024,2025",41.0,0.392,0.266,260.0,-26.98,south_apex,15.2
127,2,88.5,92.0,49.34,10.07,5.49,69.46,90.91,0.9137,0.9314,178.02,142.71,90.79,DPI,0.894,0.106,,,DPI,0.13,252,7,7,"2020,2021,2022,2023,2024,2025,2026",15.0,0.623,0.02,280.45,0.97,north_apex,17.4
160,5,211.5,219.5,49.0,159.32,49.44,60.01,215.15,0.9157,0.9396,113.82,147.08,215.16,LUM,0.806,0.194,LUM,0.47,,,297,7,7,"2019,2020,2021,2022,2023,2024,2025",35.0,0.303,0.064,284.3,36.82,north_toroidal,25.1
148,1,276.0,278.0,48.46,122.41,-7.59,43.96,277.01,0.2913,0.9671,60.96,115.78,97.01,GCM,0.23,0.534,AHY,1.61,DCM,7.03,625,8,8,"2019,2020,2021,2022,2023,2024,2025,2026",16.0,0.402,0.296,209.68,-26.74,antihelion,28.4
22,1,4.5,6.5,47.11,215.11,-8.82,41.7,5.16,0.0513,0.9738,22.71,336.75,5.43,AAL,0.682,0.318,,,KVI,7.08,121,7,7,"2020,2021,2022,2023,2024,2025,2026",15.0,0.314,0.273,210.98,5.66,antihelion,12.3
162,6,129.0,137.0,46.0,341.25,-1.16,39.19,133.45,0.0773,0.9624,22.74,332.35,133.46,NDA,0.82,0.18,NDA,4.04,,,1166,7,7,"2019,2020,2021,2022,2023,2024,2025",37.8,0.348,0.21,208.65,6.5,antihelion,10.8
57,1,262.5,264.5,45.0,103.78,7.24,40.64,263.31,0.2105,0.9849,33.85,125.59,83.31,MON,1.0,0.0,MON,0.9,CMI,6.7,2773,7,7,"2019,2020,2021,2022,2023,2024,2025",292.5,0.349,0.116,201.42,-15.24,antihelion,15.3
574,13,204.0,221.0,45.0,103.9,27.51,68.84,208.28,0.7655,0.9388,170.96,238.45,208.29,EGE,0.912,0.088,EGE,0.9,,,622,7,7,"2019,2020,2021,2022,2023,2024,2025",111.0,0.289,0.006,253.84,4.69,north_apex,19.0
366,14,214.5,234.5,45.0,128.39,-6.78,65.53,232.0,0.9189,0.8556,136.39,32.76,52.0,NHD,0.333,0.667,,,NHD,1.9,130,6,6,"2020,2021,2022,2023,2024,2025",4.93,0.4,0.454,260.05,-24.37,south_apex,13.2
130,4,85.5,90.5,44.0,304.53,-30.43,40.17,89.94,0.089,0.9563,38.27,150.76,269.93,SZC,0.509,0.491,SZC,2.38,JTT,2.47,330,7,7,"2020,2021,2022,2023,2024,2025,2026",20.0,0.397,0.467,210.5,-10.62,antihelion,14.9
62,2,285.0,288.5,43.0,137.63,8.8,45.57,287.75,0.0539,0.9905,33.77,154.01,107.76,KCA,0.549,0.137,,,KCA,0.2,178,7,7,"2020,2021,2022,2023,2024,2025,2026",19.0,0.287,0.124,209.25,-7.43,antihelion,11.8
264,1,90.0,92.0,42.97,7.78,19.3,66.45,91.04,0.8512,0.9087,153.27,130.95,91.03,PPS,0.492,0.508,PPS,5.49,,,1158,8,8,"2019,2020,2021,2022,2023,2024,2025,2026",47.7,0.472,0.256,283.84,14.96,north_apex,13.4
183,5,264.0,272.0,42.0,192.71,-11.12,68.65,264.97,0.642,0.9717,169.56,287.11,84.97,XVI,0.962,0.038,XVI,1.43,,,363,7,7,"2019,2020,2021,2022,2023,2024,2025",36.0,0.347,0.006,290.83,-5.21,south_apex,22.7
127,5,75.0,80.0,42.0,288.39,-10.01,39.75,77.7,0.1132,0.9471,42.13,330.4,77.71,EAU,0.08,0.92,,,,,215,8,8,"2019,2020,2021,2022,2023,2024,2025,2026",16.5,0.335,0.679,210.49,11.52,antihelion,15.5
103,2,294.0,297.5,41.89,169.12,33.74,40.45,296.72,0.2287,0.8323,67.51,313.21,296.72,XUM,0.699,0.301,XUM,0.75,,,667,7,7,"2020,2021,2022,2023,2024,2025,2026",81.0,0.321,0.126,218.18,25.83,antihelion,31.3
75,3,49.5,53.0,41.0,280.71,21.72,49.87,52.14,0.7169,0.964,88.04,245.93,52.14,OTH,0.49,0.51,,,OTH,0.19,94,7,7,"2020,2021,2022,2023,2024,2025,2026",10.5,0.309,0.085,232.46,44.4,north_toroidal,27.8
42,1,123.0,125.0,41.0,242.04,37.7,13.51,124.16,1.0141,0.6378,17.24,184.57,124.18,,0.0,1.0,,,,,246,6,6,"2020,2021,2022,2023,2024,2025",26.0,0.386,1.0,96.76,56.82,north_toroidal,90.8
46,1,355.5,357.5,41.0,232.61,-29.87,63.29,356.51,0.4239,0.9286,155.62,101.21,176.51,,0.0,1.0,,,,,32,4,4,"2023,2024,2025,2026",1.5,0.344,1.0,242.68,-10.08,south_apex,27.1
77,2,219.0,222.5,41.0,161.17,68.18,48.98,221.38,0.9849,0.7408,88.16,190.44,221.39,SLD,0.769,0.212,SLD,0.05,,,219,7,7,"2019,2020,2021,2022,2023,2024,2025",37.0,0.224,0.064,265.06,53.54,north_toroidal,7.0
27,1,283.5,285.5,40.4,135.33,21.86,38.8,284.7,0.0928,0.9525,13.58,328.72,284.7,JKL,0.407,0.593,,,JLL,4.24,112,7,7,"2020,2021,2022,2023,2024,2025,2026",11.0,0.25,0.429,206.48,5.17,antihelion,8.3
50,1,105.0,107.0,40.0,30.42,8.13,68.73,105.91,0.8256,0.9665,172.87,307.36,285.81,JXA,0.76,0.24,JXA,4.65,SJA,6.64,304,7,7,"2019,2020,2021,2022,2023,2024,2025",34.0,0.454,0.016,285.28,-4.44,south_apex,18.4
211,5,48.0,54.5,39.0,300.49,-33.73,64.53,52.42,0.5447,0.9623,151.64,87.02,232.42,OMC,0.816,0.184,,,TTS,0.85,408,7,7,"2020,2021,2022,2023,2024,2025,2026",23.0,0.395,0.029,243.37,-12.99,south_apex,25.9
233,8,73.5,86.0,39.0,45.14,24.62,41.5,78.95,0.0667,0.9758,29.95,26.7,78.96,ARI,0.857,0.0,ARI,0.66,JEA,2.44,316,8,8,"2019,2020,2021,2022,2023,2024,2025,2026",28.5,0.25,0.019,330.42,7.27,helion,12.0
92,2,292.5,296.0,39.0,187.05,-62.18,50.92,295.21,0.9252,0.9215,89.72,330.83,115.21,TCD,0.327,0.673,,,ACR,2.42,83,4,4,"2023,2024,2025,2026",3.0,0.361,0.542,288.53,-53.08,south_apex,41.1
15,1,286.5,288.5,39.0,134.37,8.38,38.2,287.2,0.1111,0.9465,20.41,145.82,107.21,OLE,0.2,0.8,,,,,140,7,7,"2020,2021,2022,2023,2024,2025,2026",12.5,0.329,0.55,206.94,-7.31,antihelion,10.1
535,14,61.5,81.5,39.0,355.31,46.69,50.38,71.7,0.7132,0.97,89.5,113.28,71.7,PAN,0.98,0.02,,,PAN,0.13,101,6,6,"2021,2022,2023,2024,2025,2026",14.5,0.208,0.069,307.45,43.64,north_toroidal,28.3
102,2,241.5,245.0,37.1,95.29,34.37,33.5,243.87,0.1372,0.8874,24.27,327.42,243.87,THA,0.43,0.57,THA,0.48,,,868,7,7,"2019,2020,2021,2022,2023,2024,2025",59.35,0.29,0.332,210.1,11.14,antihelion,15.0
86,2,76.5,80.0,37.0,320.91,-34.65,57.08,79.05,0.325,0.941,129.15,114.07,259.05,EMC,0.553,0.447,,,EMC,0.98,69,5,5,"2022,2023,2024,2025,2026",5.0,0.449,0.174,233.38,-18.12,south_apex,35.2
278,12,0.0,360.5,37.0,196.35,-46.18,44.96,2.61,0.4656,0.9744,67.51,95.19,182.61,,0.0,1.0,,,,,143,5,5,"2022,2023,2024,2025,2026",6.5,0.385,1.0,209.55,-35.59,antihelion,36.7
47,1,109.5,111.5,37.0,21.13,-20.69,64.14,110.46,0.957,0.9353,132.35,28.08,290.46,,0.0,1.0,,,TCT,7.02,123,5,5,"2021,2022,2023,2024,2025",4.0,0.407,1.0,259.22,-27.26,south_apex,15.9
47,1,73.5,75.5,37.0,312.21,-6.82,61.71,74.67,0.3705,0.9598,152.02,288.44,74.65,MUA,0.553,0.447,,,,,87,6,6,"2021,2022,2023,2024,2025,2026",10.0,0.276,0.011,237.24,11.14,north_apex,32.1
35,1,208.5,210.5,36.67,342.16,-5.71,10.33,209.81,0.937,0.6246,2.44,202.46,209.02,,0.0,1.0,,,,,418,7,7,"2019,2020,2021,2022,2023,2024,2025",54.0,0.297,1.0,124.55,11.73,antihelion,76.0
38,1,0.0,2.0,36.0,229.9,-29.08,59.59,0.81,0.2642,0.9656,150.19,120.03,180.81,,0.0,1.0,,,,,66,4,4,"2023,2024,2025,2026",3.0,0.379,1.0,230.03,-9.2,antihelion,31.3
190,4,264.0,270.5,36.0,206.54,4.34,66.41,269.44,0.6137,0.9401,149.84,103.11,269.45,DSV,0.778,0.222,DSV,1.56,,,366,7,7,"2019,2020,2021,2022,2023,2024,2025",18.34,0.276,0.014,293.44,14.47,north_apex,22.7
118,3,312.0,317.0,36.0,161.23,-10.76,43.98,316.0,0.1406,0.9634,56.95,138.47,136.0,AAN,0.591,0.409,AAN,1.63,,,183,7,7,"2020,2021,2022,2023,2024,2025,2026",18.0,0.361,0.295,211.05,-17.52,antihelion,20.6
94,5,220.5,228.5,36.0,65.95,26.54,41.85,222.96,0.0959,0.9846,16.1,326.25,222.95,CTA,0.682,0.318,CTA,0.86,,,269,7,7,"2019,2020,2021,2022,2023,2024,2025",40.0,0.268,0.134,205.58,4.7,antihelion,7.3
204,7,91.5,102.5,36.0,27.06,6.77,68.29,101.78,0.7881,0.9459,172.12,302.55,281.82,JXA,0.844,0.156,,,,,272,8,8,"2019,2020,2021,2022,2023,2024,2025,2026",18.5,0.386,0.051,285.81,-4.23,south_apex,18.9
22,1,237.0,239.0,36.0,86.46,34.54,32.3,238.35,0.1409,0.8738,23.35,326.25,238.35,THA,0.318,0.682,THA,2.1,,,288,7,7,"2019,2020,2021,2022,2023,2024,2025",48.0,0.288,0.431,210.79,10.66,antihelion,15.1
44,1,31.5,33.5,35.0,203.9,5.66,18.39,32.38,0.76,0.709,7.79,245.95,32.4,AVB,0.932,0.068,AVB,2.79,SLE,3.33,1204,8,8,"2019,2020,2021,2022,2023,2024,2025,2026",88.0,0.317,0.377,168.07,13.36,antihelion,34.4
59,1,69.0,71.0,34.44,340.12,22.29,63.23,70.03,0.9331,0.907,129.95,146.63,70.03,JMP,0.441,0.559,,,JMP,2.23,39,6,2,"2022,2023",1.23,0.231,0.667,280.91,28.46,north_apex,16.8
87,3,81.0,86.0,34.0,354.16,7.49,69.15,82.03,0.9823,0.9281,164.69,159.15,82.15,JSG,0.317,0.683,,,JSG,6.69,31,6,6,"2021,2022,2023,2024,2025,2026",4.0,0.355,1.0,276.3,7.28,north_apex,9.9
321,15,147.0,170.0,34.0,25.39,-34.48,43.9,149.41,0.5607,0.9295,72.4,86.26,329.41,FCE,0.073,0.927,,,,,30,3,3,"2023,2024,2025",1.0,0.4,1.0,218.28,-40.84,antihelion,44.3
58,2,127.5,131.0,33.0,67.16,-38.18,46.86,130.19,0.9948,0.9038,81.75,343.63,310.19,PHE,0.65,0.35,,,ACD,1.15,355,5,5,"2021,2022,2023,2024,2025",7.0,0.482,0.09,283.42,-58.39,south_apex,44.7
142,2,40.5,44.0,33.0,326.72,50.44,39.68,42.64,0.8411,0.8484,66.36,129.11,42.64,ARC,0.738,0.262,ARC,4.6,MAL,7.86,257,7,7,"2020,2021,2022,2023,2024,2025,2026",23.5,0.436,0.109,311.73,57.01,north_toroidal,22.0
351,11,151.5,168.5,32.2,114.51,38.65,58.12,162.96,0.2915,0.9551,130.18,62.47,162.96,OMG,0.754,0.246,OMG,1.29,APA,6.96,166,7,7,"2019,2020,2021,2022,2023,2024,2025",20.0,0.259,0.024,307.37,17.09,north_apex,36.0
33,1,177.0,179.0,32.2,21.63,15.74,41.93,177.77,0.0742,0.9803,21.78,330.82,177.77,RPI,0.727,0.091,,,RPI,1.62,213,7,7,"2019,2020,2021,2022,2023,2024,2025",18.0,0.408,0.127,206.89,6.53,antihelion,9.5
101,2,19.5,23.0,32.2,308.08,12.04,60.77,20.53,0.7288,0.961,121.58,116.16,20.53,AED,0.821,0.179,,,AED,0.26,276,8,8,"2019,2020,2021,2022,2023,2024,2025,2026",30.5,0.293,0.072,293.42,29.67,north_apex,26.2
113,4,94.5,98.0,32.0,350.97,-44.43,54.78,95.67,0.67,0.9583,102.36,72.02,275.67,,0.0,1.0,,,EGR,7.6,30,4,4,"2023,2024,2025,2026",1.5,0.433,1.0,234.89,-37.14,south_apex,38.5
240,9,343.5,357.5,32.0,177.11,-48.62,43.8,345.92,0.6296,0.9369,69.04,75.04,165.92,,0.0,1.0,,,,,19,3,3,"2024,2025,2026",0.0,0.474,1.0,217.28,-45.49,antihelion,48.2
39,1,295.5,297.5,32.0,149.9,35.77,40.66,296.73,0.2744,0.9714,44.35,298.17,296.73,RLM,0.41,0.59,,,RLM,1.23,180,7,7,"2020,2021,2022,2023,2024,2025,2026",18.5,0.283,0.061,202.61,21.55,antihelion,21.7
16,1,115.5,117.5,31.0,331.25,-18.08,41.52,116.67,0.0553,0.9778,27.11,155.78,296.66,SDA,0.438,0.562,SDA,2.96,,,1258,7,7,"2019,2020,2021,2022,2023,2024,2025",56.0,0.661,0.18,209.84,-6.77,antihelion,11.9
56,2,298.5,302.0,31.0,136.35,-12.18,41.03,299.25,0.3316,0.9677,50.18,110.35,119.25,,0.0,1.0,,,,,164,7,7,"2020,2021,2022,2023,2024,2025,2026",13.0,0.323,1.0,203.69,-26.86,antihelion,27.1
101,4,234.0,240.5,31.0,95.24,-19.04,43.8,239.28,0.5687,0.9239,69.52,84.26,59.28,ACA,0.282,0.436,ACA,0.93,MCB,2.58,166,7,7,"2019,2020,2021,2022,2023,2024,2025",26.0,0.277,0.054,217.2,-42.5,antihelion,45.4
54,1,90.0,92.0,30.71,10.81,39.45,58.87,91.11,0.7217,0.95,116.17,114.36,91.11,UAN,0.056,0.944,,,UAN,2.97,183,7,7,"2020,2021,2022,2023,2024,2025,2026",16.0,0.322,0.683,296.79,32.38,north_apex,30.1
88,3,192.0,197.0,30.71,79.01,-33.21,41.85,196.28,0.8645,0.755,73.34,48.55,16.28,OCO,0.278,0.648,,,OCO,1.45,60,6,6,"2019,2021,2022,2023,2024,2025",7.0,0.35,0.35,235.44,-55.88,south_apex,49.6
10,1,169.5,171.5,30.71,15.33,10.82,38.2,170.7,0.0897,0.9581,10.79,330.12,170.77,ZPI,0.3,0.6,,,ZPI,4.54,137,6,6,"2020,2021,2022,2023,2024,2025",19.0,0.321,0.62,206.69,3.27,antihelion,7.4
57,2,73.5,77.0,30.0,354.1,-27.48,65.44,75.81,1.0013,0.8532,140.27,16.64,255.81,,0.0,1.0,,,GSC,5.28,24,4,4,"2022,2024,2025,2026",1.0,0.417,1.0,264.04,-23.54,south_apex,10.2
112,4,52.5,59.0,30.0,341.35,-31.43,65.68,54.85,0.9863,0.8755,142.54,341.49,234.85,,0.0,1.0,,,GPA,0.52,65,5,5,"2022,2023,2024,2025,2026",5.0,0.369,1.0,275.19,-21.17,south_apex,7.9
162,7,247.5,258.5,30.0,185.14,-7.55,67.58,254.26,0.5753,0.9635,169.76,278.73,74.25,XVI,0.711,0.289,XVI,1.68,NEV,6.15,275,7,7,"2019,2020,2021,2022,2023,2024,2025",11.42,0.327,0.022,293.32,-4.75,south_apex,25.2
26,2,169.5,173.0,30.0,16.73,15.31,42.76,172.13,0.064,0.9832,30.57,332.53,172.14,RPI,0.75,0.25,,,SAR,2.45,138,6,6,"2020,2021,2022,2023,2024,2025",13.0,0.326,0.275,210.04,7.42,antihelion,12.5
257,11,216.0,233.0,30.0,121.57,-24.94,56.84,222.88,0.9888,0.901,104.91,8.5,42.88,RPU,0.842,0.158,RPU,1.71,,,136,7,7,"2019,2020,2021,2022,2023,2024,2025",11.0,0.294,0.066,266.88,-43.99,south_apex,29.1
66,2,195.0,198.5,29.22,66.92,-5.87,54.27,196.15,0.3706,0.9791,103.26,105.35,16.15,XIE,0.882,0.118,,,XIE,0.33,160,7,7,"2019,2020,2021,2022,2023,2024,2025",12.0,0.412,0.019,227.75,-27.17,antihelion,38.3
102,4,93.0,99.5,29.22,339.62,-16.14,61.67,97.34,0.3306,0.949,161.0,113.96,277.39,ADS,0.196,0.804,,,TAQ,4.74,74,6,6,"2020,2022,2023,2024,2025,2026",6.0,0.351,0.486,237.67,-7.12,south_apex,32.7
43,1,142.5,144.5,29.22,273.4,12.88,10.78,143.36,0.9725,0.645,9.06,202.41,143.41,,0.0,1.0,,,,,220,7,7,"2019,2020,2021,2022,2023,2024,2025",4.47,0.359,1.0,128.39,33.79,antihelion,76.4
24,1,216.0,218.0,29.0,60.25,26.02,42.77,217.26,0.0817,0.9867,19.79,329.17,217.26,CTA,0.833,0.167,CTA,2.48,ETT,4.9,263,7,7,"2019,2020,2021,2022,2023,2024,2025",35.0,0.27,0.228,206.77,5.35,antihelion,8.6
111,5,303.0,311.0,29.0,155.65,-8.95,43.89,309.91,0.1387,0.9596,58.2,138.68,129.91,AAN,0.757,0.243,AAN,1.57,,,156,7,7,"2020,2021,2022,2023,2024,2025,2026",21.5,0.359,0.09,211.81,-17.38,antihelion,20.9
72,4,91.5,98.0,29.0,7.58,-32.54,59.31,95.58,0.9223,0.8389,119.82,38.34,275.58,,0.0,1.0,,,,,18,4,4,"2023,2024,2025,2026",1.5,0.5,1.0,256.89,-31.61,south_apex,20.5
36,1,351.0,353.0,29.0,64.87,-77.71,30.6,352.16,0.9795,0.6577,51.11,344.33,172.16,BTU,0.778,0.222,,,BTU,0.68,62,4,4,"2023,2024,2025,2026",1.0,0.468,0.419,301.29,-76.57,south_apex,65.3
36,1,141.0,143.0,29.0,286.72,50.42,22.41,142.06,0.9722,0.7223,34.07,205.43,142.06,KCG,0.944,0.056,KCG,0.99,FDR,6.42,1054,7,7,"2019,2020,2021,2022,2023,2024,2025",46.0,0.766,0.304,162.05,71.93,north_toroidal,45.6
37,1,136.5,138.5,29.0,311.27,-6.36,20.1,137.49,0.6668,0.7337,7.16,259.59,137.52,EQA,0.73,0.27,CAP,4.04,EQA,0.47,2113,7,7,"2019,2020,2021,2022,2023,2024,2025",197.0,0.382,0.315,175.73,10.84,antihelion,26.5
33,1,277.5,279.5,29.0,133.67,23.75,41.13,278.79,0.0612,0.9712,26.01,335.51,278.78,JKL,0.333,0.636,,,JLL,1.85,162,8,8,"2019,2020,2021,2022,2023,2024,2025,2026",8.0,0.414,0.481,211.7,6.6,antihelion,13.4
37,1,163.5,165.5,29.0,355.99,36.47,42.12,164.52,0.4145,0.9481,62.66,281.54,164.52,OAN,0.054,0.946,,,,,68,6,6,"2019,2021,2022,2023,2024,2025",12.0,0.265,1.0,209.62,34.03,antihelion,35.3
36,1,198.0,200.0,29.0,166.65,68.68,48.16,198.91,0.9561,0.9143,83.22,155.79,198.92,OSD,0.222,0.778,,,OSD,5.85,21,5,5,"2020,2021,2023,2024,2025",3.0,0.286,0.952,287.65,54.92,north_toroidal,10.8
105,3,216.0,221.0,29.0,128.22,55.88,59.21,220.25,0.8913,0.8887,116.12,217.68,220.25,,0.0,1.0,,,IUM,7.23,74,6,6,"2019,2021,2022,2023,2024,2025",10.0,0.23,1.0,255.82,36.09,north_apex,24.7
50,1,280.5,282.5,28.47,216.91,2.12,66.34,281.6,0.6388,0.9388,147.84,106.34,281.6,DSV,0.8,0.2,DSV,5.89,JPV,3.41,263,7,7,"2020,2021,2022,2023,2024,2025,2026",25.0,0.369,0.004,292.12,15.81,north_apex,21.3
156,3,9.0,14.0,28.33,307.67,-60.42,58.35,9.93,0.9295,0.9368,109.94,328.94,189.93,DPA,0.737,0.263,,,DPA,0.8,172,4,4,"2023,2024,2025,2026",6.0,0.366,0.081,283.35,-40.0,south_apex,27.7
12,1,18.0,20.0,28.14,225.98,-16.14,41.46,18.73,0.0547,0.9753,8.34,336.09,19.24,AAL,0.417,0.583,,,,,92,7,7,"2020,2021,2022,2023,2024,2025,2026",5.0,0.315,0.717,208.77,2.37,antihelion,9.1
112,3,121.5,126.5,28.0,328.51,0.49,36.31,124.0,0.1448,0.921,32.33,321.88,124.0,NZC,0.829,0.171,,,,,511,7,7,"2019,2020,2021,2022,2023,2024,2025",55.0,0.46,0.106,207.07,12.67,antihelion,14.5
89,3,105.0,108.5,28.0,10.62,-12.82,66.23,106.18,0.8833,0.8802,152.17,44.03,286.19,,0.0,1.0,,,,,24,4,4,"2022,2023,2024,2025",2.0,0.417,1.0,256.77,-16.24,south_apex,12.8
65,2,142.5,146.0,27.73,30.64,68.95,52.03,144.99,1.0083,0.9136,94.62,172.6,144.99,FTC,0.531,0.469,,,FTC,0.99,150,7,7,"2019,2020,2021,2022,2023,2024,2025",14.0,0.333,0.087,274.92,51.16,north_toroidal,9.3
86,3,268.5,272.0,27.73,119.01,12.25,38.89,271.03,0.1073,0.9521,25.42,146.03,91.03,OLE,0.312,0.396,,,CMI,2.31,257,7,7,"2019,2020,2021,2022,2023,2024,2025",23.0,0.319,0.132,207.95,-9.03,antihelion,12.0
66,1,238.5,240.5,27.09,150.56,58.62,55.12,239.71,0.8547,0.9245,99.9,224.38,239.72,NSU,0.106,0.894,,,NSU,0.54,120,7,7,"2019,2020,2021,2022,2023,2024,2025",23.0,0.258,0.483,246.76,43.82,north_toroidal,21.6
181,9,9.0,23.0,27.0,241.05,1.11,56.42,11.52,0.288,0.9907,112.44,295.76,11.51,ALO,0.765,0.235,,,ALO,3.55,124,6,6,"2021,2022,2023,2024,2025,2026",13.0,0.347,0.081,226.74,21.64,antihelion,34.0
34,1,252.0,254.0,27.0,113.92,-31.26,46.68,253.34,0.7974,0.9503,77.73,52.47,73.34,,0.0,1.0,,,,,42,5,5,"2021,2022,2023,2024,2025",3.0,0.381,1.0,230.19,-53.09,south_apex,50.4
96,5,85.5,92.0,26.98,332.7,-22.35,61.77,87.65,0.3912,0.9406,154.46,106.14,267.66,ADS,0.333,0.667,,,ADS,3.98,43,5,1,2026,0.55,0.488,0.605,239.09,-10.78,south_apex,30.4
45,1,336.0,338.0,26.98,207.26,-23.6,61.95,337.02,0.3137,0.951,148.73,113.08,157.02,,0.0,1.0,,,,,83,6,6,"2021,2022,2023,2024,2025,2026",5.0,0.446,1.0,236.21,-10.98,south_apex,33.2
46,1,121.5,123.5,26.24,358.13,14.72,63.21,122.41,0.5249,0.9321,149.31,269.54,122.4,JPE,0.935,0.065,JPE,0.69,AGP,4.92,321,6,6,"2020,2021,2022,2023,2024,2025",41.0,0.383,0.0,243.14,13.49,north_apex,26.1
47,1,283.5,285.5,26.24,165.56,-60.67,48.22,284.79,0.9679,0.9366,82.42,345.13,104.79,TCD,0.404,0.596,,,TCD,4.62,135,4,4,"2023,2024,2025,2026",1.0,0.4,0.156,281.66,-57.57,south_apex,43.6
76,2,283.5,287.0,26.24,220.4,1.57,66.35,285.98,0.6588,0.9533,147.06,108.68,285.98,DSV,0.826,0.174,,,JPV,0.93,266,7,7,"2020,2021,2022,2023,2024,2025,2026",30.5,0.282,0.011,291.34,16.45,north_apex,20.6
60,2,78.0,81.5,26.0,342.4,-48.07,57.06,79.33,0.7831,0.9586,108.73,57.79,259.33,,0.0,1.0,,,EGR,3.32,52,4,4,"2023,2024,2025,2026",2.5,0.442,1.0,245.43,-37.18,south_apex,31.3
52,3,339.0,344.0,26.0,179.32,-19.66,43.59,341.44,0.2126,0.9792,48.13,127.46,161.44,,0.0,1.0,,,,,82,5,5,"2022,2023,2024,2025,2026",5.5,0.427,1.0,205.92,-19.22,antihelion,20.1
25,1,327.0,329.0,26.0,182.63,19.55,42.37,328.08,0.194,0.968,46.36,309.25,328.08,,0.0,1.0,,,,,45,6,6,"2020,2021,2023,2024,2025,2026",3.5,0.311,1.0,204.83,18.16,antihelion,18.8
43,2,204.0,207.5,26.0,135.52,29.36,67.41,204.94,0.8238,0.8341,157.07,128.39,204.95,TCA,0.939,0.061,TCA,0.39,PHC,2.87,315,7,7,"2019,2020,2021,2022,2023,2024,2025",43.0,0.289,0.0,284.54,12.0,north_apex,14.5
32,1,48.0,50.0,26.0,255.77,-21.04,39.33,48.72,0.0759,0.9629,6.71,332.17,48.89,,0.0,1.0,,,ASC,1.65,301,8,8,"2019,2020,2021,2022,2023,2024,2025,2026",24.0,0.342,1.0,207.3,1.96,antihelion,7.6
34,2,217.5,221.0,26.0,143.41,62.87,54.16,219.69,0.9673,0.8747,101.66,200.02,219.69,SLD,0.04,0.96,,,,,45,5,5,"2021,2022,2023,2024,2025",8.0,0.289,1.0,261.97,45.26,north_toroidal,15.5
32,1,81.0,83.0,26.0,4.55,-17.81,66.84,81.72,0.9863,0.8598,147.88,339.47,261.73,,0.0,1.0,,,,,24,4,4,"2022,2023,2024,2026",1.5,0.5,1.0,275.26,-17.97,south_apex,5.9
107,1,228.0,230.0,26.0,113.2,15.06,64.59,228.99,0.4652,0.9173,164.58,95.82,48.99,NUE,0.047,0.953,,,LGM,6.61,480,7,7,"2019,2020,2021,2022,2023,2024,2025",11.8,0.277,0.827,243.69,-6.54,south_apex,27.2
79,4,186.0,192.5,26.0,156.81,-3.24,32.05,189.89,0.1475,0.8647,25.2,213.02,9.89,DSX,0.939,0.061,DSX,0.61,,,198,6,6,"2019,2021,2022,2023,2024,2025",26.0,0.303,0.081,330.1,-11.73,helion,15.3
24,1,237.0,239.0,26.0,87.74,30.72,38.79,238.09,0.0791,0.9533,23.22,331.7,238.08,THA,0.208,0.792,THA,4.12,DRG,6.37,242,7,7,"2019,2020,2021,2022,2023,2024,2025",36.0,0.293,0.616,209.62,7.75,antihelion,12.3
31,1,189.0,191.0,25.0,58.88,29.32,59.78,190.07,0.2261,0.9785,152.21,304.9,190.07,PTA,0.677,0.323,,,PTA,1.83,139,7,7,"2019,2020,2021,2022,2023,2024,2025",17.0,0.317,0.165,233.19,8.23,antihelion,34.1
15,1,319.5,321.5,25.0,174.96,8.13,41.25,320.57,0.0521,0.9722,23.63,337.08,320.58,JTL,0.733,0.267,,,IOL,3.36,107,6,6,"2021,2022,2023,2024,2025,2026",12.5,0.318,0.439,211.17,5.92,antihelion,12.6
65,2,97.5,101.0,25.0,336.22,-3.14,61.32,99.72,0.3156,0.9655,163.11,294.72,99.69,,0.0,1.0,,,OAQ,5.63,100,7,7,"2020,2021,2022,2023,2024,2025,2026",9.0,0.32,0.78,236.42,6.84,north_apex,34.0
33,2,99.0,102.5,25.0,353.25,-13.63,64.76,100.04,0.6138,0.8497,159.05,81.02,280.06,,0.0,1.0,,,,,34,4,4,"2023,2024,2025,2026",1.5,0.382,1.0,249.17,-9.9,south_apex,21.0
121,3,51.0,56.0,25.0,300.06,-15.93,65.66,52.15,0.5964,0.9119,170.35,261.07,52.14,MBC,0.613,0.387,,,MBC,2.39,209,8,8,"2019,2020,2021,2022,2023,2024,2025,2026",8.07,0.378,0.086,246.01,4.53,north_apex,25.9
185,9,105.0,117.5,25.0,6.63,-36.37,56.12,108.66,0.6647,0.9717,107.01,73.01,288.66,,0.0,1.0,,,ESC,2.39,48,3,3,"2023,2024,2025",1.0,0.562,1.0,238.82,-34.6,south_apex,34.4
31,1,283.5,285.5,25.0,157.0,-12.93,61.25,284.65,0.4609,0.9564,131.18,95.15,104.65,JNH,0.129,0.871,,,JNH,4.1,50,6,6,"2020,2022,2023,2024,2025,2026",7.0,0.24,0.88,238.94,-19.97,south_apex,30.0
31,1,283.5,285.5,25.0,153.05,-6.71,58.01,284.82,0.2622,0.9487,128.7,120.48,104.82,,0.0,1.0,,,,,67,7,7,"2020,2021,2022,2023,2024,2025,2026",4.0,0.373,1.0,231.52,-17.02,antihelion,35.5
21,1,45.0,47.0,25.0,245.9,-21.02,36.85,46.17,0.1548,0.9393,3.19,317.79,46.59,,0.0,1.0,,,SOP,4.33,538,8,8,"2019,2020,2021,2022,2023,2024,2025,2026",27.5,0.32,1.0,200.98,1.33,antihelion,1.7
32,1,232.5,234.5,25.0,252.96,65.79,28.02,233.82,0.9862,0.7027,44.36,174.96,233.82,,0.0,1.0,,,,,79,6,5,"2020,2021,2022,2023,2025",2.75,0.278,1.0,313.13,83.04,north_toroidal,26.8
46,2,231.0,234.5,25.0,132.02,53.49,58.71,232.11,0.7593,0.9024,113.81,238.96,232.11,,0.0,1.0,,,IUM,5.02,75,6,6,"2020,2021,2022,2023,2024,2025",8.0,0.347,1.0,247.59,34.15,north_apex,28.0
57,3,94.5,99.5,25.0,15.79,-11.28,66.78,98.53,1.0123,0.8645,151.5,350.52,278.53,,0.0,1.0,,,JCT,5.1,28,4,4,"2023,2024,2025,2026",2.5,0.321,1.0,272.63,-16.05,south_apex,2.7
31,1,225.0,227.0,25.0,220.01,74.2,34.92,226.06,0.9893,0.6635,59.85,184.13,226.06,XDR,0.452,0.548,,,,,97,7,7,"2019,2020,2021,2022,2023,2024,2025",10.0,0.299,0.567,265.36,72.2,north_toroidal,12.3
32,1,34.5,36.5,25.0,273.89,-16.26,62.71,35.48,0.3531,0.944,161.17,289.82,35.47,,0.0,1.0,,,,,73,7,5,"2020,2023,2024,2025,2026",2.79,0.301,1.0,238.08,7.53,north_apex,32.2
27,1,225.0,227.0,25.0,62.39,28.11,37.26,225.87,0.1849,0.9559,14.95,311.33,225.87,,0.0,1.0,CTA,1.98,,,223,7,7,"2019,2020,2021,2022,2023,2024,2025",35.0,0.26,0.839,200.21,6.7,antihelion,6.7
31,1,31.5,33.5,25.0,223.12,-10.88,30.01,32.62,0.3506,0.8536,6.67,294.53,32.66,DLI,1.0,0.0,,,DLI,0.29,1253,8,8,"2019,2020,2021,2022,2023,2024,2025,2026",126.0,0.468,0.243,191.22,5.3,antihelion,10.2
39,2,213.0,216.5,25.0,58.75,25.49,42.36,215.46,0.0801,0.9844,18.68,329.02,215.46,CTA,0.714,0.286,CTA,3.89,ETT,3.46,270,7,7,"2019,2020,2021,2022,2023,2024,2025",33.0,0.278,0.174,206.59,5.3,antihelion,8.4
32,1,37.5,39.5,25.0,281.7,-45.8,61.23,38.56,0.5227,0.9626,128.37,89.39,218.56,,0.0,1.0,,,,,40,5,5,"2022,2023,2024,2025,2026",4.0,0.3,1.0,238.41,-23.13,south_apex,30.9
60,1,15.0,17.0,24.98,304.95,9.59,61.48,16.18,0.71,0.9563,124.35,113.8,16.18,AED,0.317,0.683,,,AED,2.91,229,7,7,"2020,2021,2022,2023,2024,2025,2026",22.0,0.328,0.127,293.03,29.19,north_apex,25.6
116,4,40.5,47.0,24.75,320.79,-1.2,68.22,43.16,0.9269,0.9153,156.11,146.26,43.15,BAQ,0.86,0.14,BAQ,1.21,,,195,7,7,"2020,2021,2022,2023,2024,2025,2026",13.5,0.328,0.056,279.72,13.43,north_apex,9.6
72,2,120.0,123.5,24.75,43.68,47.07,59.67,120.74,0.7065,0.9367,121.49,111.34,120.74,BPE,0.31,0.571,CAN,7.69,TPE,1.24,91,7,7,"2019,2020,2021,2022,2023,2024,2025",14.0,0.341,0.725,294.77,29.11,north_apex,26.9
57,3,318.0,323.0,24.0,161.06,-10.64,42.89,318.81,0.1658,0.96,47.19,135.33,138.81,AAN,0.115,0.885,AAN,1.69,,,91,6,6,"2021,2022,2023,2024,2025,2026",6.0,0.418,0.78,208.66,-17.41,antihelion,19.4
30,1,33.0,35.0,24.0,277.06,-5.24,63.23,34.08,0.569,0.9593,139.67,264.78,34.07,,0.0,1.0,,,,,47,7,7,"2020,2021,2022,2023,2024,2025,2026",3.5,0.34,1.0,242.2,18.18,north_apex,26.8
46,3,351.0,356.0,24.0,220.06,-30.66,60.34,353.54,0.2909,0.9671,140.6,117.26,173.54,MCN,0.538,0.462,,,MCN,1.64,52,6,6,"2021,2022,2023,2024,2025,2026",6.0,0.308,0.346,233.98,-14.81,south_apex,34.8
29,1,90.0,92.0,24.0,351.16,-26.12,63.66,90.97,0.7403,0.8717,140.43,65.84,270.97,,0.0,1.0,,,GSC,3.49,36,5,5,"2022,2023,2024,2025,2026",3.0,0.333,1.0,250.19,-20.35,south_apex,19.6
84,3,81.0,86.0,24.0,327.79,-30.39,59.54,82.02,0.3948,0.9364,137.46,105.94,262.02,EMC,0.279,0.721,,,EMC,7.8,30,4,0,,-0.04,0.4,0.833,236.98,-17.33,south_apex,31.8
59,3,225.0,230.0,24.0,270.23,64.95,24.43,228.99,0.9888,0.682,38.79,179.54,228.99,,0.0,1.0,,,,,111,6,6,"2020,2021,2022,2023,2024,2025",13.0,0.315,1.0,357.78,85.53,north_toroidal,36.4
30,1,288.0,290.0,24.0,153.05,-50.03,49.65,289.02,0.9485,0.9091,85.21,22.61,109.02,,0.0,1.0,,,KVE,4.67,27,4,4,"2023,2024,2025,2026",1.0,0.519,1.0,254.37,-55.57,south_apex,42.5
14,1,55.5,57.5,24.0,342.58,-41.95,60.87,56.77,1.0089,0.7721,125.15,11.14,236.78,,0.0,1.0,,,,,19,4,4,"2023,2024,2025,2026",1.0,0.526,1.0,266.61,-31.26,south_apex,16.6
30,1,145.5,147.5,24.0,33.57,0.64,63.8,146.41,0.5432,0.9414,154.8,88.22,326.42,,0.0,1.0,,,AOC,2.89,48,5,5,"2021,2022,2023,2024,2025",4.0,0.354,1.0,244.42,-11.45,south_apex,25.2
49,3,67.5,71.0,24.0,335.43,-30.85,65.33,68.52,0.8924,0.8751,144.62,42.58,248.53,,0.0,1.0,,,,,22,3,3,"2023,2024,2025",0.5,0.455,1.0,257.81,-19.52,south_apex,12.5
18,1,36.0,38.0,24.0,351.69,-70.56,46.29,37.08,1.002,0.928,80.7,347.53,217.07,,0.0,1.0,,,,,43,4,4,"2023,2024,2025,2026",2.5,0.372,1.0,277.72,-59.88,south_apex,45.3
147,4,241.5,248.0,24.0,98.58,-17.78,43.16,245.61,0.5394,0.9048,68.36,87.14,65.61,ACA,0.372,0.535,ACA,0.68,MCB,5.41,115,6,4,"2021,2022,2024,2025",3.17,0.357,0.174,215.05,-40.8,antihelion,43.2
184,8,100.5,113.0,24.0,12.07,-53.32,43.78,107.55,0.8069,0.804,77.85,58.11,287.55,,0.0,1.0,,,ZPH,0.61,102,4,4,"2022,2023,2024,2025",2.0,0.686,1.0,232.31,-51.17,south_apex,48.0
30,1,204.0,206.0,24.0,70.65,-40.03,37.22,205.41,0.8508,0.9476,57.9,45.31,25.41,CAE,0.867,0.133,,,CAE,1.16,139,6,6,"2019,2021,2022,2023,2024,2025",17.0,0.453,0.288,212.68,-61.02,antihelion,62.0
93,4,168.0,174.5,24.0,125.47,36.83,59.33,173.42,0.3262,0.9495,133.42,67.63,173.42,OMG,0.8,0.2,OMG,5.8,APA,1.98,140,6,6,"2020,2021,2022,2023,2024,2025",14.0,0.307,0.007,305.77,16.72,north_apex,34.5
30,1,222.0,224.0,24.0,161.96,65.66,50.09,222.7,0.9869,0.7465,91.55,188.25,222.7,SLD,0.633,0.367,SLD,2.34,,,196,7,7,"2019,2020,2021,2022,2023,2024,2025",35.0,0.23,0.082,265.44,53.42,north_toroidal,7.0
22,1,357.0,359.0,24.0,266.55,-47.51,66.52,358.24,0.9928,0.9114,138.93,11.04,178.24,,0.0,1.0,,,,,56,3,3,"2024,2025,2026",0.5,0.429,1.0,268.23,-24.76,south_apex,9.9
41,1,36.0,38.0,23.26,301.82,-45.72,64.29,36.73,0.899,0.8532,135.38,39.8,216.73,,0.0,1.0,,,,,52,4,4,"2023,2024,2025,2026",4.5,0.308,1.0,257.06,-25.02,south_apex,15.8
21,2,216.0,219.5,23.0,59.53,25.55,39.45,218.47,0.1151,0.9672,13.56,322.62,218.45,CTA,0.462,0.538,CTA,3.19,,,246,7,7,"2019,2020,2021,2022,2023,2024,2025",32.0,0.28,0.22,204.33,5.04,antihelion,6.6
72,2,57.0,60.5,23.0,288.52,5.48,56.2,58.23,0.452,0.9589,111.56,277.07,58.23,,0.0,1.0,,,,,38,5,5,"2022,2023,2024,2025,2026",2.0,0.316,1.0,232.56,27.79,north_apex,37.1
79,3,82.5,87.5,23.0,345.93,-51.63,53.82,83.55,0.7596,0.9707,99.08,61.04,263.55,,0.0,1.0,,,EGR,0.56,86,4,4,"2023,2024,2025,2026",5.0,0.36,1.0,238.9,-40.95,south_apex,37.8
83,4,22.5,29.0,23.0,347.95,-75.4,46.04,26.28,0.999,0.9206,79.71,346.75,206.28,,0.0,1.0,,,,,38,3,3,"2024,2025,2026",0.5,0.447,1.0,278.85,-60.99,south_apex,46.5
26,1,213.0,215.0,23.0,107.3,47.34,61.51,213.79,0.7016,0.9,131.23,247.77,213.79,TOL,0.077,0.923,,,OLY,3.05,67,6,6,"2020,2021,2022,2023,2024,2025",8.0,0.358,0.955,248.23,24.58,north_apex,22.6
119,6,18.0,27.5,23.0,212.76,-38.03,40.96,23.7,0.3056,0.9922,44.52,113.4,203.7,ACU,0.862,0.138,,,ACU,1.89,138,6,6,"2021,2022,2023,2024,2025,2026",6.0,0.37,0.217,200.47,-23.35,antihelion,23.4
216,9,63.0,72.5,23.0,310.02,-13.15,65.27,65.37,0.506,0.9514,168.67,271.31,65.33,MBC,0.448,0.552,,,MBC,6.33,142,7,7,"2020,2021,2022,2023,2024,2025,2026",9.5,0.366,0.275,244.4,4.3,north_apex,27.4
69,2,51.0,54.5,22.51,299.04,4.12,62.87,53.44,0.7445,0.9558,132.55,243.8,53.43,,0.0,1.0,,,,,49,6,6,"2020,2021,2023,2024,2025,2026",4.0,0.327,1.0,248.07,24.85,north_apex,22.8
47,2,3.0,6.5,22.0,296.02,-63.78,57.89,5.07,0.9616,0.9571,108.56,337.88,185.07,,0.0,1.0,,,DPA,5.91,51,4,4,"2023,2024,2025,2026",2.0,0.549,0.882,279.69,-41.56,south_apex,27.9
43,2,12.0,15.5,22.0,252.36,-30.57,63.43,14.87,0.4259,0.9306,161.44,101.41,194.89,,0.0,1.0,,,GSG,3.31,41,5,5,"2021,2023,2024,2025,2026",2.5,0.415,0.976,241.25,-8.16,south_apex,29.0
73,3,12.0,17.0,22.0,271.35,-50.72,63.13,13.11,0.913,0.867,130.87,36.03,193.1,,0.0,1.0,,,,,51,4,4,"2023,2024,2025,2026",3.5,0.431,1.0,257.22,-28.15,south_apex,17.7
114,6,70.5,80.0,22.0,289.06,-44.5,42.4,78.98,0.2384,0.9723,51.1,124.46,258.97,,0.0,1.0,,,EOC,2.61,92,6,6,"2020,2021,2023,2024,2025,2026",5.0,0.457,1.0,205.33,-21.63,antihelion,22.3
28,1,204.0,206.0,22.0,105.23,38.63,66.78,205.0,0.8462,0.8542,151.03,227.64,205.0,,0.0,1.0,,,PSA,3.63,73,6,6,"2020,2021,2022,2023,2024,2025",9.0,0.274,1.0,256.91,15.91,north_apex,12.6
27,1,28.5,30.5,22.0,262.78,6.81,55.75,29.74,0.4622,0.9551,107.51,276.54,29.74,,0.0,1.0,,,,,60,7,7,"2020,2021,2022,2023,2024,2025,2026",5.5,0.25,1.0,231.39,28.62,north_apex,38.3
54,2,250.5,254.0,22.0,183.47,13.1,68.48,251.38,0.7848,0.9465,154.89,125.41,251.39,DRV,0.75,0.25,DRV,1.6,NFL,3.57,196,7,7,"2019,2020,2021,2022,2023,2024,2025",8.31,0.347,0.0,286.84,13.69,north_apex,16.4
75,5,229.5,237.5,22.0,184.49,72.6,40.73,234.94,0.9623,0.6246,71.73,201.71,234.94,DAD,0.667,0.208,,,NLD,3.16,173,7,7,"2019,2020,2021,2022,2023,2024,2025",25.0,0.237,0.029,254.83,61.33,north_toroidal,7.5
54,3,219.0,224.0,22.0,117.21,49.39,61.57,219.65,0.7569,0.9177,126.14,239.92,219.65,,0.0,1.0,,,TTL,2.34,62,6,6,"2020,2021,2022,2023,2024,2025",9.0,0.274,1.0,249.44,27.86,north_apex,23.1
44,2,207.0,210.5,22.0,139.98,29.35,67.14,209.29,0.8373,0.8176,155.46,130.53,209.29,TCA,0.929,0.071,TCA,1.47,PHC,1.06,334,7,7,"2019,2020,2021,2022,2023,2024,2025",61.0,0.293,0.018,283.78,13.14,north_apex,13.5
26,1,166.5,168.5,22.0,81.99,-57.91,28.97,167.64,1.0043,0.6845,48.5,7.95,347.64,,0.0,1.0,,,,,53,3,3,"2023,2024,2025",0.0,0.547,1.0,248.23,-80.35,south_apex,67.0
42,2,297.0,300.5,22.0,188.73,-64.49,50.12,297.99,0.9502,0.9246,86.8,338.04,117.99,TCD,0.286,0.714,,,ACR,2.08,44,4,4,"2023,2024,2025,2026",2.5,0.318,0.114,284.33,-54.2,south_apex,40.9
36,1,256.5,258.5,21.76,129.16,-40.26,49.01,257.64,0.9488,0.9043,83.89,22.49,77.64,MVE,0.056,0.944,,,LAV,3.34,136,4,4,"2022,2023,2024,2025",4.0,0.338,1.0,253.82,-55.83,south_apex,42.9
36,1,43.5,45.5,21.76,245.77,61.15,21.1,44.35,1.0,0.6392,33.08,192.22,44.36,,0.0,1.0,,,,,163,7,7,"2020,2021,2022,2023,2024,2025,2026",18.0,0.282,1.0,146.63,78.15,north_toroidal,47.7
55,1,237.0,239.0,21.29,115.78,1.01,61.06,238.1,0.4669,0.955,133.02,96.0,58.1,AMO,0.691,0.309,AMO,1.03,,,267,7,7,"2019,2020,2021,2022,2023,2024,2025",38.0,0.273,0.105,239.6,-19.87,south_apex,29.4
38,1,216.0,218.0,21.02,103.97,33.82,64.04,217.09,0.5106,0.9027,155.62,270.84,217.1,,0.0,1.0,EGE,6.18,,,89,7,7,"2019,2020,2021,2022,2023,2024,2025",13.0,0.292,1.0,245.37,11.52,north_apex,24.2
56,2,190.5,194.0,21.02,25.65,36.08,41.6,191.43,0.2501,0.9704,52.83,301.47,191.43,OCH,0.361,0.639,,,OCH,7.63,49,5,5,"2021,2022,2023,2024,2025",7.0,0.245,0.816,206.31,22.99,antihelion,23.8
58,2,81.0,84.5,21.02,336.37,-21.31,65.14,81.92,0.639,0.9075,158.29,75.94,261.93,,0.0,1.0,,,ADS,3.86,42,4,2,"2024,2026",-0.17,0.429,1.0,248.34,-10.3,south_apex,21.7
94,3,144.0,149.0,21.02,62.74,13.18,69.24,148.27,0.9937,0.8733,167.3,343.93,328.12,,0.0,1.0,,,ANT,6.03,70,6,6,"2020,2021,2022,2023,2024,2025",9.0,0.329,1.0,274.61,-6.19,south_apex,9.9
170,7,85.5,96.5,21.0,329.19,-4.7,62.18,91.16,0.3641,0.9571,161.57,288.85,91.15,OAQ,0.692,0.308,,,OAQ,0.41,141,8,8,"2019,2020,2021,2022,2023,2024,2025,2026",11.5,0.298,0.064,238.15,7.15,north_apex,32.2
84,3,76.5,81.5,21.0,348.85,-20.12,67.89,77.34,0.9897,0.8601,155.1,18.8,257.35,,0.0,1.0,,,,,26,3,3,"2024,2025,2026",1.0,0.385,1.0,264.76,-13.83,south_apex,5.2
72,3,37.5,42.5,21.0,275.11,-13.9,61.96,38.57,0.3163,0.975,155.42,293.13,38.56,,0.0,1.0,,,,,85,6,6,"2021,2022,2023,2024,2025,2026",9.5,0.259,1.0,236.3,7.94,north_apex,33.8
27,1,66.0,68.0,21.0,314.88,-28.03,64.34,66.45,0.5039,0.9622,156.5,91.75,246.46,OMC,0.37,0.63,,,OMC,1.97,113,6,6,"2021,2022,2023,2024,2025,2026",9.0,0.442,0.46,242.37,-12.11,south_apex,27.0
74,4,64.5,71.0,21.0,308.07,-36.2,58.77,66.99,0.3275,0.9419,134.99,112.05,246.99,,0.0,1.0,,,OMC,4.1,92,6,6,"2021,2022,2023,2024,2025,2026",7.0,0.446,0.652,234.79,-16.17,south_apex,33.9
27,1,216.0,218.0,21.0,150.56,56.94,57.97,217.1,0.9914,0.8695,107.63,177.47,217.1,,0.0,1.0,LUM,7.98,,,50,5,5,"2021,2022,2023,2024,2025",6.0,0.32,1.0,271.76,43.19,north_toroidal,16.8
25,1,232.5,234.5,21.0,115.6,-4.63,61.94,233.18,0.652,0.9535,127.64,72.21,53.18,,0.0,1.0,AMO,5.66,TSM,4.57,74,6,6,"2020,2021,2022,2023,2024,2025",8.0,0.338,1.0,245.35,-25.47,south_apex,25.4
45,2,216.0,219.5,21.0,168.37,33.85,60.67,216.95,0.5961,0.9376,122.83,99.67,216.96,LMI,0.5,0.5,LMI,6.69,FLM,6.56,277,7,7,"2019,2020,2021,2022,2023,2024,2025",38.0,0.347,0.141,298.44,26.42,north_apex,28.9
56,3,27.0,32.0,21.0,329.86,2.7,61.45,29.21,0.3542,0.9866,143.34,72.22,29.2,NPE,0.889,0.111,,,NPE,0.68,166,7,7,"2020,2021,2022,2023,2024,2025,2026",16.0,0.277,0.024,303.64,14.22,north_apex,32.6
166,7,247.5,258.5,21.0,197.27,7.09,66.32,257.79,0.5619,0.9581,151.54,97.92,257.79,DSV,0.741,0.259,DSV,3.74,EPV,0.29,264,7,7,"2019,2020,2021,2022,2023,2024,2025",36.0,0.303,0.087,295.28,13.5,north_apex,24.6
44,3,324.0,329.0,21.0,179.93,-23.85,54.51,326.53,0.2391,0.9856,102.59,121.6,146.53,,0.0,1.0,,,FAC,0.28,47,5,5,"2022,2023,2024,2025,2026",3.0,0.511,1.0,223.27,-21.89,antihelion,31.6
62,3,219.0,224.0,21.0,102.26,6.47,62.25,222.86,0.4334,0.9654,139.78,98.25,42.86,,0.0,1.0,,,,,150,6,6,"2020,2021,2022,2023,2024,2025",19.0,0.287,0.9,239.23,-16.09,south_apex,29.7
31,1,175.5,177.5,20.27,11.7,41.13,42.32,176.12,0.3806,0.9455,66.46,287.95,176.12,,0.0,1.0,,,,,66,7,7,"2019,2020,2021,2022,2023,2024,2025",8.0,0.318,0.939,211.53,31.9,antihelion,33.8
33,1,265.5,267.5,20.24,118.17,13.36,40.18,266.44,0.0699,0.9611,26.02,153.99,86.45,OLE,0.394,0.576,,,CMI,3.55,184,7,7,"2019,2020,2021,2022,2023,2024,2025",20.5,0.277,0.174,210.36,-7.63,antihelion,12.8
88,5,181.5,186.5,20.0,17.48,39.0,41.47,185.7,0.3279,0.9587,56.12,291.99,185.7,OCH,0.409,0.591,,,OCH,7.46,85,7,7,"2019,2020,2021,2022,2023,2024,2025",10.0,0.318,0.212,206.78,28.64,antihelion,29.4
25,1,342.0,344.0,20.0,218.76,-29.55,64.03,342.83,0.4935,0.9188,147.77,93.0,162.83,,0.0,1.0,,,MCN,1.79,69,5,5,"2022,2023,2024,2025,2026",4.0,0.406,1.0,241.86,-14.46,south_apex,27.2
18,1,195.0,197.0,20.0,40.57,22.07,41.84,195.92,0.0671,0.9811,25.11,333.33,195.92,CTA,0.389,0.556,,,NOA,5.81,117,7,7,"2019,2020,2021,2022,2023,2024,2025",17.0,0.256,0.632,209.2,6.56,antihelion,11.3
15,1,198.0,200.0,20.0,41.89,23.96,40.67,199.01,0.0834,0.969,21.66,329.57,199.01,CTA,0.8,0.2,,,NOA,7.7,135,7,7,"2019,2020,2021,2022,2023,2024,2025",21.0,0.341,0.348,208.22,6.48,antihelion,10.5
25,1,280.5,282.5,20.0,147.09,23.83,51.98,281.72,0.0469,0.9913,103.95,335.81,281.72,JLE,1.0,0.0,JLE,0.17,JZL,7.98,61,5,5,"2022,2023,2024,2025,2026",3.0,0.525,0.0,219.25,10.14,antihelion,21.7
16,1,136.5,138.5,20.0,344.98,0.99,39.41,138.02,0.0791,0.9628,23.59,331.26,138.03,NDA,0.938,0.062,NDA,1.22,,,1739,7,7,"2019,2020,2021,2022,2023,2024,2025",53.74,0.366,0.225,208.53,6.99,antihelion,11.0
97,3,24.0,29.0,20.0,313.89,14.19,60.07,26.41,0.7113,0.9513,120.12,113.54,26.41,AED,0.48,0.52,,,AED,5.95,104,7,7,"2020,2021,2022,2023,2024,2025,2026",11.5,0.221,0.25,294.76,30.16,north_apex,27.4
106,6,69.0,78.5,20.0,11.64,-66.68,43.63,74.52,0.9749,0.8323,75.84,23.49,254.52,,0.0,1.0,,,,,63,4,4,"2023,2024,2025,2026",1.5,0.349,1.0,249.07,-60.35,south_apex,48.3
22,1,319.5,321.5,20.0,169.46,-2.3,41.78,320.02,0.0527,0.9719,28.28,156.78,140.02,SMV,0.864,0.136,,,SMV,2.92,137,6,6,"2021,2022,2023,2024,2025,2026",16.5,0.263,0.263,211.58,-6.33,antihelion,13.2
24,1,210.0,212.0,20.0,289.92,46.04,15.21,211.2,0.9933,0.6608,21.28,184.6,211.2,,0.0,1.0,,,,,267,7,7,"2019,2020,2021,2022,2023,2024,2025",30.0,0.318,0.944,95.87,64.93,north_toroidal,80.7
36,2,67.5,71.0,20.0,318.51,39.84,50.61,68.53,1.01,0.8196,92.02,177.8,68.53,MCY,0.048,0.952,,,,,27,7,7,"2020,2021,2022,2023,2024,2025,2026",3.5,0.222,1.0,270.52,52.7,north_toroidal,7.3
25,1,180.0,182.0,20.0,55.39,-35.83,40.55,181.49,0.762,0.9008,66.64,60.63,1.49,,0.0,1.0,,,,,29,4,4,"2020,2023,2024,2025",2.0,0.552,1.0,218.87,-53.32,antihelion,55.9
42,2,232.5,236.0,20.0,134.29,-26.67,57.64,233.28,0.9852,0.8799,108.24,350.36,53.28,RPU,0.6,0.4,RPU,6.56,,,92,6,6,"2020,2021,2022,2023,2024,2025",5.0,0.435,0.435,274.08,-42.54,south_apex,27.8
55,3,172.5,177.5,20.0,37.5,-17.35,43.74,176.57,0.3292,0.9634,65.67,111.7,356.57,FCE,0.36,0.64,,,FCE,4.67,60,6,6,"2020,2021,2022,2023,2024,2025",5.0,0.467,0.483,211.79,-29.89,antihelion,32.0
25,1,195.0,197.0,20.0,33.74,58.91,44.82,195.94,0.5945,0.9296,73.92,262.09,195.94,OBC,0.12,0.88,,,,,48,6,6,"2020,2021,2022,2023,2024,2025",6.0,0.292,1.0,219.94,42.96,north_toroidal,35.5
21,1,27.0,29.0,19.71,235.52,-17.83,40.59,27.85,0.0567,0.972,6.33,335.19,28.2,,0.0,1.0,,,,,184,7,7,"2020,2021,2022,2023,2024,2025,2026",18.0,0.299,1.0,207.93,1.45,antihelion,8.1
29,1,61.5,63.5,19.53,325.12,34.53,54.11,62.17,0.9749,0.8931,102.33,155.57,62.16,MUC,0.138,0.862,,,MCY,3.03,37,5,5,"2022,2023,2024,2025,2026",4.0,0.405,0.946,281.4,45.34,north_toroidal,16.2
27,1,4.5,6.5,19.53,277.89,-45.2,66.93,5.23,0.9966,0.8585,141.89,346.04,185.23,,0.0,1.0,,,,,27,4,4,"2023,2024,2025,2026",1.0,0.444,1.0,273.88,-21.87,south_apex,7.8
34,1,169.5,171.5,19.53,6.19,38.78,42.66,170.42,0.3948,0.9477,63.57,284.49,170.42,,0.0,1.0,,,,,76,6,6,"2020,2021,2022,2023,2024,2025",12.0,0.237,1.0,209.77,32.69,antihelion,34.0
24,1,357.0,359.0,19.53,247.34,-20.21,68.45,357.99,0.6944,0.9323,172.9,241.05,357.65,,0.0,1.0,,,,,21,4,4,"2023,2024,2025,2026",1.5,0.381,1.0,253.66,3.67,north_apex,19.7
96,1,30.0,32.0,19.4,310.91,43.22,42.2,30.99,0.8905,0.7617,72.88,137.32,30.99,ARC,0.542,0.083,,,ZCY,1.26,260,7,7,"2020,2021,2022,2023,2024,2025,2026",30.0,0.265,0.023,302.37,58.02,north_toroidal,16.8
21,1,330.0,332.0,19.0,147.06,-55.73,35.5,331.11,0.8556,0.8318,56.76,46.46,151.11,,0.0,1.0,,,,,13,4,4,"2023,2024,2025,2026",1.0,0.308,1.0,214.55,-60.78,antihelion,62.1
24,1,328.5,330.5,19.0,265.5,-6.27,63.31,329.69,0.5391,0.9383,141.85,94.05,329.69,,0.0,1.0,,,YOP,3.46,16,3,3,"2024,2025,2026",0.0,0.562,1.0,297.96,18.46,north_apex,27.0
23,1,202.5,204.5,19.0,110.2,-2.69,66.4,203.5,0.9955,0.8753,137.7,6.61,23.5,,0.0,1.0,,,BCN,3.42,51,6,6,"2019,2021,2022,2023,2024,2025",7.0,0.294,1.0,269.37,-24.77,south_apex,9.8
33,2,201.0,204.5,19.0,96.41,-14.82,58.04,201.91,0.9215,0.8679,112.02,33.95,21.91,,0.0,1.0,,,,,48,6,6,"2019,2021,2022,2023,2024,2025",4.0,0.333,1.0,256.13,-38.5,south_apex,26.6
23,1,145.5,147.5,19.0,344.56,32.16,43.87,146.77,0.4435,0.9442,69.46,279.6,146.78,OAN,0.478,0.522,,,OAN,7.05,46,6,6,"2020,2021,2022,2023,2024,2025",5.0,0.435,0.283,208.2,35.58,antihelion,36.4
21,1,186.0,188.0,19.0,58.59,-22.29,47.25,187.17,0.5855,0.9549,80.87,82.01,7.17,TEI,0.286,0.714,,,TEI,2.94,25,5,5,"2019,2022,2023,2024,2025",2.0,0.4,0.88,223.59,-41.03,antihelion,46.6
10,1,132.0,134.0,19.0,339.12,-2.29,37.99,132.68,0.0997,0.9522,19.43,328.76,132.69,NDA,0.5,0.5,NDA,2.63,,,792,7,7,"2019,2020,2021,2022,2023,2024,2025",100.0,0.346,0.279,207.53,6.14,antihelion,9.7
56,4,37.5,44.0,19.0,347.64,-44.62,59.03,42.08,0.8775,0.9373,114.47,317.17,222.08,,0.0,1.0,,,,,94,4,4,"2023,2024,2025,2026",5.5,0.351,1.0,287.11,-35.87,south_apex,26.0
24,1,193.5,195.5,19.0,19.78,69.43,40.24,194.4,0.7966,0.9233,64.93,235.28,194.4,,0.0,1.0,,,,,85,7,7,"2019,2020,2021,2022,2023,2024,2025",12.0,0.306,1.0,218.73,55.47,north_toroidal,27.7
40,2,24.0,27.5,19.0,267.37,-37.7,62.79,26.14,0.4603,0.9352,146.11,98.63,206.15,GSG,0.048,0.952,,,,,32,4,4,"2023,2024,2025,2026",1.0,0.406,1.0,240.68,-14.33,south_apex,28.4
16,1,232.5,234.5,19.0,147.58,37.46,65.59,233.37,0.9506,0.8332,139.79,203.53,233.37,,0.0,1.0,KUM,7.46,NLY,5.17,50,6,2,"2022,2024",0.81,0.3,1.0,263.61,23.3,north_apex,10.3
122,6,57.0,62.0,19.0,320.27,-35.9,64.14,59.37,0.7965,0.9067,142.73,57.22,239.37,,0.0,1.0,,,EMC,5.36,40,4,4,"2023,2024,2025,2026",1.5,0.425,1.0,252.45,-19.97,south_apex,17.5
24,1,210.0,212.0,19.0,269.69,72.25,27.91,210.98,0.9918,0.6747,45.34,186.88,210.98,,0.0,1.0,,,OUI,2.31,217,7,7,"2019,2020,2021,2022,2023,2024,2025",26.0,0.313,1.0,240.76,83.47,north_toroidal,25.2
22,1,136.5,138.5,19.0,284.54,45.25,21.53,138.18,0.9612,0.726,31.61,208.63,138.18,KCG,0.773,0.227,KCG,3.73,,,1050,7,7,"2019,2020,2021,2022,2023,2024,2025",58.0,0.705,0.31,158.9,69.59,north_toroidal,48.3
33,2,231.0,234.5,19.0,113.85,51.28,56.42,232.28,0.4869,0.9616,109.59,272.1,232.28,DEL,0.583,0.417,,,,,57,6,6,"2020,2021,2022,2023,2024,2025",7.0,0.298,0.211,234.86,29.65,north_apex,35.7
24,1,60.0,62.0,19.0,296.72,-48.54,54.58,60.48,0.3912,0.9713,103.94,104.16,240.48,,0.0,1.0,,,,,25,4,0,,-0.38,0.48,1.0,227.38,-27.97,antihelion,38.6
23,1,27.0,29.0,19.0,311.99,-42.03,65.89,27.83,0.9802,0.8911,140.85,341.52,207.83,,0.0,1.0,,,,,30,4,4,"2023,2024,2025,2026",1.5,0.367,1.0,275.93,-22.72,south_apex,9.5
99,3,48.0,53.0,18.78,306.28,13.96,62.32,50.28,0.9875,0.9118,124.62,197.3,50.28,GAQ,0.735,0.265,GAQ,0.49,,,181,7,7,"2020,2021,2022,2023,2024,2025,2026",18.0,0.304,0.077,262.81,32.75,north_apex,18.9
32,1,357.0,359.0,18.78,241.7,14.19,56.18,357.87,0.634,0.9169,107.77,254.78,357.87,,0.0,1.0,,,TOH,7.93,30,5,5,"2021,2023,2024,2025,2026",3.5,0.333,1.0,238.73,33.8,north_toroidal,33.8
31,1,186.0,188.0,18.78,163.79,71.41,46.09,186.96,0.9334,0.9267,80.25,148.94,186.97,OSD,0.097,0.903,OCT,5.29,OSD,5.75,54,5,5,"2021,2022,2023,2024,2025",4.0,0.352,0.63,296.31,57.11,north_toroidal,14.0
33,1,0.0,2.0,18.78,239.95,8.93,56.4,1.04,0.4796,0.9486,110.98,274.61,1.04,,0.0,1.0,,,TOH,6.33,29,5,5,"2022,2023,2024,2025,2026",2.5,0.379,1.0,231.1,28.37,north_apex,38.5
34,1,76.5,78.5,18.78,333.86,-37.36,60.48,77.51,0.6503,0.9523,128.02,76.27,257.51,,0.0,1.0,,,MMI,7.44,33,5,5,"2021,2023,2024,2025,2026",2.0,0.515,1.0,242.51,-25.07,south_apex,27.7
41,2,147.0,150.5,18.04,344.83,39.57,43.41,149.27,0.5747,0.9354,70.5,264.58,149.27,OAN,0.452,0.548,,,OAN,0.38,41,6,6,"2020,2021,2022,2023,2024,2025",5.0,0.317,0.293,217.41,41.73,north_toroidal,37.9
25,1,100.5,102.5,18.04,21.6,-23.38,63.98,101.63,1.0138,0.9113,129.84,10.49,281.64,,0.0,1.0,,,,,21,4,4,"2021,2023,2024,2025",1.5,0.429,1.0,266.56,-29.31,south_apex,14.7
26,1,13.5,15.5,18.04,285.94,-43.23,67.88,14.19,0.998,0.921,145.15,10.9,194.19,,0.0,1.0,,,,,27,4,2,"2024,2025",-0.28,0.444,1.0,266.07,-21.22,south_apex,7.3
45,2,64.5,68.0,18.04,339.53,-43.18,60.64,65.43,0.9253,0.8871,123.39,35.33,245.43,,0.0,1.0,,,JEG,7.06,27,4,4,"2023,2024,2025,2026",2.5,0.296,1.0,257.21,-32.02,south_apex,20.7
31,1,324.0,326.0,18.04,157.21,-31.09,40.22,324.7,0.4734,0.917,57.62,94.1,144.7,,0.0,1.0,,,,,21,4,4,"2023,2024,2025,2026",2.5,0.333,1.0,207.97,-36.96,antihelion,37.7
23,1,175.5,177.5,18.0,98.69,12.78,68.38,176.96,0.8728,0.8529,160.98,315.38,356.97,,0.0,1.0,,,,,32,4,4,"2020,2022,2023,2025",4.0,0.344,1.0,283.23,-10.9,south_apex,13.5
59,3,231.0,236.0,18.0,110.39,6.13,61.51,233.52,0.382,0.956,140.39,104.69,53.52,,0.0,1.0,,,,,140,6,6,"2020,2021,2022,2023,2024,2025",15.0,0.321,0.993,238.17,-15.5,south_apex,30.7
23,1,30.0,32.0,18.0,116.67,43.78,8.44,30.92,1.0005,0.5791,5.29,171.21,30.97,,0.0,1.0,,,,,206,7,7,"2020,2021,2022,2023,2024,2025,2026",4.0,0.335,1.0,80.37,19.59,helion,100.8
23,1,229.5,231.5,18.0,115.21,41.17,61.34,230.3,0.4491,0.9433,133.8,276.66,230.31,,0.0,1.0,,,TOL,2.5,57,6,6,"2020,2021,2022,2023,2024,2025",7.0,0.281,1.0,240.06,19.67,north_apex,29.0
23,1,229.5,231.5,18.0,145.85,63.51,53.99,230.42,0.9058,0.9191,97.9,215.15,230.43,,0.0,1.0,SLD,7.84,UUM,4.23,62,5,5,"2021,2022,2023,2024,2025",10.0,0.29,1.0,252.67,45.93,north_toroidal,17.5
21,1,82.5,84.5,18.0,330.48,-19.93,63.41,83.42,0.4579,0.9368,162.66,96.84,263.44,ADS,0.524,0.476,,,ADS,3.29,55,7,7,"2020,2021,2022,2023,2024,2025,2026",4.0,0.418,0.455,241.72,-7.6,south_apex,28.7
21,1,12.0,14.0,18.0,310.66,3.88,61.63,12.96,0.4664,0.9807,129.75,85.23,12.96,,0.0,1.0,,,TDE,1.52,39,6,6,"2020,2022,2023,2024,2025,2026",3.0,0.333,1.0,301.48,22.14,north_apex,30.7
22,1,222.0,224.0,18.0,122.39,30.98,67.72,223.14,0.7878,0.8902,159.74,235.29,223.15,,0.0,1.0,,,FCR,0.18,63,6,6,"2020,2021,2022,2023,2024,2025",8.0,0.302,1.0,254.65,11.0,north_apex,15.5
29,2,297.0,300.5,18.0,167.63,-4.38,58.17,298.24,0.1652,0.9581,149.44,133.87,118.24,,0.0,1.0,,,,,42,6,6,"2021,2022,2023,2024,2025,2026",5.0,0.238,1.0,231.11,-8.61,antihelion,32.2
13,1,298.5,300.5,18.0,175.04,13.65,59.32,299.6,0.1869,0.9728,144.1,309.4,299.6,,0.0,1.0,,,PVI,3.45,38,5,5,"2022,2023,2024,2025,2026",4.5,0.316,1.0,231.27,10.37,antihelion,32.8
88,4,15.0,21.5,18.0,256.9,-32.71,64.2,17.45,0.4398,0.9311,157.24,99.23,197.46,,0.0,1.0,,,GSG,1.48,43,4,4,"2023,2024,2025,2026",1.5,0.349,1.0,241.05,-9.35,south_apex,28.9
20,1,124.5,126.5,18.0,279.64,-14.72,13.67,125.4,0.8742,0.6508,3.14,227.02,125.71,,0.0,1.0,,,,,403,6,6,"2020,2021,2022,2023,2024,2025",16.07,0.469,1.0,153.85,7.81,antihelion,46.7
19,1,294.0,296.0,18.0,173.9,12.66,60.27,294.66,0.2354,0.9502,151.29,303.57,294.66,,0.0,1.0,,,PVI,3.72,52,5,5,"2021,2023,2024,2025,2026",4.0,0.346,1.0,233.45,9.82,antihelion,34.7
29,1,255.0,257.0,17.29,147.86,-4.44,67.29,256.0,0.8435,0.8915,149.78,45.98,76.0,DAS,0.069,0.931,,,SSX,2.88,45,5,5,"2021,2022,2023,2024,2025",4.0,0.311,1.0,256.26,-15.45,south_apex,13.3
41,2,264.0,267.5,17.29,213.91,21.41,59.22,265.25,0.6719,0.9811,112.73,110.39,265.26,DAB,0.548,0.452,,,DAB,0.97,140,7,7,"2019,2020,2021,2022,2023,2024,2025",15.0,0.279,0.093,297.98,32.73,north_apex,31.1
31,1,112.5,114.5,17.29,23.98,-20.49,63.71,113.6,0.95,0.9459,130.22,30.2,293.61,,0.0,1.0,,,TCT,4.54,199,7,7,"2019,2020,2021,2022,2023,2024,2025",8.0,0.362,0.864,259.36,-27.72,south_apex,16.1
41,1,165.0,167.0,17.08,48.06,-6.91,58.95,166.36,0.45,0.987,120.03,96.93,346.36,SZE,0.024,0.976,,,SZE,1.2,34,5,5,"2021,2022,2023,2024,2025",3.0,0.353,0.912,236.08,-24.17,south_apex,33.2
19,1,279.0,281.0,17.0,139.75,48.06,42.66,279.39,0.3706,0.9604,56.39,285.75,279.39,,0.0,1.0,,,,,30,5,5,"2021,2023,2024,2025,2026",2.0,0.233,1.0,207.17,31.32,antihelion,32.1
39,2,201.0,204.5,17.0,86.06,-13.22,24.24,203.08,0.2555,0.617,48.2,160.79,23.08,OLP,0.095,0.905,,,OLP,3.68,99,7,7,"2019,2020,2021,2022,2023,2024,2025",8.0,0.374,0.99,240.84,-36.43,south_apex,33.9
21,1,46.5,48.5,17.0,225.65,64.64,16.59,48.04,1.0063,0.6137,24.37,187.6,48.05,,0.0,1.0,,,,,234,8,8,"2019,2020,2021,2022,2023,2024,2025,2026",28.5,0.303,1.0,115.44,69.66,north_toroidal,66.4
22,1,28.5,30.5,17.0,299.35,-38.18,67.2,29.21,0.9845,0.8167,149.88,17.18,209.21,,0.0,1.0,,,,,38,4,4,"2023,2024,2025,2026",3.5,0.368,1.0,264.98,-17.33,south_apex,5.4
22,1,250.5,252.5,17.0,131.84,28.38,61.22,251.05,0.2785,0.9697,151.08,298.24,251.05,,0.0,1.0,,,,,35,5,5,"2021,2022,2023,2024,2025",4.0,0.4,1.0,236.19,10.53,north_apex,33.3
44,3,81.0,86.0,17.0,298.31,-62.45,39.45,83.18,0.5741,0.9762,55.95,82.46,263.18,JDP,0.5,0.5,,,JDP,0.46,101,4,4,"2023,2024,2025,2026",8.0,0.396,0.386,203.39,-41.05,antihelion,41.2
33,2,226.5,230.0,17.0,131.07,46.58,62.51,228.91,0.7871,0.8879,127.7,235.94,228.92,,0.0,1.0,,,IUM,2.34,58,5,5,"2021,2022,2023,2024,2025",7.0,0.276,1.0,251.71,27.7,north_apex,21.2
52,2,234.0,237.5,17.0,158.42,40.36,65.03,236.3,0.9834,0.9234,131.13,188.61,236.3,,0.0,1.0,,,TLM,1.36,84,7,7,"2019,2020,2021,2022,2023,2024,2025",10.0,0.333,1.0,268.24,29.1,north_apex,14.2
51,3,343.5,348.5,17.0,183.44,-21.17,40.9,347.64,0.2084,0.9631,42.92,128.32,167.64,,0.0,1.0,,,,,76,4,4,"2023,2024,2025,2026",3.0,0.355,1.0,204.28,-17.97,antihelion,18.5
37,2,22.5,26.0,17.0,256.7,2.48,56.25,23.91,0.3979,0.9712,111.13,282.94,23.91,,0.0,1.0,,,,,65,6,6,"2021,2022,2023,2024,2025,2026",7.0,0.369,0.969,229.27,25.73,antihelion,38.4
70,4,160.5,167.0,17.0,148.97,48.26,45.32,164.46,0.4141,0.9869,68.12,78.57,164.46,ALN,0.238,0.762,,,ALN,3.97,116,6,6,"2020,2021,2022,2023,2024,2025",13.0,0.345,0.595,328.66,33.58,helion,35.3
22,1,199.5,201.5,17.0,35.36,61.06,43.45,200.42,0.6046,0.9391,69.81,259.12,200.42,,0.0,1.0,,,OCP,7.4,49,6,6,"2020,2021,2022,2023,2024,2025",8.0,0.265,1.0,217.88,43.75,north_toroidal,36.1
45,3,219.0,224.0,17.0,204.62,70.05,38.63,221.5,0.9873,0.6735,67.42,171.18,221.5,XDR,0.25,0.75,,,NED,3.95,66,6,6,"2019,2021,2022,2023,2024,2025",10.0,0.318,0.621,280.44,67.09,north_toroidal,8.5
56,3,276.0,281.0,17.0,201.63,-15.97,68.93,278.89,0.7396,0.9208,167.76,298.89,98.89,XVI,0.381,0.619,,,,,92,7,7,"2019,2020,2022,2023,2024,2025,2026",5.0,0.424,0.228,287.15,-6.32,south_apex,19.0
13,1,112.5,114.5,17.0,324.01,-12.29,39.05,113.66,0.0721,0.9646,7.27,332.96,114.2,EAU,0.154,0.846,,,SCA,4.63,84,6,6,"2020,2021,2022,2023,2024,2025",3.84,0.452,1.0,207.16,2.17,antihelion,7.5
21,1,1.5,3.5,17.0,236.91,-5.28,59.79,2.01,0.2978,0.9656,137.32,295.74,2.01,,0.0,1.0,,,SSR,5.97,40,7,7,"2020,2021,2022,2023,2024,2025,2026",3.0,0.4,1.0,232.29,14.97,antihelion,35.3
21,1,240.0,242.0,17.0,129.11,-35.87,51.71,241.23,0.981,0.8611,92.39,9.62,61.23,NBP,0.857,0.143,,,NBP,1.2,93,5,5,"2021,2022,2023,2024,2025",11.0,0.355,0.14,264.96,-51.31,south_apex,36.6
22,1,54.0,56.0,17.0,354.38,-52.68,56.95,54.97,1.0065,0.9744,105.15,352.2,234.97,,0.0,1.0,,,SPH,0.47,33,4,4,"2023,2024,2025,2026",1.5,0.394,1.0,273.61,-45.02,south_apex,30.2
30,2,19.5,23.0,17.0,259.51,-49.96,59.62,20.52,0.6066,0.9431,122.03,80.12,200.52,,0.0,1.0,,,,,41,3,3,"2024,2025,2026",0.5,0.439,1.0,242.14,-26.76,south_apex,28.6
21,1,52.5,54.5,17.0,327.93,2.32,68.61,53.9,0.9749,0.955,152.88,158.41,53.89,BAQ,0.333,0.667,BAQ,5.63,,,36,5,5,"2022,2023,2024,2025,2026",3.5,0.333,0.639,277.29,14.59,north_apex,7.1
11,1,219.0,221.0,17.0,59.23,24.73,38.83,220.06,0.1408,0.9696,11.56,318.49,220.05,CTA,0.182,0.818,CTA,3.61,,,228,7,7,"2019,2020,2021,2022,2023,2024,2025",37.0,0.237,0.526,202.18,5.05,antihelion,5.5
51,3,313.5,318.5,17.0,244.92,-35.82,65.08,314.57,0.5539,0.9355,148.59,275.48,134.57,XLU,0.095,0.905,,,XLU,0.62,72,5,5,"2022,2023,2024,2025,2026",4.0,0.389,0.806,295.03,-13.81,south_apex,24.3
18,1,223.5,225.5,17.0,112.43,2.52,65.12,224.8,0.682,0.8969,142.44,69.04,44.8,,0.0,1.0,,,,,76,7,7,"2019,2020,2021,2022,2023,2024,2025",9.0,0.263,1.0,249.14,-18.88,south_apex,20.3
46,3,175.5,180.5,17.0,84.64,-38.82,46.4,179.64,0.9959,0.9348,78.64,10.32,359.39,,0.0,1.0,,,SEC,1.56,91,4,3,"2023,2024,2025",1.47,0.363,1.0,261.55,-61.89,south_apex,47.4
34,2,183.0,186.5,17.0,44.4,-15.25,43.94,184.19,0.3518,0.9656,66.59,110.14,4.19,FCE,0.286,0.619,,,,,58,7,7,"2019,2020,2021,2022,2023,2024,2025",5.0,0.483,0.707,212.39,-30.11,antihelion,32.4
21,1,222.0,224.0,17.0,300.97,64.21,25.22,222.78,0.979,0.9576,36.04,193.06,222.78,SFD,0.857,0.143,,,SFD,0.39,189,7,7,"2019,2020,2021,2022,2023,2024,2025",10.9,0.238,0.153,150.44,77.23,north_toroidal,46.9
54,3,214.5,219.5,17.0,299.61,66.25,26.66,215.31,0.9763,0.9483,39.08,195.31,215.31,SFD,0.545,0.455,,,SFD,0.9,223,7,7,"2019,2020,2021,2022,2023,2024,2025",10.95,0.265,0.296,157.82,77.65,north_toroidal,44.2
21,1,205.5,207.5,17.0,71.2,-39.73,37.89,206.13,0.8522,0.9544,58.7,44.69,26.13,CAE,0.762,0.238,,,CAE,1.49,137,6,6,"2019,2021,2022,2023,2024,2025",17.0,0.438,0.285,212.71,-61.05,antihelion,62.0
21,1,345.0,347.0,17.0,279.44,-44.62,64.24,345.63,0.6881,0.9233,137.7,289.86,165.63,,0.0,1.0,,,,,41,5,5,"2022,2023,2024,2025,2026",2.0,0.415,1.0,292.07,-20.23,south_apex,21.7
61,4,25.5,32.0,17.0,326.35,-5.81,64.79,29.46,0.4844,0.9587,163.65,87.15,29.45,ETA,0.476,0.524,,,NPE,7.52,196,7,7,"2020,2021,2022,2023,2024,2025,2026",14.0,0.327,0.27,296.22,6.88,north_apex,27.0
76,3,144.0,149.0,17.0,76.07,36.46,65.69,145.05,0.6367,0.9798,152.04,104.03,145.05,,0.0,1.0,,,,,138,7,7,"2019,2020,2021,2022,2023,2024,2025",17.0,0.362,1.0,293.59,14.4,north_apex,22.8
20,1,42.0,44.0,17.0,283.12,50.72,38.96,42.74,1.0056,0.9536,63.68,186.0,42.75,RLY,0.6,0.4,,,RLY,2.73,151,7,7,"2020,2021,2022,2023,2024,2025,2026",13.5,0.325,0.344,257.04,72.27,north_toroidal,13.3
22,1,88.5,90.5,17.0,337.01,-41.09,55.63,89.88,0.4824,0.9721,109.47,93.97,269.88,,0.0,1.0,,,DGR,2.78,42,4,4,"2023,2024,2025,2026",2.0,0.452,1.0,232.71,-28.66,south_apex,37.2
16,1,30.0,32.0,17.0,231.82,-18.26,36.71,30.95,0.144,0.9345,2.15,320.2,31.48,,0.0,1.0,,,ILI,4.5,422,7,7,"2020,2021,2022,2023,2024,2025,2026",35.5,0.372,1.0,202.02,1.01,antihelion,2.3
20,1,217.5,219.5,17.0,61.58,24.59,43.42,218.57,0.0709,0.9905,14.4,329.93,218.56,CTA,0.95,0.05,CTA,1.47,ETT,5.62,232,7,7,"2019,2020,2021,2022,2023,2024,2025",35.0,0.272,0.19,206.33,4.11,antihelion,7.5
15,1,226.5,228.5,17.0,135.25,47.64,61.73,227.32,0.8606,0.8107,126.05,225.38,227.32,,0.0,1.0,KUM,7.47,IUM,3.91,75,6,6,"2020,2021,2022,2023,2024,2025",10.0,0.347,1.0,255.65,29.39,north_apex,19.6
22,1,186.0,188.0,17.0,64.85,3.73,60.23,187.18,0.3715,0.9743,135.2,106.41,7.18,,0.0,1.0,,,TFE,6.42,35,5,5,"2019,2021,2022,2024,2025",5.0,0.314,1.0,236.85,-17.81,south_apex,31.9
22,1,256.5,258.5,17.0,174.47,40.46,61.18,257.22,0.931,0.8791,118.95,208.35,257.22,PSU,0.364,0.636,PSU,4.0,DPU,6.19,189,7,7,"2019,2020,2021,2022,2023,2024,2025",18.5,0.328,0.217,259.33,34.92,north_apex,22.1
58,2,36.0,39.5,17.0,270.64,7.42,55.2,38.4,0.5267,0.9654,105.23,268.58,38.39,,0.0,1.0,,,,,72,7,7,"2020,2021,2022,2023,2024,2025,2026",7.0,0.361,1.0,232.45,31.58,north_apex,38.3
20,1,144.0,146.0,17.0,30.09,43.78,61.92,145.08,0.9346,0.827,127.36,213.45,145.07,,0.0,1.0,,,CHA,2.76,74,6,6,"2020,2021,2022,2023,2024,2025",6.0,0.473,1.0,259.03,29.51,north_apex,17.7
22,1,39.0,41.0,17.0,295.87,-41.5,64.57,39.94,0.7466,0.9209,140.88,63.37,219.94,,0.0,1.0,,,,,23,4,4,"2023,2024,2025,2026",1.5,0.304,1.0,249.72,-20.48,south_apex,20.1
31,2,123.0,126.5,17.0,9.59,58.94,54.49,124.61,1.01,0.958,98.91,171.43,124.61,UCA,0.955,0.045,ZCS,7.85,UCA,0.67,123,6,6,"2020,2021,2022,2023,2024,2025",13.0,0.463,0.163,275.35,48.61,north_toroidal,11.8
60,1,22.5,24.5,16.7,266.35,-15.13,64.39,23.48,0.4971,0.9422,161.68,273.84,23.47,OSP,0.517,0.483,,,,,150,8,8,"2019,2020,2021,2022,2023,2024,2025,2026",13.0,0.24,0.12,242.96,7.27,north_apex,27.6
30,1,39.0,41.0,16.55,323.22,21.3,58.37,39.65,0.7515,0.9269,114.45,118.22,39.64,,0.0,1.0,,,TPS,0.29,52,5,5,"2022,2023,2024,2025,2026",3.5,0.365,1.0,294.28,33.86,north_apex,29.1
30,1,166.5,168.5,16.55,3.64,36.49,42.57,167.67,0.3871,0.9593,63.51,284.14,167.67,OAN,0.033,0.967,,,,,69,6,6,"2020,2021,2022,2023,2024,2025",13.0,0.275,1.0,210.36,32.72,antihelion,34.2
43,1,178.5,180.5,16.55,62.74,-66.27,21.69,179.67,0.9893,0.6964,33.25,23.18,359.32,M25S2,0.442,0.558,,,,,181,4,4,"2022,2023,2024,2025",3.0,0.884,0.099,163.07,-74.45,antihelion,80.0
21,1,25.5,27.5,16.55,293.98,33.76,37.71,26.25,0.9556,0.2151,74.99,134.96,26.25,,0.0,1.0,,,ZCY,7.58,49,7,7,"2020,2021,2022,2023,2024,2025,2026",5.0,0.306,1.0,280.75,55.25,north_toroidal,7.5
21,1,241.5,243.5,16.55,128.35,38.98,60.98,242.41,0.4119,0.9549,132.41,281.54,242.42,,0.0,1.0,,,,,60,5,5,"2021,2022,2023,2024,2025",8.0,0.3,1.0,237.56,19.02,north_apex,31.3
127,3,198.0,203.0,16.55,82.56,-32.13,43.51,198.52,0.8643,0.8217,76.56,45.68,18.52,OCO,0.295,0.682,,,OCO,2.64,52,5,5,"2021,2022,2023,2024,2025",4.0,0.385,0.231,236.0,-55.04,south_apex,48.8
56,3,100.5,105.5,16.55,343.62,-14.12,61.46,101.75,0.3305,0.9578,162.33,113.33,281.77,,0.0,1.0,,,ADS,1.18,71,8,8,"2019,2020,2021,2022,2023,2024,2025,2026",3.0,0.408,0.944,237.72,-7.01,south_apex,32.7
30,1,69.0,71.0,16.55,317.13,-28.9,62.53,70.12,0.4578,0.945,152.08,98.74,250.12,EMC,0.1,0.9,,,OMC,2.16,71,5,5,"2022,2023,2024,2025,2026",6.5,0.493,0.789,241.37,-11.99,south_apex,28.0
59,2,1.5,5.0,16.55,242.01,-29.12,63.75,2.42,0.4773,0.8867,161.37,97.83,182.42,,0.0,1.0,,,,,54,6,6,"2020,2021,2023,2024,2025,2026",3.0,0.389,1.0,239.7,-8.38,south_apex,30.4
25,2,70.5,74.0,16.0,282.37,-11.43,40.34,72.6,0.0996,0.956,41.26,329.17,72.6,,0.0,1.0,,,,,92,8,8,"2019,2020,2021,2022,2023,2024,2025,2026",6.0,0.304,1.0,209.86,11.56,antihelion,15.2
56,3,217.5,222.5,16.0,139.32,-2.19,68.37,218.62,0.8603,0.9613,149.13,317.3,38.62,PIH,0.65,0.35,,,ASX,7.18,142,6,6,"2019,2021,2022,2023,2024,2025",20.0,0.296,0.028,283.78,-17.01,south_apex,13.4
32,2,193.5,197.0,16.0,28.62,45.15,42.9,194.48,0.39,0.9584,61.81,285.19,194.48,OCH,0.3,0.45,,,OCH,2.84,64,7,7,"2019,2020,2021,2022,2023,2024,2025",6.0,0.391,0.609,209.36,32.35,antihelion,33.6
20,1,40.5,42.5,16.0,288.7,-46.25,61.91,41.93,0.5971,0.9522,130.41,80.28,221.93,,0.0,1.0,,,,,50,4,4,"2023,2024,2025,2026",2.0,0.32,1.0,242.07,-23.31,south_apex,27.7
34,2,232.5,236.0,16.0,118.38,4.01,64.37,233.28,0.5942,0.9221,145.38,80.92,53.28,,0.0,1.0,AMO,3.31,,,65,6,6,"2020,2021,2022,2023,2024,2025",9.0,0.292,1.0,245.98,-16.51,south_apex,23.2
20,1,321.0,323.0,16.0,159.04,-27.04,43.4,321.88,0.4174,0.9425,65.52,100.81,141.88,,0.0,1.0,,,,,30,4,4,"2023,2024,2025,2026",1.5,0.467,1.0,212.21,-35.1,antihelion,37.0
20,1,283.5,285.5,16.0,152.44,58.77,37.92,284.62,0.59,0.9519,53.63,260.25,284.62,,0.0,1.0,,,,,41,6,6,"2020,2021,2022,2024,2025,2026",3.0,0.317,1.0,205.01,43.27,antihelion,43.5
80,5,196.5,203.0,16.0,35.0,46.75,42.99,199.13,0.3571,0.9524,61.52,289.08,199.13,OCH,0.5,0.35,,,OBC,1.91,59,7,7,"2019,2020,2021,2022,2023,2024,2025",9.0,0.237,0.322,209.65,31.17,antihelion,32.5
13,1,82.5,84.5,16.0,301.68,-32.47,36.8,83.4,0.09,0.9247,39.41,152.01,263.39,,0.0,1.0,SZC,2.57,JTT,2.33,193,8,8,"2019,2020,2021,2022,2023,2024,2025,2026",17.0,0.337,0.922,212.77,-12.46,antihelion,17.8
19,1,228.0,230.0,16.0,114.57,-1.17,63.31,229.04,0.6618,0.8929,134.89,71.59,49.04,,0.0,1.0,AMO,3.04,TSM,5.94,55,5,5,"2020,2021,2023,2024,2025",11.0,0.291,1.0,247.74,-22.32,south_apex,22.3
33,2,216.0,219.5,16.0,74.7,1.77,29.13,217.29,0.19,0.7921,35.72,146.26,37.29,OLP,0.5,0.5,,,FOD,5.88,131,6,6,"2019,2021,2022,2023,2024,2025",17.0,0.282,0.29,215.98,-18.85,antihelion,24.6
34,2,130.5,134.0,16.0,324.36,-11.29,29.0,131.33,0.3572,0.8513,3.57,292.36,132.29,,0.0,1.0,,,,,439,7,7,"2019,2020,2021,2022,2023,2024,2025",48.0,0.349,1.0,190.59,2.62,antihelion,9.8
16,1,184.5,186.5,16.0,24.82,35.62,44.41,185.4,0.2343,0.9685,61.73,303.8,185.4,OCH,0.438,0.562,,,,,55,5,5,"2021,2022,2023,2024,2025",5.0,0.382,0.2,210.19,24.34,antihelion,26.3
15,1,72.0,74.0,16.0,344.94,-31.64,64.8,73.21,0.9408,0.8501,138.47,31.96,253.21,,0.0,1.0,,,,,18,3,3,"2024,2025,2026",0.5,0.444,1.0,259.57,-22.7,south_apex,12.5
29,2,25.5,29.0,16.0,270.66,-50.83,60.26,27.85,0.6408,0.9438,123.07,75.15,207.85,,0.0,1.0,,,,,35,4,4,"2023,2024,2025,2026",1.0,0.543,1.0,242.66,-26.87,south_apex,28.2
16,1,229.5,231.5,16.0,77.94,30.34,38.91,230.38,0.0792,0.9552,24.02,332.74,230.38,THA,0.25,0.688,,,IAR,3.2,140,6,6,"2020,2021,2022,2023,2024,2025",14.0,0.3,0.614,210.16,7.41,antihelion,12.6
53,3,22.5,27.5,16.0,325.1,1.15,60.96,23.74,0.3505,0.986,141.91,71.05,23.73,NPE,0.95,0.05,,,NPE,1.7,131,7,7,"2020,2021,2022,2023,2024,2025,2026",8.78,0.244,0.015,303.88,14.27,north_apex,32.8
19,1,349.5,351.5,16.0,274.24,-73.11,53.34,350.47,0.966,0.8981,95.71,340.42,170.48,,0.0,1.0,,,ZPA,1.77,20,4,4,"2023,2024,2025,2026",1.5,0.35,1.0,279.69,-49.35,south_apex,35.3
18,1,270.0,272.0,16.0,155.29,18.86,62.52,271.15,0.344,0.9436,158.98,290.85,271.16,,0.0,1.0,,,DCL,1.94,60,6,6,"2019,2020,2022,2023,2024,2025",6.0,0.317,1.0,239.43,8.29,north_apex,30.7
34,2,24.0,27.5,16.0,316.18,-33.06,68.21,26.24,0.8813,0.912,151.45,317.67,206.24,,0.0,1.0,,,APC,6.33,36,4,4,"2023,2024,2025,2026",2.0,0.417,1.0,282.28,-15.5,south_apex,11.9
20,1,204.0,206.0,16.0,94.29,-54.51,31.55,204.51,0.9918,0.6638,53.46,9.93,24.51,CRN,0.2,0.8,,,CRN,2.57,73,4,4,"2022,2023,2024,2025",4.0,0.575,0.795,259.2,-77.11,south_apex,62.6
20,1,216.0,218.0,16.0,116.95,73.53,49.61,217.28,0.8695,0.926,87.13,222.78,217.28,,0.0,1.0,,,,,47,5,5,"2021,2022,2023,2024,2025",9.0,0.255,1.0,243.08,50.86,north_toroidal,17.8
20,1,220.5,222.5,16.0,300.72,64.51,25.58,221.64,0.9774,0.969,36.87,194.06,221.64,SFD,0.8,0.2,,,SFD,0.15,201,7,7,"2019,2020,2021,2022,2023,2024,2025",25.0,0.269,0.169,151.01,77.26,north_toroidal,46.7
72,4,163.5,170.0,16.0,61.48,-40.42,43.06,167.83,0.9119,0.8962,72.68,36.56,347.83,,0.0,1.0,,,DHO,0.19,72,4,4,"2022,2023,2024,2025",2.0,0.458,1.0,236.24,-59.83,south_apex,52.2
33,2,9.0,12.5,16.0,247.91,-28.15,62.04,11.13,0.3413,0.9063,163.24,113.26,191.14,,0.0,1.0,,,GSG,7.81,24,4,4,"2023,2024,2025,2026",1.5,0.458,1.0,239.22,-6.3,south_apex,31.5
14,1,13.5,15.5,16.0,224.25,-11.85,41.27,14.71,0.0511,0.9739,22.12,337.77,14.72,AAL,0.929,0.071,,,,,99,7,7,"2020,2021,2022,2023,2024,2025,2026",6.5,0.333,0.333,210.42,5.42,antihelion,11.7
20,1,208.5,210.5,16.0,45.02,0.15,31.76,209.54,0.366,0.8962,20.66,109.64,29.53,OER,0.55,0.3,,,DCT,6.6,541,7,7,"2019,2020,2021,2022,2023,2024,2025",64.0,0.375,0.227,191.74,-15.88,antihelion,17.9
20,1,96.0,98.0,16.0,14.03,6.98,68.96,96.84,0.9466,0.8899,178.12,149.38,96.98,DPI,0.75,0.25,,,DPI,2.19,136,6,6,"2021,2022,2023,2024,2025,2026",8.5,0.581,0.169,279.83,0.92,north_apex,17.1
96,4,79.5,86.0,16.0,21.29,-28.0,59.96,83.16,0.9085,0.8778,120.44,320.89,263.16,TSC,0.2,0.8,,,TSC,0.66,76,4,4,"2023,2024,2025,2026",4.0,0.395,0.618,284.49,-33.45,south_apex,22.7
25,1,12.0,14.0,15.8,272.29,-38.11,68.23,13.08,0.8975,0.8869,153.37,38.72,193.09,,0.0,1.0,,,,,22,4,4,"2023,2024,2025,2026",1.5,0.455,1.0,258.53,-14.66,south_apex,11.1
21,1,4.5,6.5,15.8,234.88,-28.62,60.48,5.71,0.2623,0.9671,152.4,119.96,185.71,,0.0,1.0,,,,,41,4,4,"2023,2024,2025,2026",2.0,0.488,1.0,233.9,-9.02,antihelion,35.0
24,1,198.0,200.0,15.8,71.4,29.1,60.35,198.92,0.2471,0.9731,158.51,303.28,198.93,PTA,0.083,0.917,,,FAR,4.8,74,5,4,"2021,2023,2024,2025",2.66,0.365,0.838,234.03,7.22,antihelion,34.7
43,2,33.0,36.5,15.8,246.54,11.91,42.27,35.38,0.4147,0.9655,59.51,282.66,35.39,,0.0,1.0,KSE,6.31,ATH,3.85,64,7,7,"2020,2021,2022,2023,2024,2025,2026",6.5,0.297,1.0,207.63,33.19,antihelion,34.0
116,2,294.0,297.5,15.58,229.44,0.45,66.0,296.54,0.6944,0.9265,145.08,112.54,296.54,DSV,0.452,0.548,,,HTV,3.11,169,7,7,"2020,2021,2022,2023,2024,2025,2026",17.0,0.284,0.053,290.47,17.8,north_apex,19.8
21,1,208.5,210.5,15.32,29.75,12.23,23.59,209.39,0.5269,0.787,4.11,273.54,208.39,,0.0,1.0,,,SOA,3.69,517,7,7,"2019,2020,2021,2022,2023,2024,2025",19.62,0.348,1.0,182.1,4.08,antihelion,18.3
23,1,145.5,147.5,15.06,335.71,46.03,40.77,146.71,0.7117,0.9154,63.97,246.58,146.71,,0.0,1.0,,,,,36,6,6,"2020,2021,2022,2023,2024,2025",3.0,0.472,1.0,34.86,50.77,helion,71.0
23,1,51.0,53.0,15.06,298.75,12.43,60.31,52.15,0.869,0.946,119.94,224.52,52.14,,0.0,1.0,GAQ,3.27,,,28,6,6,"2021,2022,2023,2024,2025,2026",3.5,0.286,1.0,252.51,33.13,north_apex,24.2
26,1,280.5,282.5,15.06,127.95,-35.23,43.11,281.57,0.7469,0.9109,69.9,60.97,101.57,,0.0,1.0,,,BPX,1.47,83,7,7,"2020,2021,2022,2023,2024,2025,2026",4.0,0.373,0.614,222.69,-52.09,south_apex,54.1
27,1,4.5,6.5,15.06,246.42,10.76,56.19,5.76,0.572,0.9539,109.79,263.38,5.76,,0.0,1.0,,,,,32,6,6,"2021,2022,2023,2024,2025,2026",3.0,0.312,1.0,237.24,30.85,north_apex,34.1
25,1,226.5,228.5,15.06,126.29,16.8,68.33,227.39,0.8229,0.8336,175.01,53.15,47.71,,0.0,1.0,,,,,59,6,6,"2020,2021,2022,2023,2024,2025",7.0,0.254,0.983,255.94,-2.87,south_apex,18.4
41,2,192.0,195.5,15.06,78.52,-10.44,57.44,192.89,0.699,0.9221,112.67,69.19,12.89,,0.0,1.0,,,,,61,6,6,"2019,2021,2022,2023,2024,2025",9.0,0.295,1.0,242.86,-33.38,south_apex,30.8
123,6,58.5,66.5,15.06,329.73,-29.78,65.18,63.69,0.8801,0.7622,149.77,45.95,243.7,,0.0,1.0,,,,,28,4,4,"2023,2024,2025,2026",2.0,0.393,1.0,257.74,-16.08,south_apex,11.9
18,1,325.5,327.5,15.06,192.8,-16.85,59.65,326.61,0.2111,0.9748,148.65,126.21,146.61,,0.0,1.0,,,,,36,5,5,"2022,2023,2024,2025,2026",2.0,0.417,1.0,232.84,-9.4,antihelion,34.0
32,2,43.5,47.0,15.0,313.12,70.51,25.19,44.41,0.9631,0.6553,40.63,152.38,44.41,EDR,0.368,0.632,,,EDR,1.3,179,7,7,"2020,2021,2022,2023,2024,2025,2026",22.0,0.363,0.413,356.15,73.38,north_toroidal,36.6
19,1,117.0,119.0,15.0,12.82,-32.6,55.37,118.33,0.6611,0.9642,106.57,74.36,298.33,,0.0,1.0,,,ESC,4.18,65,3,3,"2023,2024,2025",1.0,0.631,1.0,237.06,-34.64,south_apex,35.8
17,1,121.5,123.5,15.0,45.33,-27.33,58.07,122.56,1.0151,0.9243,109.43,5.2,302.56,,0.0,1.0,,,FOR,7.88,56,4,4,"2022,2023,2024,2025",6.0,0.5,1.0,268.64,-42.11,south_apex,27.1
17,1,280.5,282.5,15.0,136.31,22.86,39.79,281.21,0.0643,0.9636,23.72,335.33,281.21,JKL,0.471,0.529,,,JLL,3.62,153,8,8,"2019,2020,2021,2022,2023,2024,2025,2026",9.0,0.392,0.438,210.51,6.51,antihelion,12.4
19,1,232.5,234.5,15.0,151.2,-5.51,68.76,233.38,0.8827,0.9649,151.2,321.39,53.37,PIH,0.789,0.211,,,ASX,2.47,122,7,7,"2019,2020,2021,2022,2023,2024,2025",14.0,0.303,0.107,281.98,-16.58,south_apex,11.6
25,2,15.0,18.5,15.0,208.48,-36.36,41.61,17.57,0.2835,0.9836,47.1,116.65,197.57,ACU,0.579,0.421,,,ACU,1.05,109,6,6,"2021,2022,2023,2024,2025,2026",5.5,0.33,0.294,201.5,-23.3,antihelion,23.4
19,1,94.5,96.5,15.0,295.33,17.11,39.19,95.66,0.5227,0.9467,56.6,271.76,95.66,,0.0,1.0,,,,,29,5,5,"2022,2023,2024,2025,2026",4.5,0.241,1.0,205.1,37.67,antihelion,38.0
18,1,40.5,42.5,15.0,317.89,-43.15,64.21,41.89,0.9976,0.7944,135.43,11.9,221.89,,0.0,1.0,,,,,26,4,4,"2023,2024,2025,2026",1.0,0.423,1.0,265.86,-25.28,south_apex,11.0
18,1,172.5,174.5,15.0,72.4,-26.29,52.52,173.14,0.9208,0.9111,95.9,33.9,353.14,,0.0,1.0,,,,,29,5,5,"2021,2022,2023,2024,2025",5.0,0.345,1.0,252.66,-47.31,south_apex,35.6
63,5,160.5,168.5,15.0,140.65,-68.46,18.86,168.07,0.9927,0.6578,27.87,344.56,348.06,,0.0,1.0,,,BEC,5.44,91,3,3,"2023,2024,2025",0.0,0.385,1.0,40.93,-72.07,helion,87.3
17,1,55.5,57.5,15.0,325.02,44.26,49.19,56.72,0.9271,0.9572,86.03,145.98,56.72,,0.0,1.0,,,,,26,5,5,"2022,2023,2024,2025,2026",2.0,0.538,1.0,293.44,54.02,north_toroidal,14.1
37,2,151.5,155.0,15.0,136.09,49.87,45.18,153.78,0.3879,0.9865,68.33,76.69,153.79,ALN,0.737,0.263,,,ALN,4.75,81,6,5,"2020,2022,2023,2024,2025",2.39,0.383,0.099,329.53,31.56,helion,33.1
57,4,243.0,249.5,15.0,214.85,39.57,48.41,246.84,0.7777,0.9483,82.1,124.32,246.84,NGB,0.737,0.263,,,NGB,0.08,91,6,6,"2019,2021,2022,2023,2024,2025",7.0,0.418,0.0,307.17,49.16,north_toroidal,24.1
10,1,75.0,77.0,15.0,295.06,-40.16,33.5,75.75,0.149,0.8508,45.08,146.9,255.74,,0.0,1.0,,,ASG,1.12,36,4,4,"2023,2024,2025,2026",2.5,0.417,1.0,216.88,-19.58,antihelion,25.7
19,1,52.5,54.5,15.0,287.7,9.9,56.53,53.58,0.6005,0.9278,110.13,260.08,53.57,,0.0,1.0,,,,,39,5,5,"2022,2023,2024,2025,2026",4.5,0.385,1.0,237.12,32.35,north_apex,34.7
46,2,37.5,41.0,15.0,289.98,-32.04,65.93,39.88,0.632,0.9358,159.27,77.43,219.88,,0.0,1.0,,,,,41,6,0,,-0.11,0.39,1.0,246.88,-10.77,south_apex,22.9
19,1,240.0,242.0,15.0,176.87,22.17,67.26,241.25,0.8042,0.957,145.19,127.57,241.25,,0.0,1.0,,,NCB,4.94,45,6,6,"2019,2021,2022,2023,2024,2025",7.0,0.267,1.0,287.24,18.51,north_apex,16.9
25,2,240.0,243.5,15.0,99.77,-29.56,42.89,241.14,0.7567,0.9553,70.05,59.3,61.14,,0.0,1.0,,,,,29,4,4,"2019,2023,2024,2025",2.0,0.379,1.0,221.04,-52.52,south_apex,55.4
32,2,189.0,192.5,15.0,130.98,27.82,64.38,189.75,0.5,0.9243,158.49,88.29,189.75,,0.0,1.0,,,CCR,4.92,58,5,5,"2021,2022,2023,2024,2025",10.0,0.293,1.0,296.24,9.8,north_apex,26.2
19,1,222.0,224.0,15.0,142.88,-2.66,68.24,222.92,0.8659,0.9014,150.72,317.36,42.92,PIH,0.789,0.211,,,ASX,3.63,127,7,7,"2019,2020,2021,2022,2023,2024,2025",17.0,0.307,0.031,283.56,-16.47,south_apex,13.1
19,1,238.5,240.5,15.0,135.23,-24.21,59.15,239.2,0.9836,0.8142,113.13,8.64,59.2,,0.0,1.0,RPU,7.48,TPY,3.4,55,5,5,"2021,2022,2023,2024,2025",6.0,0.382,1.0,267.33,-39.33,south_apex,24.4
16,1,216.0,218.0,15.0,135.11,59.07,58.9,216.49,0.9633,0.9151,111.38,201.08,216.49,,0.0,1.0,OCU,7.71,,,58,6,6,"2019,2021,2022,2023,2024,2025",8.0,0.259,1.0,261.75,39.58,north_toroidal,21.1
57,2,147.0,150.5,14.97,80.84,-31.33,48.96,149.44,0.9684,0.9265,86.9,335.58,329.44,PHE,0.1,0.9,,,,,40,3,1,2025,-0.48,0.625,0.525,288.31,-54.41,south_apex,42.2
49,1,297.0,299.0,14.46,115.17,-44.36,30.6,298.02,0.8821,0.8045,46.39,40.95,118.02,PIP,0.143,0.857,,,PIP,2.08,187,5,5,"2022,2023,2024,2025,2026",13.0,0.316,0.861,192.95,-64.14,antihelion,64.4
45,2,81.0,84.5,14.44,311.32,10.77,56.73,81.93,0.5037,0.9606,114.19,273.21,81.93,,0.0,1.0,,,,,36,5,5,"2022,2023,2024,2025,2026",3.0,0.5,0.889,234.91,26.92,north_apex,34.9
26,1,114.0,116.0,14.31,318.59,37.01,43.06,115.14,0.7458,0.9413,71.84,244.17,115.14,,0.0,1.0,,,,,44,6,6,"2020,2021,2022,2023,2024,2025",4.0,0.341,1.0,220.86,50.69,north_toroidal,29.5
26,1,247.5,249.5,14.31,167.04,-16.27,66.45,248.47,0.8125,0.9268,142.31,309.23,68.46,,0.0,1.0,,,NAC,2.49,89,6,6,"2019,2021,2022,2023,2024,2025",10.0,0.326,1.0,286.52,-20.66,south_apex,16.7
26,1,318.0,320.0,14.31,154.36,-31.11,41.49,319.04,0.4911,0.907,61.66,91.21,139.04,,0.0,1.0,,,,,24,5,5,"2022,2023,2024,2025,2026",2.5,0.292,1.0,208.73,-38.61,antihelion,39.5
27,1,304.5,306.5,14.31,174.07,-9.96,60.17,305.18,0.2372,0.9649,143.14,122.95,125.18,,0.0,1.0,,,KCR,5.78,30,5,5,"2022,2023,2024,2025,2026",4.0,0.267,1.0,232.57,-11.76,antihelion,34.5
27,1,204.0,206.0,14.31,130.87,39.82,67.66,204.75,0.9548,0.9355,143.7,156.06,204.75,,0.0,1.0,,,TLY,4.43,161,6,6,"2020,2021,2022,2023,2024,2025",25.0,0.311,0.584,277.77,21.06,north_apex,9.6
39,2,117.0,120.5,14.31,41.95,-30.5,56.0,119.76,1.0135,0.8935,106.13,8.69,299.76,,0.0,1.0,,,FOR,3.95,65,4,4,"2022,2023,2024,2025",2.0,0.508,1.0,266.53,-43.47,south_apex,28.6
45,1,33.0,35.0,14.03,295.64,15.83,60.57,34.25,0.9962,0.8886,118.24,187.03,34.25,TAL,0.067,0.933,GAQ,6.29,,,72,7,7,"2020,2021,2022,2023,2024,2025,2026",5.5,0.375,1.0,266.65,36.42,north_apex,21.6
16,1,73.5,75.5,14.0,318.83,-34.84,57.33,75.0,0.3324,0.9066,131.15,114.73,255.0,EMC,0.875,0.125,,,EMC,0.96,82,5,5,"2022,2023,2024,2025,2026",4.0,0.378,0.146,234.16,-17.18,south_apex,34.5
15,1,73.5,75.5,14.0,350.91,0.03,70.19,74.15,0.9601,0.9632,173.88,154.54,74.88,,0.0,1.0,,,,,40,6,6,"2020,2021,2023,2024,2025,2026",2.5,0.425,1.0,276.71,4.15,north_apex,12.7
25,2,100.5,104.0,14.0,306.46,15.64,44.27,102.86,0.4307,0.9631,67.11,281.64,102.86,,0.0,1.0,,,,,33,5,5,"2021,2022,2023,2024,2025",3.0,0.424,1.0,212.46,34.04,antihelion,36.1
17,1,202.5,204.5,14.0,39.2,30.07,40.98,203.5,0.1719,0.985,35.14,312.88,203.5,,0.0,1.0,,,,,73,6,6,"2020,2021,2022,2023,2024,2025",9.0,0.301,1.0,203.18,14.11,antihelion,14.5
28,2,169.5,173.0,14.0,36.89,-19.33,45.49,171.65,0.3695,0.9568,72.33,109.28,351.65,FCE,0.556,0.444,,,FCE,2.77,71,6,6,"2020,2021,2022,2023,2024,2025",8.0,0.38,0.085,215.07,-31.95,antihelion,35.1
14,1,73.5,75.5,14.0,284.54,-10.84,41.59,74.94,0.0964,0.9638,39.86,327.93,74.94,,0.0,1.0,,,,,118,6,6,"2020,2021,2023,2024,2025,2026",8.5,0.331,0.983,209.17,11.6,antihelion,14.8
18,1,252.0,254.0,14.0,131.97,53.16,50.76,253.18,0.4904,0.9601,90.3,271.4,253.18,DEL,0.556,0.444,,,DIU,1.88,44,5,5,"2021,2022,2023,2024,2025",3.5,0.341,0.591,227.15,34.68,north_toroidal,38.5
28,2,63.0,66.5,14.0,176.09,-72.42,42.24,63.42,0.9603,0.8065,73.62,28.2,243.42,M25K1,0.056,0.944,,,,,29,3,3,"2024,2025,2026",0.5,0.414,1.0,244.87,-61.21,south_apex,50.3
16,1,234.0,236.0,14.0,58.72,-54.51,19.4,235.21,0.9649,0.6732,28.47,19.95,55.22,,0.0,1.0,,,,,46,3,3,"2023,2024,2025",0.0,0.435,1.0,145.37,-71.54,antihelion,84.2
15,1,303.0,305.0,14.0,225.62,-25.56,68.39,303.45,0.7539,0.8902,164.16,296.97,123.44,,0.0,1.0,,,,,15,5,5,"2022,2023,2024,2025,2026",2.5,0.267,1.0,287.18,-8.1,south_apex,18.2
14,1,333.0,335.0,14.0,173.89,-16.37,43.19,334.01,0.1706,0.9673,45.12,133.88,154.01,,0.0,1.0,,,,,59,7,7,"2020,2021,2022,2023,2024,2025,2026",5.0,0.339,1.0,206.12,-17.06,antihelion,18.1
17,1,204.0,206.0,14.0,103.03,5.05,66.48,205.07,0.8829,0.8466,147.54,40.91,25.07,SOR,0.824,0.176,,,,,107,7,7,"2019,2020,2021,2022,2023,2024,2025",13.0,0.299,0.477,258.21,-17.37,south_apex,11.6
16,1,69.0,71.0,14.0,288.34,20.33,46.48,70.1,0.6117,0.9199,79.48,261.52,70.1,,0.0,1.0,,,,,22,5,5,"2020,2023,2024,2025,2026",2.5,0.318,1.0,223.22,41.28,north_toroidal,35.1
18,1,105.0,107.0,14.0,357.06,-22.77,61.5,105.65,0.5494,0.9308,136.89,87.88,285.66,,0.0,1.0,,,,,30,4,4,"2022,2023,2024,2025",2.0,0.467,1.0,242.41,-19.67,south_apex,26.7
25,2,214.5,218.0,14.0,145.27,75.36,47.52,216.67,0.9526,0.8368,83.14,204.43,216.67,SLD,0.059,0.941,,,YDR,1.08,50,5,5,"2021,2022,2023,2024,2025",7.0,0.44,0.98,253.22,56.01,north_toroidal,9.7
17,1,67.5,69.5,14.0,317.11,-1.64,65.25,68.73,0.7302,0.8696,153.5,246.94,68.72,,0.0,1.0,,,MBA,6.36,19,4,4,"2023,2024,2025,2026",1.5,0.316,1.0,250.89,13.88,north_apex,18.5
18,1,339.0,341.0,14.0,271.04,-42.45,65.04,340.11,0.7036,0.9706,141.63,294.41,160.11,,0.0,1.0,,,,,27,4,4,"2023,2024,2025,2026",1.5,0.37,1.0,290.65,-20.13,south_apex,20.3
18,1,85.5,87.5,14.0,280.5,0.76,36.53,86.65,0.3827,0.9732,35.24,285.29,86.65,JTS,0.833,0.167,,,JTS,0.95,95,7,7,"2020,2021,2022,2023,2024,2025,2026",9.0,0.284,0.168,194.82,24.01,antihelion,24.5
18,1,256.5,258.5,14.0,146.07,-3.58,66.86,257.68,0.7484,0.9354,148.65,60.71,77.68,,0.0,1.0,,,SSX,1.74,59,6,6,"2020,2021,2022,2023,2024,2025",4.5,0.288,1.0,252.06,-16.65,south_apex,17.3
15,1,94.5,96.5,14.0,24.6,-47.21,52.05,95.18,1.0015,0.9402,95.54,13.91,275.18,,0.0,1.0,,,,,33,5,5,"2022,2023,2024,2025,2026",2.5,0.303,1.0,259.82,-51.18,south_apex,37.2
18,1,198.0,200.0,14.0,146.28,40.4,61.78,199.27,0.6459,0.9225,126.65,104.86,199.27,LMI,0.167,0.833,,,,,82,7,7,"2019,2020,2021,2022,2023,2024,2025",12.0,0.268,0.537,296.38,25.81,north_apex,27.0
17,1,213.0,215.0,14.0,104.06,32.86,65.4,214.39,0.5831,0.9082,159.06,262.13,214.39,,0.0,1.0,EGE,5.25,,,104,7,7,"2019,2020,2021,2022,2023,2024,2025",12.0,0.375,1.0,246.96,9.83,north_apex,23.1
27,2,60.0,63.5,14.0,340.34,32.76,56.81,62.45,0.7952,0.95,108.97,123.95,62.45,,0.0,1.0,,,JEP,4.06,28,7,7,"2020,2021,2022,2023,2024,2025,2026",3.0,0.214,1.0,293.19,37.45,north_toroidal,27.2
18,1,84.0,86.0,14.0,326.21,-21.54,60.9,85.28,0.2937,0.9511,159.37,116.42,265.28,ADS,0.333,0.667,,,ADS,7.6,55,5,5,"2022,2023,2024,2025,2026",4.0,0.382,0.527,236.64,-7.32,south_apex,33.6
18,1,84.0,86.0,14.0,293.39,-43.93,40.42,84.89,0.2641,0.9657,45.36,120.64,264.89,,0.0,1.0,,,EOC,5.75,68,4,4,"2023,2024,2025,2026",3.0,0.426,1.0,203.27,-21.82,antihelion,22.1
16,1,81.0,83.0,14.0,292.04,-43.96,42.67,81.45,0.24,0.979,50.98,123.71,261.45,,0.0,1.0,,,EOC,4.78,83,6,6,"2020,2021,2023,2024,2025,2026",5.0,0.434,1.0,205.24,-21.68,antihelion,22.3
45,3,234.0,239.0,14.0,154.78,-7.39,68.97,237.66,0.9033,0.9724,149.86,325.45,57.66,PIH,0.722,0.278,,,ASX,4.0,137,7,7,"2019,2020,2021,2022,2023,2024,2025",21.0,0.292,0.175,280.68,-16.43,south_apex,10.4
18,1,196.5,198.5,14.0,139.41,24.08,64.73,197.27,0.4974,0.9326,161.64,87.43,197.28,,0.0,1.0,TCA,5.7,PHC,5.54,52,5,5,"2021,2022,2023,2024,2025",8.0,0.308,1.0,296.87,7.7,north_apex,27.3
24,2,277.5,281.0,14.0,156.27,17.51,58.71,278.38,0.1792,0.9532,157.24,312.8,278.39,,0.0,1.0,,,,,31,4,4,"2022,2023,2024,2025",1.0,0.323,1.0,232.65,6.53,antihelion,33.2
17,1,283.5,285.5,14.0,173.49,51.55,46.48,284.43,0.6284,0.9193,77.02,255.33,284.42,,0.0,1.0,,,,,62,6,6,"2020,2022,2023,2024,2025,2026",3.0,0.355,1.0,223.26,43.89,north_toroidal,33.0
15,1,141.0,143.0,14.0,351.71,-13.83,37.66,142.21,0.1389,0.9455,23.17,141.07,322.2,SDA,0.533,0.0,PAU,6.65,AOA,2.29,1855,7,7,"2019,2020,2021,2022,2023,2024,2025",91.0,0.387,0.074,205.92,-8.96,antihelion,10.7
18,1,51.0,53.0,14.0,293.42,7.61,60.03,51.82,0.7064,0.9372,122.52,247.98,51.81,,0.0,1.0,,,,,47,6,6,"2021,2022,2023,2024,2025,2026",5.0,0.34,1.0,244.97,29.03,north_apex,27.1
25,2,219.0,222.5,14.0,127.27,37.82,66.19,219.87,0.9121,0.8032,147.25,215.58,219.88,,0.0,1.0,,,TOL,3.54,61,5,5,"2021,2022,2023,2024,2025",7.0,0.311,1.0,260.66,18.19,north_apex,9.5
16,1,27.0,29.0,14.0,223.91,-35.17,40.99,27.71,0.2158,0.9625,42.37,128.17,207.7,,0.0,1.0,,,,,25,4,4,"2023,2024,2025,2026",1.0,0.52,1.0,203.55,-17.91,antihelion,18.2
18,1,217.5,219.5,14.0,98.06,7.01,62.11,218.79,0.4276,0.9651,141.14,99.19,38.79,M25V1,0.222,0.778,,,,,182,7,7,"2019,2020,2021,2022,2023,2024,2025",26.0,0.275,0.896,239.61,-16.14,south_apex,29.3
77,4,325.5,330.5,13.57,159.23,-43.54,41.32,329.52,0.6567,0.9064,64.14,72.9,149.52,,0.0,1.0,,,,,18,4,4,"2023,2024,2025,2026",1.0,0.556,1.0,212.48,-47.07,antihelion,48.4
55,3,321.0,326.0,13.57,238.13,-25.52,70.32,323.17,0.9224,0.9216,169.95,328.93,143.17,,0.0,1.0,,,,,13,4,4,"2022,2023,2024,2025",1.5,0.308,1.0,278.39,-5.09,south_apex,12.9
75,5,114.0,122.0,13.57,13.32,-12.99,64.33,118.08,0.6978,0.9305,146.41,71.06,298.09,,0.0,1.0,,,,,34,4,4,"2020,2023,2024,2025",2.0,0.471,1.0,248.51,-16.12,south_apex,20.7
13,1,73.5,75.5,13.57,19.05,-53.06,50.27,75.01,1.0126,0.9405,88.74,349.73,255.0,,0.0,1.0,,,,,13,3,3,"2024,2025,2026",0.0,0.462,1.0,276.39,-55.47,south_apex,40.8
25,1,64.5,66.5,13.57,299.81,9.62,57.34,65.37,0.5649,0.9383,115.43,265.73,65.37,,0.0,1.0,,,,,33,7,3,"2020,2021,2026",0.28,0.394,1.0,236.43,28.45,north_apex,34.0
73,5,219.0,224.0,13.57,111.67,41.18,64.21,220.4,0.6202,0.916,140.18,258.88,220.4,TOL,0.565,0.435,,,TOL,5.14,70,6,6,"2019,2021,2022,2023,2024,2025",7.0,0.271,0.343,246.37,19.09,north_apex,23.0
48,2,175.5,179.0,13.39,13.9,33.68,42.69,178.34,0.266,0.97,57.75,300.16,178.34,,0.0,1.0,,,,,77,7,7,"2019,2020,2021,2022,2023,2024,2025",8.0,0.416,0.623,208.54,25.37,antihelion,26.7
34,1,63.0,65.0,13.39,324.04,-44.07,60.52,63.55,0.7479,0.9399,124.49,61.86,243.55,,0.0,1.0,,,MMI,2.72,29,4,4,"2023,2024,2025,2026",1.0,0.448,1.0,247.83,-29.14,south_apex,24.9
16,1,223.5,225.5,13.0,132.79,-3.47,66.98,224.53,0.989,0.7947,144.92,353.79,44.53,,0.0,1.0,,,NHD,4.7,57,7,7,"2019,2020,2021,2022,2023,2024,2025",5.0,0.281,1.0,272.02,-19.65,south_apex,5.0
17,1,216.0,218.0,13.0,106.26,49.79,61.01,217.26,0.6447,0.9464,124.8,254.86,217.27,TOL,0.059,0.941,,,OLY,3.43,57,5,5,"2021,2022,2023,2024,2025",7.0,0.333,1.0,243.61,26.54,north_apex,27.2
17,1,123.0,125.0,13.0,269.1,22.81,14.45,123.69,0.9457,0.6411,16.28,215.21,123.71,,0.0,1.0,,,,,272,7,7,"2019,2020,2021,2022,2023,2024,2025",23.0,0.438,0.971,147.24,45.12,antihelion,66.4
37,2,123.0,126.5,13.0,271.02,36.91,17.25,125.12,0.9694,0.6808,23.66,207.56,125.12,KCG,0.235,0.765,,,KLY,4.77,337,7,7,"2019,2020,2021,2022,2023,2024,2025",33.0,0.365,0.694,147.31,61.07,north_toroidal,60.4
17,1,229.5,231.5,13.0,76.72,-41.46,31.72,230.52,0.872,0.8705,48.3,41.09,50.52,,0.0,1.0,,,,,106,4,4,"2022,2023,2024,2025",8.0,0.5,1.0,197.54,-64.75,antihelion,64.8
27,2,210.0,213.5,13.0,304.56,68.81,27.73,212.57,0.9703,0.9571,40.75,198.06,212.57,SFD,0.294,0.706,,,SFD,3.28,226,7,7,"2019,2020,2021,2022,2023,2024,2025",31.0,0.279,0.354,162.12,77.21,north_toroidal,43.0
28,2,216.0,219.5,13.0,109.48,56.69,58.23,218.42,0.7061,0.9575,111.94,245.42,218.42,,0.0,1.0,,,TTL,6.54,63,6,6,"2019,2021,2022,2023,2024,2025",8.0,0.254,1.0,243.81,33.39,north_apex,30.1
12,1,210.0,212.0,13.0,314.29,51.87,16.88,210.63,0.9662,0.6867,23.23,202.05,210.63,,0.0,1.0,,,,,233,7,7,"2019,2020,2021,2022,2023,2024,2025",25.0,0.309,1.0,135.97,62.81,north_toroidal,64.2
17,1,207.0,209.0,13.0,41.55,0.64,31.1,208.15,0.3809,0.9019,18.5,107.37,28.15,OER,0.765,0.176,,,DCT,3.1,444,7,7,"2019,2020,2021,2022,2023,2024,2025",19.16,0.387,0.194,191.35,-15.32,antihelion,17.6
15,1,205.5,207.5,13.0,271.4,57.42,20.39,206.15,0.9951,0.7145,31.6,177.36,206.15,,0.0,1.0,DRA,4.96,,,162,7,7,"2019,2020,2021,2022,2023,2024,2025",22.0,0.272,1.0,71.77,79.94,north_toroidal,58.9
26,2,231.0,234.5,13.0,90.29,-21.48,44.8,232.0,0.6154,0.9404,71.59,76.84,52.0,MCB,0.438,0.188,ACA,5.21,MCB,3.82,93,6,6,"2020,2021,2022,2023,2024,2025",9.0,0.355,0.333,218.53,-45.24,antihelion,48.4
16,1,231.0,233.0,13.0,79.17,-42.93,31.44,231.99,0.8856,0.8579,47.61,39.51,51.99,,0.0,1.0,,,,,99,4,4,"2022,2023,2024,2025",8.0,0.495,1.0,197.96,-64.84,antihelion,64.9
25,2,195.0,198.5,13.0,37.34,45.97,17.04,196.15,0.3887,0.5242,21.16,320.65,196.15,SAN,0.938,0.062,,,SAN,0.41,74,7,7,"2019,2020,2021,2022,2023,2024,2025",7.0,0.378,0.135,214.27,29.36,antihelion,32.4
16,1,195.0,197.0,13.0,80.14,-47.21,38.52,196.45,0.9622,0.9256,61.85,22.48,16.45,,0.0,1.0,,,,,42,4,4,"2020,2023,2024,2025",2.0,0.429,1.0,234.1,-69.13,south_apex,60.3
26,2,232.5,236.0,13.0,128.9,38.5,65.33,233.24,0.6571,0.9568,141.59,251.19,233.25,TOL,0.529,0.471,,,TOL,4.57,108,7,7,"2019,2020,2021,2022,2023,2024,2025",15.0,0.324,0.222,247.79,18.63,north_apex,21.6
28,2,192.0,195.5,13.0,138.79,26.09,63.21,192.58,0.4272,0.9307,156.11,77.89,192.58,,0.0,1.0,TCA,4.51,,,43,6,6,"2020,2021,2022,2023,2024,2025",6.0,0.302,1.0,299.59,9.69,north_apex,29.4
24,2,234.0,237.5,13.0,139.34,36.1,66.74,235.77,0.8097,0.9209,143.85,231.24,235.77,,0.0,1.0,,,NLY,4.36,45,5,5,"2021,2022,2023,2024,2025",6.0,0.311,1.0,254.68,19.25,north_apex,15.2
24,2,187.5,191.0,13.0,27.39,27.83,42.77,190.0,0.1533,0.989,43.79,315.25,190.0,,0.0,1.0,,,,,85,6,6,"2019,2021,2022,2023,2024,2025",13.0,0.271,1.0,205.55,14.83,antihelion,15.8
55,3,175.5,180.5,13.0,128.17,37.57,59.09,176.87,0.3649,0.9355,131.62,69.75,176.87,OMG,0.588,0.412,OMG,7.81,APA,4.19,100,6,6,"2020,2021,2022,2023,2024,2025",11.0,0.38,0.06,305.04,17.41,north_apex,33.7
16,1,237.0,239.0,13.0,186.43,56.52,50.69,237.97,0.9784,0.826,91.45,168.09,237.97,,0.0,1.0,,,GMA,4.62,36,6,6,"2019,2021,2022,2023,2024,2025",3.0,0.5,1.0,277.71,51.33,north_toroidal,9.7
16,1,229.5,231.5,13.0,70.67,26.44,40.98,230.54,0.1226,0.9853,11.41,320.76,230.53,CTA,0.75,0.25,CTA,5.08,,,217,7,7,"2019,2020,2021,2022,2023,2024,2025",22.0,0.313,0.272,203.11,4.31,antihelion,5.3
17,1,159.0,161.0,13.0,33.94,-12.63,53.91,159.78,0.3203,0.9824,105.76,112.56,339.78,,0.0,1.0,,,,,84,7,7,"2019,2020,2021,2022,2023,2024,2025",10.0,0.321,1.0,226.31,-24.84,antihelion,35.7
25,2,156.0,159.5,13.0,140.17,48.43,44.84,156.72,0.3795,0.9867,66.24,75.2,156.72,ALN,0.75,0.25,,,ALN,1.88,95,6,6,"2020,2021,2022,2023,2024,2025",11.0,0.442,0.011,329.94,31.5,helion,33.0
44,3,153.0,158.0,13.0,85.25,-33.4,47.0,155.32,0.9748,0.8831,81.19,337.41,335.32,LEP,0.235,0.765,,,,,36,4,4,"2022,2023,2024,2025",2.0,0.528,1.0,289.08,-57.74,south_apex,45.4
15,1,151.5,153.5,13.0,76.28,-26.71,54.27,152.38,0.9952,0.9087,97.91,345.98,332.38,LEP,0.067,0.933,,,,,33,3,3,"2023,2024,2025",1.0,0.606,0.758,278.71,-49.64,south_apex,35.4
26,2,148.5,152.0,13.0,37.31,9.34,64.54,151.46,0.5298,0.9139,169.05,89.89,331.48,,0.0,1.0,,,,,53,7,7,"2019,2020,2021,2022,2023,2024,2025",7.0,0.321,1.0,245.28,-4.69,south_apex,26.4
16,1,241.5,243.5,13.0,161.44,-14.7,66.37,242.32,0.8121,0.9467,141.51,309.2,62.32,,0.0,1.0,,,NAC,3.19,93,7,5,"2021,2022,2023,2024,2025",3.63,0.29,1.0,286.76,-20.36,south_apex,16.8
15,1,144.0,146.0,13.0,19.25,28.57,62.86,145.25,0.5763,0.9665,139.6,262.16,145.24,,0.0,1.0,,,PON,0.35,62,6,6,"2020,2021,2022,2023,2024,2025",6.0,0.387,1.0,243.37,18.7,north_apex,25.7
15,1,132.0,134.0,13.0,335.47,-14.04,31.27,132.67,0.2225,0.8717,6.13,132.22,312.64,SIA,0.933,0.067,NIA,5.92,SIA,1.55,342,7,7,"2019,2020,2021,2022,2023,2024,2025",23.0,0.456,0.345,198.85,-3.56,antihelion,3.7
30,2,216.0,219.5,13.0,117.86,21.71,69.15,217.07,0.86,0.8582,176.99,222.62,217.12,,0.0,1.0,,,,,63,7,7,"2019,2020,2021,2022,2023,2024,2025",9.0,0.302,1.0,258.87,1.38,north_apex,17.5
25,2,130.5,134.0,13.0,68.66,-36.91,47.24,131.5,0.9888,0.8616,82.2,341.19,311.5,PHE,1.0,0.0,,,ACD,0.3,324,4,4,"2022,2023,2024,2025",5.0,0.463,0.083,284.76,-57.95,south_apex,44.6
17,1,169.5,171.5,13.0,157.52,48.82,45.04,170.79,0.4725,0.988,67.92,86.22,170.8,,0.0,1.0,,,,,62,6,6,"2020,2021,2022,2023,2024,2025",6.0,0.355,1.0,328.74,35.63,helion,37.2
25,2,166.5,170.0,13.0,49.01,-24.59,49.8,169.05,0.6212,0.954,87.93,77.29,349.05,TER,0.75,0.25,,,TER,0.28,68,6,6,"2020,2021,2022,2023,2024,2025",6.0,0.338,0.074,229.06,-40.68,south_apex,44.4
26,2,270.0,273.5,13.0,152.63,25.1,58.87,272.41,0.2414,0.9503,139.62,303.85,272.41,,0.0,1.0,JLE,4.12,DCL,4.95,42,6,6,"2019,2020,2022,2023,2024,2025",2.0,0.405,1.0,233.04,13.36,antihelion,35.4
25,2,43.5,47.0,13.0,293.73,-35.11,65.49,45.84,0.5743,0.9868,151.23,82.54,225.85,OMC,0.25,0.75,,,TTS,6.38,150,7,7,"2020,2021,2022,2023,2024,2025,2026",6.0,0.307,0.513,244.7,-13.41,south_apex,24.6
25,2,91.5,95.0,13.0,3.17,-15.13,67.39,92.98,0.9727,0.8574,154.63,25.42,272.98,,0.0,1.0,,,,,31,3,3,"2023,2025,2026",1.0,0.452,1.0,262.18,-14.22,south_apex,7.6
15,1,51.0,53.0,13.0,281.8,4.51,55.1,52.22,0.4207,0.9331,108.93,282.57,52.22,,0.0,1.0,,,,,34,5,5,"2021,2023,2024,2025,2026",4.0,0.353,1.0,230.46,27.11,north_apex,38.8
16,1,91.5,93.5,13.0,27.34,28.1,61.01,92.22,0.3927,0.9732,140.17,76.58,92.21,,0.0,1.0,,,,,40,5,5,"2022,2023,2024,2025,2026",5.5,0.325,1.0,303.12,15.67,north_apex,31.9
16,1,327.0,329.0,13.0,266.67,-4.12,62.46,328.14,0.5387,0.9351,135.79,95.66,328.14,,0.0,1.0,,,YOP,3.64,14,3,3,"2024,2025,2026",1.0,0.357,1.0,297.7,19.4,north_apex,26.8
16,1,45.0,47.0,13.0,184.7,29.04,10.04,45.6,0.9847,0.5968,7.51,200.5,45.63,,0.0,1.0,,,,,290,8,8,"2019,2020,2021,2022,2023,2024,2025,2026",27.5,0.269,1.0,127.22,30.11,antihelion,76.5
25,2,45.0,48.5,13.0,138.02,33.69,7.63,47.16,1.0073,0.5383,3.15,174.03,47.39,,0.0,1.0,,,,,198,7,7,"2020,2021,2022,2023,2024,2025,2026",20.0,0.283,1.0,85.18,16.56,helion,105.4
38,2,96.0,99.5,13.0,351.04,-18.15,65.0,97.1,0.6544,0.9233,152.54,74.96,277.11,,0.0,1.0,,,ADS,7.06,40,5,5,"2022,2023,2024,2025,2026",2.5,0.375,1.0,247.37,-13.79,south_apex,21.9
28,2,102.0,105.5,13.0,339.64,-1.83,61.36,104.09,0.2995,0.9691,161.72,295.31,104.08,,0.0,1.0,,,,,72,6,6,"2020,2021,2022,2023,2024,2025",8.0,0.375,1.0,236.25,6.54,north_apex,34.2
15,1,274.5,276.5,13.0,154.79,26.92,58.53,275.03,0.2511,0.9729,132.67,300.78,275.03,,0.0,1.0,COM,6.34,DLM,6.89,40,5,5,"2019,2022,2023,2024,2025",3.0,0.35,1.0,232.24,15.28,antihelion,35.4
30,2,333.0,336.5,13.0,160.2,-32.87,39.1,333.83,0.5026,0.9377,53.85,91.11,153.83,,0.0,1.0,,,,,21,4,4,"2023,2024,2025,2026",1.5,0.429,1.0,204.39,-36.21,antihelion,36.5
16,1,99.0,101.0,13.0,322.14,37.15,39.68,99.57,0.7379,0.4395,78.59,264.06,99.57,,0.0,1.0,,,,,22,4,4,"2022,2023,2024,2025",1.5,0.364,1.0,241.79,47.88,north_toroidal,20.6
15,1,270.0,272.0,13.0,131.86,52.36,40.89,270.97,0.4018,0.9413,58.7,284.81,270.97,,0.0,1.0,,,,,32,6,6,"2020,2021,2022,2023,2024,2025",4.5,0.219,1.0,207.88,32.67,antihelion,33.5
17,1,34.5,36.5,13.0,323.48,-35.73,66.55,35.36,0.9378,0.8804,143.84,328.9,215.36,APC,0.059,0.941,,,,,26,3,0,,-0.57,0.346,1.0,278.93,-20.42,south_apex,10.1
48,4,33.0,39.5,13.0,320.66,13.97,61.61,35.07,0.7277,0.9184,125.49,114.67,35.07,,0.0,1.0,,,TPS,7.63,40,5,5,"2022,2023,2024,2025,2026",4.5,0.3,1.0,292.57,27.89,north_apex,24.6
16,1,321.0,323.0,13.0,248.35,-13.51,67.02,321.97,0.7469,0.8298,163.66,117.87,321.97,,0.0,1.0,,,,,13,4,4,"2022,2024,2025,2026",1.5,0.308,1.0,285.91,9.41,north_apex,16.5
73,6,319.5,329.0,13.0,253.13,-37.74,65.04,323.07,0.6206,0.9408,148.13,280.91,143.07,,0.0,1.0,,,XLU,7.08,37,5,5,"2022,2023,2024,2025,2026",3.0,0.324,1.0,293.49,-15.03,south_apex,22.7
17,1,319.5,321.5,13.0,152.66,-42.37,42.08,319.91,0.6848,0.9324,67.7,67.54,139.91,,0.0,1.0,,,,,25,3,3,"2024,2025,2026",1.0,0.32,1.0,217.06,-47.5,antihelion,50.0
27,2,90.0,93.5,13.0,26.83,-50.65,49.8,92.3,1.0092,0.9566,88.55,10.08,272.3,,0.0,1.0,,,,,36,5,5,"2022,2023,2024,2025,2026",2.5,0.472,1.0,262.24,-54.34,south_apex,39.9
24,2,55.5,59.0,13.0,345.52,-59.0,53.83,57.62,0.9894,0.8583,98.32,17.6,237.62,,0.0,1.0,,,,,19,2,2,"2025,2026",0.0,0.474,1.0,260.68,-47.93,south_apex,33.9
16,1,58.5,60.5,13.0,332.58,0.97,69.51,59.38,0.9854,0.972,159.91,161.35,59.36,,0.0,1.0,,,,,29,5,5,"2021,2023,2024,2025,2026",3.0,0.31,0.862,275.97,11.91,north_apex,6.6
16,1,88.5,90.5,13.0,318.11,28.77,53.66,89.67,0.8197,0.9644,99.32,234.67,89.67,,0.0,1.0,,,JEC,4.88,24,5,5,"2022,2023,2024,2025,2026",2.0,0.375,1.0,243.02,42.78,north_toroidal,24.1
16,1,256.5,258.5,13.0,138.9,9.04,64.18,257.36,0.4193,0.9421,163.73,101.16,77.36,,0.0,1.0,,,,,100,6,6,"2020,2021,2022,2023,2024,2025",11.5,0.31,1.0,241.71,-6.65,south_apex,29.0
14,1,85.5,87.5,13.0,15.32,-49.94,51.21,86.37,0.9935,0.9284,94.43,17.38,266.37,,0.0,1.0,,,,,27,4,4,"2023,2024,2025,2026",1.5,0.407,1.0,259.91,-51.33,south_apex,37.3
42,3,85.5,90.5,13.0,22.73,-27.56,61.57,86.71,0.9371,0.9651,120.61,327.53,266.71,TSC,0.375,0.625,,,TSC,0.08,67,4,4,"2023,2024,2025,2026",4.5,0.313,0.537,282.6,-33.92,south_apex,22.1
31,2,304.5,308.0,13.0,142.68,-33.94,42.37,305.21,0.6342,0.9236,66.34,76.11,125.21,,0.0,1.0,,,,,21,4,4,"2023,2024,2025,2026",2.0,0.333,1.0,215.2,-46.27,antihelion,48.3
34,3,67.5,72.5,13.0,323.61,-42.58,60.08,69.41,0.6066,0.9392,123.58,79.76,249.42,,0.0,1.0,,,MMI,2.0,41,3,3,"2024,2025,2026",1.0,0.488,1.0,241.73,-26.44,south_apex,28.8
30,2,67.5,71.0,13.0,344.25,-31.21,67.09,69.21,0.9936,0.9425,141.1,16.72,249.22,,0.0,1.0,,,,,40,4,4,"2023,2024,2025,2026",2.0,0.425,1.0,264.44,-23.3,south_apex,9.8
17,1,75.0,77.0,13.0,305.54,-8.12,57.45,75.56,0.1837,0.9689,141.08,311.03,75.55,,0.0,1.0,,,,,41,5,5,"2022,2023,2024,2025,2026",5.5,0.341,1.0,230.44,11.22,antihelion,32.3
16,1,75.0,77.0,13.0,303.3,9.97,54.88,75.85,0.4629,0.9527,107.71,277.27,75.85,,0.0,1.0,,,,,24,4,4,"2022,2023,2024,2026",2.0,0.292,1.0,233.0,28.93,north_apex,37.0
10,1,297.0,299.0,13.0,156.8,17.58,39.36,298.2,0.0571,0.9544,32.36,338.09,298.2,JKL,0.2,0.8,,,,,68,6,6,"2021,2022,2023,2024,2025,2026",6.5,0.279,0.691,213.08,7.31,antihelion,15.0
26,2,81.0,84.5,13.0,29.46,58.39,41.62,83.59,0.5993,0.939,65.85,98.56,83.6,,0.0,1.0,,,,,74,7,7,"2020,2021,2022,2023,2024,2025,2026",10.0,0.284,0.635,328.05,43.86,north_toroidal,39.3
15,1,33.0,35.0,13.0,322.23,63.7,28.62,34.31,0.9391,0.7924,45.61,148.09,34.31,EDR,0.067,0.933,,,,,42,5,5,"2022,2023,2024,2025,2026",5.5,0.31,1.0,342.34,70.56,north_toroidal,32.0
17,1,78.0,80.0,13.0,35.71,-41.82,50.35,79.47,0.9224,0.9588,89.11,324.75,259.47,,0.0,1.0,,,CPH,0.54,24,4,4,"2023,2024,2025,2026",2.0,0.5,1.0,292.71,-51.47,south_apex,41.1
27,2,340.5,344.0,13.0,213.45,-4.04,59.74,343.3,0.1689,0.9899,148.17,312.07,343.3,,0.0,1.0,,,UPV,0.54,51,6,6,"2020,2021,2022,2024,2025,2026",2.0,0.51,1.0,229.36,8.92,antihelion,30.6
17,1,268.5,270.5,13.0,172.45,62.82,45.27,269.72,0.7997,0.9543,74.45,233.51,269.72,,0.0,1.0,,,,,32,7,7,"2019,2020,2021,2022,2023,2024,2025",3.5,0.281,1.0,229.21,52.95,north_toroidal,23.6
16,1,15.0,17.0,13.0,301.7,-1.77,66.68,16.02,0.7726,0.9898,146.18,122.94,16.02,,0.0,1.0,,,,,35,5,5,"2021,2022,2024,2025,2026",3.5,0.457,1.0,287.93,18.5,north_apex,17.5
17,1,355.5,357.5,13.0,232.33,-37.85,63.57,356.38,0.5708,0.9399,140.38,83.69,176.38,,0.0,1.0,,,,,43,5,5,"2021,2023,2024,2025,2026",4.0,0.372,1.0,244.08,-18.07,south_apex,25.0
16,1,343.5,345.5,13.0,199.98,19.32,42.55,345.0,0.2969,0.9535,54.42,295.64,345.0,,0.0,1.0,,,,,58,6,6,"2021,2022,2023,2024,2025,2026",4.5,0.5,1.0,205.87,25.93,antihelion,26.6
26,2,355.5,359.0,13.0,291.04,13.0,57.67,358.07,0.6991,0.9551,110.42,112.56,358.07,,0.0,1.0,,,CAQ,2.01,66,6,6,"2021,2022,2023,2024,2025,2026",8.5,0.242,1.0,299.61,34.79,north_toroidal,32.2
33,2,114.0,117.5,13.0,47.71,36.58,61.52,114.97,0.4784,0.9549,137.99,84.98,114.97,,0.0,1.0,,,,,37,6,6,"2020,2021,2022,2023,2024,2025",5.0,0.27,1.0,300.25,16.95,north_apex,29.1
44,2,103.5,107.0,13.0,58.0,-50.68,40.03,105.65,1.0084,0.8542,67.89,346.32,285.65,,0.0,1.0,,,,,35,2,2,"2024,2025",1.0,0.714,1.0,286.59,-66.56,south_apex,53.1
39,3,106.5,111.5,13.0,347.91,-12.96,60.43,107.42,0.2734,0.9664,159.34,118.96,287.43,,0.0,1.0,,,ADS,3.35,66,5,5,"2021,2022,2023,2024,2025",3.0,0.561,1.0,235.79,-7.27,south_apex,34.4
30,1,237.0,239.0,12.86,160.1,50.18,59.43,238.13,0.954,0.8654,113.58,202.55,238.13,,0.0,1.0,,,PUA,7.79,49,6,6,"2020,2021,2022,2023,2024,2025",8.0,0.347,1.0,261.71,37.67,north_toroidal,23.0
35,1,310.5,312.5,12.86,243.1,0.03,66.15,311.41,0.7465,0.9533,140.41,118.95,311.41,DSV,0.2,0.8,,,JOS,2.72,56,6,6,"2021,2022,2023,2024,2025,2026",7.0,0.357,0.518,289.15,20.7,north_apex,19.1
53,3,213.0,218.0,12.86,134.98,36.42,67.8,214.51,0.9875,0.8636,148.64,170.51,214.51,,0.0,1.0,TCA,6.28,SGC,5.08,75,7,7,"2019,2020,2021,2022,2023,2024,2025",10.0,0.333,1.0,273.47,18.67,north_apex,4.9
35,1,148.5,150.5,12.86,57.8,-29.03,53.58,149.35,0.9597,0.8803,98.3,25.92,329.35,,0.0,1.0,,,SFO,0.47,39,4,4,"2022,2023,2024,2025",2.0,0.487,1.0,255.66,-47.88,south_apex,35.1
24,1,42.0,44.0,12.82,292.79,-35.29,64.75,42.94,0.6066,0.9405,151.72,80.41,222.95,,0.0,1.0,,,TTS,7.17,104,6,6,"2020,2022,2023,2024,2025,2026",5.5,0.346,0.904,244.68,-13.64,south_apex,24.6
77,5,70.5,78.5,12.82,14.05,-30.46,61.03,76.05,0.9302,0.922,120.73,325.23,256.05,,0.0,1.0,,,AST,1.63,39,4,0,,-0.45,0.462,0.846,284.59,-33.58,south_apex,22.9
22,1,214.5,216.5,12.82,112.54,55.31,60.21,215.37,0.8048,0.923,117.78,233.13,215.37,,0.0,1.0,,,TTL,4.63,81,7,7,"2019,2020,2021,2022,2023,2024,2025",8.0,0.346,1.0,249.98,33.75,north_apex,26.2
32,2,60.0,63.5,12.82,6.14,-35.9,59.56,62.31,0.8792,0.9069,117.29,315.66,242.31,,0.0,1.0,,,AST,7.18,48,5,5,"2022,2023,2024,2025,2026",2.0,0.438,1.0,286.45,-34.08,south_apex,24.2
19,1,145.5,147.5,12.82,347.49,73.92,42.7,146.51,1.0092,0.8387,74.85,186.06,146.51,,0.0,1.0,AGC,3.17,BCE,6.03,51,6,6,"2020,2021,2022,2023,2024,2025",5.0,0.314,0.647,264.98,64.27,north_toroidal,4.9
17,1,297.0,299.0,12.82,146.24,-67.18,37.64,298.12,0.9826,0.6684,64.1,14.18,118.12,,0.0,1.0,,,OCR,6.77,19,4,4,"2023,2024,2025,2026",1.5,0.368,1.0,254.53,-66.98,south_apex,53.3
50,2,196.5,200.0,12.82,112.6,-1.13,67.21,199.14,0.9774,0.929,140.72,343.31,19.14,,0.0,1.0,,,,,79,6,6,"2020,2021,2022,2023,2024,2025",11.0,0.329,1.0,275.27,-22.6,south_apex,9.1
23,1,97.5,99.5,12.82,11.52,-22.22,63.79,98.51,0.9836,0.8287,136.41,22.3,278.51,,0.0,1.0,,,JCD,8.0,21,4,4,"2023,2024,2025,2026",1.5,0.381,1.0,264.08,-25.75,south_apex,12.1
78,3,9.0,14.0,12.74,272.33,-16.94,69.34,13.13,0.908,0.9107,168.63,216.86,13.12,,0.0,1.0,,,OSP,4.94,67,5,5,"2022,2023,2024,2025,2026",5.5,0.448,0.97,259.92,6.34,north_apex,13.2
74,1,235.5,237.5,12.54,119.82,13.48,64.82,236.35,0.4512,0.9271,164.2,98.05,56.34,,0.0,1.0,,,,,219,7,7,"2019,2020,2021,2022,2023,2024,2025",8.98,0.311,0.991,243.26,-6.42,south_apex,27.6
31,1,103.5,105.5,12.33,38.86,-33.29,54.6,103.83,0.9948,0.8828,101.51,341.99,283.83,M24N1,0.161,0.839,,,,,20,2,2,"2024,2025",0.0,0.65,0.95,278.25,-46.19,south_apex,32.0
55,1,76.5,78.5,12.33,314.25,-5.83,61.46,77.41,0.3605,0.9629,150.74,287.56,77.4,MUA,0.473,0.527,,,,,93,6,6,"2021,2022,2023,2024,2025,2026",9.0,0.323,0.0,237.6,11.74,north_apex,31.7
34,1,159.0,161.0,12.33,352.68,36.96,41.38,159.76,0.4489,0.9443,61.52,278.15,159.76,OAN,0.206,0.765,,,OAN,6.52,50,6,6,"2019,2021,2022,2023,2024,2025",8.0,0.24,1.0,209.18,34.98,antihelion,36.1
42,1,108.0,110.0,12.31,5.02,-12.61,65.21,108.7,0.7021,0.8953,153.55,70.32,288.71,,0.0,1.0,,,,,31,4,4,"2022,2023,2024,2025",4.0,0.355,1.0,247.36,-13.51,south_apex,22.0
23,1,223.5,225.5,12.07,128.35,41.61,64.67,224.34,0.8352,0.8302,138.45,229.14,224.34,TOL,0.043,0.957,,,TOL,4.66,57,6,6,"2020,2021,2022,2023,2024,2025",8.0,0.246,1.0,255.65,22.67,north_apex,15.6
21,1,78.0,80.0,12.07,307.38,-43.89,31.42,79.3,0.1925,0.7852,48.17,147.42,259.3,,0.0,1.0,,,TEL,2.78,56,4,4,"2023,2024,2025,2026",4.0,0.446,1.0,220.09,-23.68,antihelion,30.8
23,1,30.0,32.0,12.07,250.56,14.45,46.75,30.89,0.4821,0.9843,74.72,273.39,30.89,KSE,0.609,0.391,KSE,5.07,ATH,7.2,157,7,7,"2020,2021,2022,2023,2024,2025,2026",9.27,0.293,0.293,216.13,36.72,antihelion,39.8
30,2,52.5,56.0,12.07,319.14,-51.86,59.01,55.3,0.828,0.9127,117.14,50.56,235.3,,0.0,1.0,,,,,26,4,4,"2023,2024,2025,2026",1.0,0.385,1.0,250.57,-33.98,south_apex,25.9
23,1,249.0,251.0,12.07,106.27,62.42,40.59,250.05,0.5395,0.9471,60.86,266.69,250.05,,0.0,1.0,,,,,37,7,7,"2019,2020,2021,2022,2023,2024,2025",5.0,0.27,1.0,210.57,40.45,antihelion,41.7
47,2,37.5,41.0,12.07,284.46,-2.69,63.46,39.55,0.6305,0.9364,138.47,257.55,39.54,,0.0,1.0,,,,,40,5,5,"2022,2023,2024,2025,2026",6.5,0.275,1.0,245.19,19.69,north_apex,24.1
22,1,240.0,242.0,12.07,120.08,-43.3,41.35,241.37,0.9707,0.6151,73.53,19.1,61.38,EVE,0.545,0.455,,,NLV,0.94,223,6,6,"2019,2021,2022,2023,2024,2025",23.0,0.39,0.278,259.01,-60.96,south_apex,46.8
15,1,16.5,18.5,12.0,255.39,-9.89,62.04,17.65,0.3688,0.9435,147.1,287.87,17.65,,0.0,1.0,,,THO,6.06,40,6,6,"2020,2021,2022,2024,2025,2026",2.0,0.35,1.0,237.87,12.69,north_apex,31.3
15,1,75.0,77.0,12.0,339.21,-21.21,67.29,75.94,0.8674,0.8565,158.07,47.48,255.95,,0.0,1.0,,,,,26,5,5,"2022,2023,2024,2025,2026",2.5,0.346,1.0,256.99,-11.75,south_apex,13.1
21,2,27.0,30.5,12.0,268.53,-59.48,56.17,28.12,0.7271,0.9267,106.04,64.96,208.12,,0.0,1.0,,,,,26,4,4,"2023,2024,2025,2026",2.0,0.423,1.0,241.76,-36.9,south_apex,33.5
15,1,331.5,333.5,12.0,198.53,-17.13,59.39,332.69,0.1825,0.9823,149.27,133.49,152.69,,0.0,1.0,,,,,35,6,6,"2021,2022,2023,2024,2025,2026",2.0,0.343,1.0,231.26,-8.71,antihelion,32.4
24,2,237.0,240.5,12.0,122.02,54.17,54.81,237.79,0.5399,0.9436,102.22,264.15,237.79,DEL,0.533,0.467,,,DEL,3.67,69,7,4,"2021,2022,2023,2025",2.45,0.29,0.536,233.62,33.37,north_toroidal,36.5
15,1,333.0,335.0,12.0,88.69,-64.37,28.12,333.74,0.9892,0.9634,42.1,357.88,153.74,,0.0,1.0,,,DDO,0.62,69,4,4,"2023,2024,2025,2026",5.0,0.449,1.0,115.1,-87.42,antihelion,106.8
25,2,34.5,38.0,12.0,335.28,5.08,61.77,36.64,0.3888,0.9847,144.03,76.17,36.63,NPE,1.0,0.0,ETA,6.38,NPE,6.45,110,6,6,"2020,2022,2023,2024,2025,2026",8.5,0.327,0.109,302.31,14.25,north_apex,31.3
15,1,211.5,213.5,12.0,123.61,57.55,60.05,212.1,0.942,0.8957,116.5,207.21,212.1,,0.0,1.0,,,,,96,6,6,"2019,2021,2022,2023,2024,2025",10.0,0.302,1.0,259.8,36.81,north_apex,23.7
13,1,223.5,225.5,12.0,140.38,33.46,67.36,224.61,0.9835,0.7691,149.44,190.87,224.62,,0.0,1.0,,,MLE,4.51,58,6,6,"2020,2021,2022,2023,2024,2025",12.0,0.241,1.0,267.39,17.47,north_apex,3.5
15,1,358.5,360.5,12.0,168.34,-62.41,38.32,358.8,0.8374,0.9079,60.28,48.96,179.47,,0.0,1.0,,,LCE,3.38,15,3,3,"2024,2025,2026",0.5,0.333,1.0,215.24,-58.95,antihelion,60.4
25,2,229.5,233.0,12.0,121.97,1.22,66.19,230.0,0.7787,0.9319,144.31,56.89,50.01,,0.0,1.0,AMO,3.51,TSM,7.03,54,6,6,"2020,2021,2022,2023,2024,2025",8.0,0.278,1.0,252.82,-19.13,south_apex,16.9
15,1,160.5,162.5,12.0,66.05,-50.18,38.35,161.48,0.9761,0.8806,63.37,20.96,341.48,,0.0,1.0,,,GDO,0.67,69,3,3,"2023,2024,2025",1.0,0.42,1.0,238.59,-70.14,south_apex,59.8
15,1,240.0,242.0,12.0,187.44,50.52,54.27,241.16,0.9766,0.9231,97.84,167.92,241.16,,0.0,1.0,,,GMA,2.62,40,6,6,"2019,2021,2022,2023,2024,2025",4.0,0.4,1.0,277.72,48.46,north_toroidal,12.4
15,1,28.5,30.5,12.0,281.48,-42.51,65.48,29.02,0.7492,0.9655,142.4,61.73,209.02,,0.0,1.0,,,,,28,4,4,"2023,2024,2025,2026",1.5,0.464,1.0,250.1,-19.29,south_apex,19.5
23,2,0.0,360.5,12.0,234.04,-10.15,61.14,358.88,0.2729,0.9621,153.59,298.14,358.87,,0.0,1.0,,,,,48,6,6,"2021,2022,2023,2024,2025,2026",3.0,0.333,1.0,237.78,9.49,north_apex,32.0
15,1,240.0,242.0,12.0,147.91,-9.6,68.12,240.75,0.9841,0.8953,143.96,352.85,60.75,,0.0,1.0,,,ASX,5.77,45,6,6,"2020,2021,2022,2023,2024,2025",5.0,0.267,1.0,272.29,-19.82,south_apex,5.3
15,1,28.5,30.5,12.0,291.93,-49.21,63.23,29.22,0.9019,0.8481,131.57,38.57,209.22,,0.0,1.0,,,,,36,4,4,"2023,2024,2025,2026",3.0,0.333,1.0,256.78,-26.97,south_apex,17.2
15,1,69.0,71.0,12.0,298.53,10.15,54.09,69.96,0.517,0.9409,105.73,270.76,69.96,,0.0,1.0,,,,,37,6,6,"2020,2021,2022,2024,2025,2026",4.5,0.324,1.0,233.9,30.65,north_apex,36.8
31,2,1.5,5.0,12.0,294.67,4.7,62.61,2.91,0.6489,0.9773,127.63,107.26,2.9,,0.0,1.0,,,,,16,4,4,"2022,2024,2025,2026",1.0,0.438,1.0,295.0,25.14,north_apex,25.6
25,2,226.5,230.0,12.0,119.79,11.91,68.59,227.0,0.7288,0.9611,163.68,62.46,46.99,NUE,0.933,0.067,,,,,109,7,7,"2019,2020,2021,2022,2023,2024,2025",18.0,0.33,0.028,252.24,-8.46,south_apex,18.6
25,2,60.0,63.5,12.0,264.3,7.5,39.84,60.89,0.4094,0.9689,52.55,283.14,60.89,,0.0,1.0,,,,,49,5,5,"2022,2023,2024,2025,2026",2.0,0.347,1.0,202.98,31.61,antihelion,31.7
11,1,16.5,18.5,12.0,251.64,-11.31,60.96,17.65,0.272,0.9801,146.69,299.34,17.64,,0.0,1.0,,,,,40,6,6,"2021,2022,2023,2024,2025,2026",4.0,0.275,1.0,233.97,11.86,north_apex,35.2
59,2,216.0,219.5,12.0,137.26,42.57,65.96,218.51,0.9897,0.8806,136.91,186.47,218.52,,0.0,1.0,KUM,6.49,,,68,5,5,"2021,2022,2023,2024,2025",12.0,0.25,0.971,268.11,24.92,north_apex,10.1
15,1,324.0,326.0,12.0,256.69,-7.95,66.11,324.69,0.6333,0.9443,150.75,104.48,324.69,,0.0,1.0,,,FSO,3.91,12,3,3,"2024,2025,2026",1.0,0.333,1.0,291.88,13.88,north_apex,21.2
15,1,30.0,32.0,12.0,280.16,49.54,38.86,30.89,1.0036,0.9211,64.54,184.53,30.9,RLY,0.733,0.267,,,RLY,1.95,190,7,7,"2020,2021,2022,2023,2024,2025,2026",9.38,0.368,0.321,261.84,72.35,north_toroidal,12.8
15,1,316.5,318.5,12.0,242.2,-53.8,60.74,317.02,0.7506,0.9696,117.09,300.64,137.02,,0.0,1.0,,,NOR,5.19,27,3,3,"2024,2025,2026",0.0,0.37,1.0,292.8,-33.87,south_apex,28.0
12,1,60.0,62.0,12.0,271.45,-12.86,42.04,60.91,0.0792,0.968,39.85,329.87,60.91,,0.0,1.0,,,TOP,6.79,53,6,6,"2020,2022,2023,2024,2025,2026",5.0,0.302,1.0,209.5,10.41,antihelion,14.1
14,1,343.5,345.5,12.0,276.33,-5.57,64.46,345.28,0.6725,0.9235,143.86,109.21,345.27,,0.0,1.0,,,ESU,7.36,28,3,3,"2024,2025,2026",1.0,0.321,1.0,291.47,17.57,north_apex,20.8
15,1,7.5,9.5,12.0,66.86,-80.3,38.02,8.04,0.9963,0.9532,61.28,351.55,188.04,,0.0,1.0,,,DME,1.18,39,4,4,"2023,2024,2025,2026",2.0,0.41,0.718,280.0,-75.3,south_apex,60.7
15,1,234.0,236.0,12.0,126.47,14.62,67.23,234.89,0.6444,0.925,170.9,74.56,54.88,,0.0,1.0,,,FCA,5.43,88,6,6,"2020,2021,2022,2023,2024,2025",14.0,0.352,0.67,249.55,-5.09,south_apex,22.4
15,1,325.5,327.5,12.0,166.57,-15.71,40.75,326.85,0.2046,0.933,47.45,128.94,146.85,,0.0,1.0,AAN,4.87,,,42,6,6,"2020,2021,2023,2024,2025,2026",3.5,0.381,1.0,206.8,-19.26,antihelion,20.4
15,1,220.5,222.5,12.0,120.1,18.5,70.01,221.54,0.8259,0.9456,175.94,48.11,41.51,ZCN,0.533,0.467,,,,,65,6,6,"2020,2021,2022,2023,2024,2025",7.0,0.354,0.8,257.24,-2.44,south_apex,17.8
68,4,309.0,315.5,12.0,147.16,-31.68,43.41,309.73,0.5512,0.9451,68.52,85.55,129.73,,0.0,1.0,,,,,31,4,4,"2023,2024,2025,2026",2.0,0.387,1.0,213.97,-40.64,antihelion,42.7
15,1,330.0,332.0,12.0,171.11,-15.89,43.57,331.36,0.1764,0.9718,51.69,131.89,151.36,,0.0,1.0,,,,,64,7,7,"2020,2021,2022,2023,2024,2025,2026",7.0,0.281,1.0,207.69,-18.38,antihelion,19.9
23,2,3.0,6.5,12.0,239.4,-12.74,60.61,4.14,0.2736,0.9392,158.22,300.71,4.14,,0.0,1.0,,,SSR,6.37,43,4,4,"2023,2024,2025,2026",1.0,0.419,1.0,235.43,7.45,north_apex,34.7
15,1,66.0,68.0,12.0,325.95,-43.48,60.83,66.84,0.7216,0.935,124.51,66.32,246.84,,0.0,1.0,,,MMI,1.68,36,5,5,"2022,2023,2024,2025,2026",3.0,0.444,1.0,245.65,-28.31,south_apex,26.3
21,2,67.5,71.0,12.0,309.83,50.77,38.36,68.98,1.0114,0.5437,68.82,177.65,68.99,,0.0,1.0,,,,,30,5,5,"2021,2023,2024,2025,2026",3.0,0.3,1.0,268.69,64.37,north_toroidal,4.4
13,1,43.5,45.5,12.0,242.34,-8.18,38.2,44.8,0.2409,0.97,23.37,303.46,44.81,,0.0,1.0,,,EPO,1.89,103,7,7,"2020,2021,2022,2023,2024,2025,2026",8.0,0.311,1.0,197.61,12.91,antihelion,13.1
12,1,186.0,188.0,12.0,99.15,-45.75,37.81,186.83,0.9986,0.7034,65.23,350.68,6.83,,0.0,1.0,,,,,17,3,3,"2023,2024,2025",0.0,0.471,1.0,282.73,-68.45,south_apex,54.3
15,1,90.0,92.0,12.0,285.48,6.54,36.55,90.9,0.4248,0.974,39.85,280.34,90.9,JTS,0.4,0.6,,,JTS,5.2,94,7,7,"2020,2021,2022,2023,2024,2025,2026",7.0,0.309,0.266,194.62,25.07,antihelion,25.6
27,2,82.5,86.0,12.0,299.06,18.65,46.3,84.92,0.519,0.9417,77.35,271.12,84.93,,0.0,1.0,,,,,32,6,6,"2021,2022,2023,2024,2025,2026",4.5,0.312,1.0,219.35,38.46,north_toroidal,39.5
15,1,262.5,264.5,12.0,157.0,32.64,62.93,263.07,0.5665,0.9477,133.86,262.77,263.07,COM,1.0,0.0,COM,2.51,DLM,0.76,2291,7,7,"2019,2020,2021,2022,2023,2024,2025",85.53,0.286,0.024,243.05,21.34,north_apex,26.4
15,1,283.5,285.5,12.0,156.77,-39.54,55.26,284.51,0.9041,0.8876,99.62,33.97,104.52,,0.0,1.0,,,,,32,6,6,"2020,2022,2023,2024,2025,2026",2.0,0.375,1.0,253.15,-45.14,south_apex,33.5
15,1,88.5,90.5,12.0,307.61,-63.97,37.44,89.26,0.62,0.967,55.1,79.0,269.25,JDP,0.4,0.6,,,JDP,4.25,47,3,3,"2024,2025,2026",0.5,0.468,0.255,203.4,-41.61,antihelion,41.7
15,1,87.0,89.0,12.0,296.03,-45.15,39.17,87.91,0.2912,0.9685,44.34,116.39,267.9,,0.0,1.0,,,,,56,4,4,"2023,2024,2025,2026",2.0,0.429,1.0,201.64,-22.77,antihelion,22.8
15,1,135.0,137.0,12.0,305.19,-12.83,18.35,135.81,0.733,0.7322,3.73,249.84,135.92,,0.0,1.0,CAP,2.63,,,816,7,7,"2019,2020,2021,2022,2023,2024,2025",61.0,0.517,0.957,169.28,7.47,antihelion,31.6
15,1,108.0,110.0,12.0,57.72,-47.64,42.52,108.61,1.0078,0.9023,73.71,346.92,288.61,,0.0,1.0,,,,,45,3,3,"2023,2024,2025",1.0,0.667,0.733,283.97,-64.25,south_apex,50.4
13,1,283.5,285.5,12.0,162.69,66.26,37.34,284.54,0.737,0.9318,54.3,243.0,284.54,,0.0,1.0,,,JAU,4.91,59,6,6,"2021,2022,2023,2024,2025,2026",7.0,0.22,1.0,203.96,52.45,north_toroidal,37.5
14,1,93.0,95.0,12.0,315.46,24.31,51.83,93.75,0.6389,0.9578,95.47,256.15,93.75,,0.0,1.0,,,,,28,5,5,"2022,2023,2024,2025,2026",3.5,0.286,1.0,232.73,38.1,north_toroidal,32.8
15,1,250.5,252.5,12.0,121.89,-35.68,49.07,251.52,0.8923,0.9302,84.16,37.73,71.52,,0.0,1.0,,,NBP,5.11,36,4,4,"2021,2023,2024,2025",3.0,0.444,1.0,244.14,-53.1,south_apex,43.7
15,1,121.5,123.5,12.0,6.8,16.09,66.21,122.81,0.7017,0.9375,156.63,248.46,122.8,,0.0,1.0,,,AUP,2.3,54,5,5,"2021,2022,2023,2024,2025",7.0,0.519,0.833,249.94,11.72,north_apex,19.8
15,1,250.5,252.5,12.0,62.59,67.39,30.26,250.97,0.7266,0.9192,38.13,242.31,250.96,,0.0,1.0,,,,,26,4,4,"2021,2023,2024,2025",2.0,0.346,1.0,187.28,46.8,antihelion,48.2
14,1,102.0,104.0,12.0,337.84,24.7,27.04,103.67,0.2037,0.6875,59.65,345.04,103.67,EPG,0.5,0.5,,,JBP,5.18,87,6,6,"2020,2021,2022,2023,2024,2025",7.0,0.322,0.632,245.4,32.7,north_apex,28.6
15,1,118.5,120.5,12.0,39.62,-15.21,64.02,119.48,1.0132,0.9367,130.19,353.44,299.49,,0.0,1.0,,,,,40,4,4,"2022,2023,2024,2025",2.0,0.525,1.0,272.01,-29.99,south_apex,15.1
15,1,123.0,125.0,12.0,61.23,-40.87,46.55,123.61,1.0066,0.8855,81.24,349.01,303.61,PHE,0.867,0.133,,,ACD,6.31,240,4,4,"2022,2023,2024,2025",5.0,0.583,0.154,280.53,-60.12,south_apex,45.9
14,1,142.5,144.5,12.0,342.24,-10.57,29.48,143.77,0.2736,0.844,4.18,125.72,323.55,SIA,0.714,0.286,,,SIA,0.73,391,7,7,"2019,2020,2021,2022,2023,2024,2025",25.0,0.373,0.445,196.43,-3.27,antihelion,4.8
15,1,151.5,153.5,12.0,350.15,29.75,43.04,152.42,0.3666,0.9318,66.82,289.36,152.42,ASP,0.267,0.733,,,ASP,3.95,54,6,6,"2020,2021,2022,2023,2024,2025",8.0,0.278,0.667,212.53,31.44,antihelion,33.7
15,1,79.5,81.5,12.0,349.59,-69.64,43.5,80.26,0.8735,0.9254,72.79,45.3,260.26,,0.0,1.0,,,,,36,3,3,"2023,2024,2026",0.5,0.556,1.0,229.81,-57.57,south_apex,53.5
14,1,105.0,107.0,12.0,335.76,-3.97,58.15,106.11,0.1592,0.9817,158.36,315.24,106.1,,0.0,1.0,,,,,53,4,4,"2021,2023,2024,2025",2.0,0.585,1.0,229.54,5.83,antihelion,30.1
14,1,117.0,119.0,12.0,9.18,-45.44,47.93,118.02,0.6917,0.9465,82.57,70.45,298.02,,0.0,1.0,,,ZPH,7.69,22,3,3,"2022,2024,2025",1.0,0.636,1.0,225.02,-45.5,south_apex,49.4
33,1,67.5,69.5,11.81,313.45,10.32,62.5,68.65,0.7961,0.946,128.48,236.48,68.65,,0.0,1.0,GAQ,6.5,,,73,6,6,"2020,2022,2023,2024,2025,2026",9.5,0.26,1.0,249.82,26.42,north_apex,22.1
41,2,148.5,152.0,11.81,113.54,-67.17,20.4,150.52,1.0065,0.6627,31.69,347.97,330.52,,0.0,1.0,,,IVO,6.48,56,3,3,"2023,2024,2025",1.0,0.625,1.0,41.32,-77.74,helion,91.2
47,1,234.0,236.0,11.67,148.96,52.24,59.09,235.17,0.9044,0.8713,114.03,215.16,235.18,,0.0,1.0,KUM,7.34,PUA,0.53,46,4,4,"2022,2023,2024,2025",7.0,0.391,1.0,257.01,38.22,north_toroidal,23.4
40,1,288.0,290.0,11.45,132.4,-37.48,42.43,288.96,0.7537,0.9275,68.27,60.51,108.96,BPX,0.425,0.575,,,BPX,1.28,98,5,4,"2022,2024,2025,2026",2.41,0.418,0.235,223.15,-52.1,south_apex,53.9
35,2,84.0,87.5,11.33,4.69,-18.03,67.17,85.25,1.0121,0.8344,150.38,10.31,265.26,,0.0,1.0,,,,,39,4,4,"2023,2024,2025,2026",1.5,0.385,1.0,266.77,-16.86,south_apex,3.6
16,1,70.5,72.5,11.33,344.42,-11.39,69.12,71.39,1.0137,0.832,172.2,12.67,251.41,,0.0,1.0,,,,,16,3,3,"2024,2025,2026",1.0,0.438,1.0,265.94,-4.08,south_apex,11.6
22,1,121.5,123.5,11.33,345.87,56.19,49.73,122.92,0.9936,0.9071,88.45,196.94,122.92,DCD,0.864,0.136,,,DCD,0.51,57,5,5,"2020,2022,2023,2024,2025",5.0,0.439,0.246,258.19,54.68,north_toroidal,8.3
21,1,16.5,18.5,11.33,287.52,-45.93,66.45,17.33,0.9909,0.8427,138.86,13.27,197.32,,0.0,1.0,,,,,28,4,4,"2023,2024,2025,2026",1.5,0.321,1.0,265.78,-23.53,south_apex,9.4
20,1,255.0,257.0,11.33,143.24,22.26,64.19,256.23,0.4282,0.9169,163.78,280.59,256.25,,0.0,1.0,,,,,63,5,5,"2021,2022,2023,2024,2025",7.0,0.302,1.0,241.77,7.21,north_apex,28.8
29,2,93.0,96.5,11.33,338.14,-1.81,64.14,95.98,0.5026,0.9397,164.23,272.79,95.96,,0.0,1.0,,,OAQ,7.84,68,6,6,"2021,2022,2023,2024,2025,2026",6.0,0.368,1.0,243.57,7.6,north_apex,27.0
22,1,358.5,360.5,11.33,210.4,-67.15,49.8,359.15,0.8572,0.9228,85.87,44.8,179.4,,0.0,1.0,,,,,18,3,3,"2024,2025,2026",0.0,0.444,1.0,241.58,-49.6,south_apex,42.1
33,2,220.5,224.0,11.33,87.52,-5.53,52.66,221.8,0.3718,0.9795,96.03,105.07,41.8,KOR,0.905,0.095,,,KOR,1.13,84,6,6,"2019,2021,2022,2023,2024,2025",14.0,0.274,0.012,225.05,-29.29,antihelion,38.0
22,1,85.5,87.5,11.33,332.61,-40.96,55.55,86.49,0.462,0.955,111.02,98.1,266.49,,0.0,1.0,,,DGR,5.39,47,3,3,"2024,2025,2026",1.0,0.447,1.0,232.42,-27.63,south_apex,37.2
33,2,19.5,23.0,11.33,321.57,27.0,50.13,21.87,0.586,0.9911,87.55,99.49,21.87,TVL,0.636,0.364,,,TVL,0.89,32,5,5,"2022,2023,2024,2025,2026",4.0,0.344,0.125,312.92,39.25,north_toroidal,34.7
29,1,193.5,195.5,11.28,81.95,-61.21,26.68,194.48,0.9938,0.6728,44.13,12.29,14.48,,0.0,1.0,,,,,51,3,3,"2023,2024,2025",0.0,0.412,0.922,220.22,-83.16,south_apex,75.6
34,1,6.0,8.0,11.02,296.99,-2.63,65.03,6.97,0.6839,0.9444,143.8,109.83,6.97,,0.0,1.0,,,,,27,6,6,"2021,2022,2023,2024,2025,2026",3.0,0.259,1.0,291.86,17.73,north_apex,21.1
14,1,57.0,59.0,11.0,296.19,-29.22,60.31,57.41,0.2596,0.9503,157.77,121.01,237.42,,0.0,1.0,,,TTS,5.59,40,4,4,"2023,2024,2025,2026",1.5,0.525,1.0,234.75,-7.82,south_apex,35.3
14,1,9.0,11.0,11.0,242.32,15.29,52.31,10.06,0.534,0.9787,92.01,267.41,10.06,,0.0,1.0,KSE,2.54,,,24,4,4,"2022,2024,2025,2026",2.0,0.417,1.0,226.61,35.22,north_toroidal,38.3
14,1,234.0,236.0,11.0,126.46,-0.54,66.22,235.44,0.7987,0.8916,143.06,52.86,55.44,,0.0,1.0,,,TSM,7.02,81,6,6,"2020,2021,2022,2023,2024,2025",8.0,0.333,1.0,254.18,-19.89,south_apex,15.9
14,1,135.0,137.0,11.0,283.17,46.73,21.83,135.67,0.9666,0.7284,32.51,207.24,135.68,KCG,1.0,0.0,KCG,3.08,,,973,7,7,"2019,2020,2021,2022,2023,2024,2025",73.0,0.613,0.277,156.17,69.58,north_toroidal,49.4
13,1,199.5,201.5,11.0,39.43,31.38,42.35,200.9,0.1468,0.9858,43.83,316.17,200.91,,0.0,1.0,,,,,54,6,6,"2020,2021,2022,2023,2024,2025",7.0,0.333,1.0,206.36,15.3,antihelion,16.5
13,1,87.0,89.0,11.0,330.67,-30.76,56.77,87.59,0.3096,0.9156,129.85,118.21,267.59,,0.0,1.0,,,,,68,5,5,"2020,2023,2024,2025,2026",6.0,0.353,0.956,233.37,-17.51,south_apex,35.3
13,1,225.0,227.0,11.0,107.65,-3.59,61.77,226.3,0.6276,0.9595,126.66,75.97,46.3,,0.0,1.0,,,,,76,6,6,"2020,2021,2022,2023,2024,2025",8.0,0.289,1.0,243.96,-25.44,south_apex,26.6
14,1,289.5,291.5,11.0,154.27,-5.82,57.08,290.45,0.178,0.977,123.55,130.97,110.45,,0.0,1.0,,,,,45,5,5,"2022,2023,2024,2025,2026",4.5,0.333,1.0,227.65,-16.02,antihelion,31.7
14,1,216.0,218.0,11.0,115.76,-63.43,28.63,217.23,0.9816,0.6879,47.05,346.8,37.23,,0.0,1.0,,,,,61,4,4,"2022,2023,2024,2025",4.0,0.443,1.0,318.35,-78.09,south_apex,71.3
22,2,183.0,186.5,11.0,121.8,10.56,64.49,185.45,0.5009,0.9142,158.63,267.64,5.45,,0.0,1.0,,,,,22,4,4,"2022,2023,2024,2025",3.0,0.409,1.0,297.15,-9.63,south_apex,27.1
13,1,78.0,80.0,11.0,315.59,-46.74,52.8,78.66,0.3736,0.9806,98.04,107.0,258.66,,0.0,1.0,,,ETM,4.18,17,3,3,"2023,2025,2026",1.0,0.471,1.0,225.54,-27.53,antihelion,37.1
14,1,64.5,66.5,11.0,9.42,-32.31,60.07,65.71,0.8509,0.932,119.5,312.77,245.71,,0.0,1.0,,,AST,2.81,53,5,5,"2022,2023,2024,2025,2026",4.0,0.491,1.0,288.69,-32.88,south_apex,24.7
14,1,184.5,186.5,11.0,128.58,29.15,64.4,185.73,0.4705,0.9421,157.12,84.87,185.73,,0.0,1.0,,,CCR,2.6,72,5,5,"2021,2022,2023,2024,2025",9.0,0.458,0.542,298.15,9.95,north_apex,27.9
26,2,9.0,12.5,11.0,296.83,-31.37,67.72,11.43,0.8559,0.8533,161.56,313.22,191.43,,0.0,1.0,,,,,28,3,3,"2024,2025,2026",1.0,0.429,1.0,282.14,-9.59,south_apex,13.0
24,2,48.0,51.5,11.0,325.56,-0.29,69.28,48.67,0.9376,0.9756,157.25,148.9,48.65,BAQ,0.857,0.143,BAQ,2.56,,,156,7,7,"2020,2021,2022,2023,2024,2025,2026",13.0,0.269,0.096,279.12,13.14,north_apex,9.0
13,1,49.5,51.5,11.0,289.25,-15.33,63.03,50.28,0.3679,0.9719,163.34,287.47,50.27,,0.0,1.0,,,,,50,7,7,"2020,2021,2022,2023,2024,2025,2026",3.5,0.34,1.0,238.12,7.04,north_apex,32.3
14,1,52.5,54.5,11.0,323.17,38.14,51.36,53.55,0.9194,0.9206,93.53,144.08,53.55,,0.0,1.0,,,,,24,3,3,"2023,2025,2026",1.0,0.417,1.0,290.06,49.36,north_toroidal,15.7
14,1,225.0,227.0,11.0,346.89,63.8,19.95,226.24,0.9031,0.6861,27.9,219.45,226.24,,0.0,1.0,,,,,92,6,6,"2020,2021,2022,2023,2024,2025",12.0,0.391,1.0,161.64,59.07,north_toroidal,54.9
89,5,315.0,320.0,11.0,254.89,-3.51,62.66,315.81,0.4915,0.9629,137.47,89.6,315.81,,0.0,1.0,,,FSO,3.3,28,5,5,"2022,2023,2024,2025,2026",3.0,0.393,1.0,298.87,18.2,north_apex,27.9
14,1,52.5,54.5,11.0,328.68,-37.77,66.03,53.16,0.9872,0.8731,139.46,18.1,233.16,,0.0,1.0,,,,,33,4,4,"2023,2024,2025,2026",1.0,0.455,1.0,263.16,-24.02,south_apex,11.1
36,3,60.0,65.0,11.0,339.98,-19.57,68.8,62.37,1.0094,0.8842,162.13,349.99,242.38,,0.0,1.0,,,,,31,6,6,"2021,2022,2023,2024,2025,2026",2.5,0.452,1.0,271.99,-9.87,south_apex,5.5
13,1,234.0,236.0,11.0,75.44,26.68,40.61,234.72,0.1306,0.9826,10.54,319.23,234.72,,0.0,1.0,,,,,195,7,7,"2019,2020,2021,2022,2023,2024,2025",24.0,0.338,0.641,202.5,3.9,antihelion,4.6
14,1,156.0,158.0,11.0,32.37,-13.7,54.73,156.54,0.335,0.9887,106.97,110.35,336.54,,0.0,1.0,,,,,72,7,7,"2019,2020,2021,2022,2023,2024,2025",8.0,0.347,1.0,227.35,-24.76,antihelion,36.4
14,1,199.5,201.5,11.0,73.01,-46.05,35.82,200.76,0.9056,0.9183,55.98,36.99,20.76,,0.0,1.0,,,CAE,7.09,35,4,4,"2021,2023,2024,2025",2.0,0.343,0.971,212.7,-66.07,antihelion,66.9
14,1,42.0,44.0,11.0,308.68,16.75,61.72,43.02,1.0017,0.8505,121.94,170.57,43.02,,0.0,1.0,GAQ,3.84,,,43,6,6,"2021,2022,2023,2024,2025,2026",5.5,0.326,1.0,273.75,34.6,north_apex,19.9
13,1,328.5,330.5,11.0,166.57,-14.07,41.58,329.64,0.2132,0.9847,41.74,127.09,149.64,,0.0,1.0,,,,,40,6,6,"2020,2022,2023,2024,2025,2026",2.0,0.4,1.0,203.71,-18.97,antihelion,19.3
39,2,201.0,204.5,11.0,89.25,-11.18,58.59,203.4,0.7447,0.9599,113.1,61.29,23.4,,0.0,1.0,,,,,55,7,7,"2019,2020,2021,2022,2023,2024,2025",4.0,0.364,1.0,245.37,-34.12,south_apex,29.5
13,1,345.0,347.0,11.0,220.42,-6.81,60.91,345.81,0.2479,0.9606,154.83,302.09,345.81,,0.0,1.0,,,UPV,7.64,43,6,2,"2022,2025",1.27,0.395,1.0,234.65,8.18,north_apex,35.3
14,1,166.5,168.5,11.0,229.13,69.06,32.43,167.09,0.9722,0.9625,49.21,158.35,167.09,,0.0,1.0,,,,,25,6,0,,-0.23,0.32,1.0,339.0,74.29,north_toroidal,30.4
22,2,288.0,291.5,11.0,161.82,2.14,59.15,289.37,0.1589,0.959,162.78,134.9,109.37,,0.0,1.0,,,BSX,1.65,39,5,5,"2021,2022,2024,2025,2026",2.5,0.385,1.0,231.48,-5.13,antihelion,31.9
14,1,213.0,215.0,11.0,94.11,7.29,62.71,213.83,0.4531,0.9704,142.88,96.32,33.83,,0.0,1.0,,,XGM,6.07,150,7,7,"2019,2020,2021,2022,2023,2024,2025",20.0,0.34,0.98,240.01,-16.36,south_apex,28.9
13,1,84.0,86.0,11.0,356.96,5.2,68.12,85.07,0.964,0.7757,171.34,152.14,85.05,,0.0,1.0,,,,,32,4,4,"2023,2024,2025,2026",1.5,0.312,1.0,277.74,5.25,north_apex,12.4
14,1,22.5,24.5,11.0,308.62,-11.45,68.52,23.24,0.8186,0.959,166.92,128.27,23.23,,0.0,1.0,,,AAC,4.22,29,5,5,"2022,2023,2024,2025,2026",3.0,0.276,1.0,284.97,6.88,north_apex,16.8
13,1,102.0,104.0,11.0,355.24,-24.57,61.32,103.26,0.5793,0.9564,135.45,86.47,283.26,,0.0,1.0,,,,,27,3,3,"2022,2024,2025",0.0,0.481,1.0,241.42,-20.27,south_apex,27.7
14,1,102.0,104.0,11.0,38.43,29.45,61.55,102.84,0.3899,0.9813,144.49,74.53,102.83,,0.0,1.0,,,NAT,5.46,27,4,4,"2022,2023,2024,2025",2.5,0.37,1.0,302.22,14.33,north_apex,31.2
14,1,223.5,225.5,11.0,102.7,7.4,61.88,224.82,0.3995,0.9589,142.07,103.25,44.82,,0.0,1.0,,,,,162,6,5,"2021,2022,2023,2024,2025",5.93,0.321,0.944,238.65,-15.57,south_apex,30.2
11,1,223.5,225.5,11.0,65.46,12.44,36.01,224.35,0.1821,0.9278,17.89,134.56,44.35,,0.0,1.0,,,,,102,7,7,"2019,2020,2021,2022,2023,2024,2025",15.0,0.255,1.0,202.36,-8.6,antihelion,8.9
14,1,229.5,231.5,11.0,31.14,-61.46,15.0,230.51,0.9791,0.6555,20.3,13.22,50.51,,0.0,1.0,,,,,79,4,4,"2021,2023,2024,2025",3.0,0.468,1.0,115.32,-61.04,antihelion,95.1
13,1,18.0,20.0,11.0,261.28,-57.83,59.04,18.91,0.7514,0.9167,113.31,61.15,198.91,,0.0,1.0,,,,,32,3,3,"2024,2025,2026",0.0,0.406,1.0,245.34,-34.24,south_apex,29.5
14,1,126.0,128.0,11.0,3.09,15.49,63.09,126.76,0.4969,0.9455,150.31,272.67,126.75,JPE,1.0,0.0,JPE,4.53,AGP,2.71,279,7,7,"2019,2020,2021,2022,2023,2024,2025",34.0,0.341,0.0,242.55,13.16,north_apex,26.7
14,1,70.5,72.5,11.0,341.12,-39.08,62.59,71.09,0.8903,0.8853,128.54,42.65,251.1,,0.0,1.0,,,,,26,3,3,"2024,2025,2026",0.5,0.346,1.0,254.91,-28.59,south_apex,19.5
24,2,21.0,24.5,11.0,257.76,-12.72,61.47,23.66,0.2681,0.9818,149.82,297.3,23.65,,0.0,1.0,,,,,31,6,6,"2021,2022,2023,2024,2025,2026",3.0,0.387,1.0,233.34,10.47,antihelion,34.8
14,1,33.0,35.0,11.0,245.03,26.4,38.19,33.46,0.6736,0.9361,54.67,252.13,33.46,,0.0,1.0,,,,,70,7,7,"2020,2021,2022,2023,2024,2025,2026",6.5,0.314,1.0,204.12,46.37,north_toroidal,41.8
14,1,33.0,35.0,11.0,266.59,6.12,55.87,34.05,0.491,0.9713,107.4,272.13,34.05,,0.0,1.0,,,,,65,6,6,"2021,2022,2023,2024,2025,2026",8.5,0.323,1.0,232.33,30.23,north_apex,38.0
10,1,216.0,218.0,11.0,119.5,9.5,69.04,217.38,0.941,0.8639,160.61,27.82,37.38,,0.0,1.0,,,,,44,5,5,"2021,2022,2023,2024,2025",6.0,0.364,1.0,263.02,-10.68,south_apex,8.1
14,1,216.0,218.0,11.0,118.43,35.11,68.17,216.94,0.842,0.9188,154.16,226.71,216.95,,0.0,1.0,,,TOL,5.53,56,5,5,"2021,2022,2023,2024,2025",8.0,0.286,1.0,256.42,13.95,north_apex,13.2
14,1,78.0,80.0,11.0,326.34,-23.14,62.92,79.24,0.4457,0.9086,159.37,100.63,259.25,,0.0,1.0,,,,,50,5,5,"2020,2023,2024,2025,2026",3.5,0.58,0.8,241.32,-7.93,south_apex,29.0
13,1,67.5,69.5,11.0,326.97,53.98,45.33,68.35,0.9611,0.9249,76.02,153.25,68.35,,0.0,1.0,,,,,28,6,6,"2021,2022,2023,2024,2025,2026",3.0,0.321,1.0,298.61,60.41,north_toroidal,14.2
14,1,336.0,338.0,11.0,214.27,-5.4,62.07,337.2,0.306,0.9485,158.47,294.83,337.2,,0.0,1.0,,,UPV,2.05,45,5,5,"2022,2023,2024,2025,2026",5.0,0.311,1.0,236.48,7.91,north_apex,33.6
14,1,175.5,177.5,11.0,175.13,-65.96,15.34,176.32,0.9809,0.6432,20.38,340.57,356.32,,0.0,1.0,,,,,45,3,3,"2023,2024,2025",1.0,0.6,1.0,43.62,-60.97,helion,82.0
14,1,105.0,107.0,11.0,343.54,-1.42,61.71,106.01,0.3449,0.9563,165.85,291.33,105.99,,0.0,1.0,,,,,53,5,5,"2020,2022,2023,2024,2025",7.0,0.377,1.0,238.33,5.37,north_apex,32.6
14,1,231.0,233.0,11.0,120.13,-9.25,62.98,232.13,0.8304,0.9337,126.18,48.48,52.13,,0.0,1.0,,,TSM,2.59,55,5,5,"2021,2022,2023,2024,2025",8.0,0.309,1.0,253.06,-29.33,south_apex,21.2
10,1,232.5,234.5,11.0,77.27,25.76,41.46,233.7,0.0903,0.9807,8.93,326.41,233.7,CTA,0.4,0.6,,,,,172,6,6,"2020,2021,2022,2023,2024,2025",24.0,0.326,0.756,204.49,2.99,antihelion,5.4
14,1,10.5,12.5,11.0,262.45,22.56,52.94,11.39,0.8879,0.8717,97.55,219.77,11.39,,0.0,1.0,,,DHE,5.59,19,5,5,"2022,2023,2024,2025,2026",2.0,0.421,1.0,249.54,46.0,north_toroidal,18.6
11,1,55.5,57.5,11.0,288.62,11.13,55.24,56.37,0.5891,0.9661,104.86,261.38,56.37,,0.0,1.0,,,,,30,6,6,"2021,2022,2023,2024,2025,2026",2.5,0.467,1.0,234.53,32.95,north_toroidal,36.4
29,1,204.0,206.0,10.75,92.16,38.79,64.43,204.94,0.613,0.9364,147.05,257.91,204.94,,0.0,1.0,,,KAU,5.64,144,7,7,"2019,2020,2021,2022,2023,2024,2025",21.0,0.299,1.0,246.64,15.76,north_apex,22.5
62,2,255.0,258.5,10.75,189.44,12.76,68.37,257.61,0.804,0.9531,151.1,128.48,257.61,DRV,0.867,0.133,DRV,0.82,,,195,6,6,"2020,2021,2022,2023,2024,2025",23.0,0.246,0.005,285.8,15.11,north_apex,15.3
60,3,199.5,204.5,10.58,127.91,0.89,67.1,203.28,0.8052,0.9395,147.32,307.22,23.28,PIH,0.35,0.65,,,,,94,6,6,"2020,2021,2022,2023,2024,2025",15.0,0.255,0.532,286.55,-16.78,south_apex,16.0
18,1,117.0,119.0,10.58,329.36,57.75,44.86,117.92,0.9913,0.9159,76.24,198.65,117.92,,0.0,1.0,,,,,33,5,0,,0.92,0.455,1.0,252.35,62.68,north_toroidal,8.9
32,2,243.0,246.5,10.58,179.38,19.19,66.96,243.93,0.7744,0.9333,146.79,122.56,243.93,DRV,0.3,0.7,,,NCB,2.76,55,7,3,"2021,2022,2023",1.72,0.236,1.0,288.27,18.46,north_apex,17.8
29,2,70.5,74.0,10.58,342.99,-23.72,67.69,72.78,0.9707,0.8954,152.81,24.6,252.79,,0.0,1.0,,,,,23,2,2,"2024,2025",1.0,0.565,1.0,263.15,-15.44,south_apex,6.6
20,1,142.5,144.5,10.58,53.29,36.31,66.64,143.49,0.983,0.7961,150.87,159.26,143.48,KAP,0.75,0.25,,,ANP,4.52,148,6,6,"2020,2021,2022,2023,2024,2025",12.0,0.345,0.378,275.9,16.74,north_apex,5.9
15,1,160.5,162.5,10.58,21.44,36.93,55.75,161.98,0.41,0.9442,113.71,281.52,161.97,,0.0,1.0,,,,,40,6,6,"2019,2021,2022,2023,2024,2025",7.0,0.275,1.0,232.77,25.78,north_apex,36.5
33,2,301.5,305.0,10.58,236.29,-33.17,64.93,303.81,0.4923,0.9701,149.83,268.77,123.81,,0.0,1.0,,,XLU,3.66,45,4,4,"2023,2024,2025,2026",4.5,0.289,0.956,297.88,-13.39,south_apex,27.1
20,1,147.0,149.0,10.58,99.44,-72.45,19.84,147.73,1.008,0.6391,31.14,12.35,327.73,,0.0,1.0,,,IVO,1.27,41,3,3,"2023,2024,2025",0.0,0.585,1.0,125.86,-79.2,antihelion,97.6
20,1,307.5,309.5,10.58,146.89,-27.61,42.97,308.66,0.4913,0.9483,64.23,92.19,128.66,,0.0,1.0,,,,,28,4,0,,0.18,0.393,1.0,210.98,-38.3,antihelion,39.7
31,2,181.5,185.0,10.58,127.0,28.83,63.61,182.43,0.4087,0.9467,157.29,77.57,182.43,CCR,0.65,0.35,,,CCR,1.28,56,6,6,"2020,2021,2022,2023,2024,2025",8.0,0.357,0.357,299.16,9.79,north_apex,29.0
50,1,163.5,165.5,10.33,36.8,27.89,61.57,164.53,0.4088,0.9588,146.82,283.01,164.53,,0.0,1.0,,,,,97,7,5,"2020,2022,2023,2024,2025",3.26,0.299,0.938,239.05,13.16,north_apex,30.1
10,1,15.0,17.0,10.22,152.11,21.99,5.47,15.73,0.9826,0.2853,4.47,202.72,15.95,,0.0,1.0,,,,,36,7,1,2022,1.2,0.222,1.0,135.33,26.52,antihelion,68.3
28,1,336.0,338.0,10.22,238.86,-34.63,70.38,337.02,0.9847,0.9641,155.59,8.96,157.02,,0.0,1.0,,,,,38,4,4,"2023,2024,2025,2026",2.0,0.368,1.0,266.49,-14.75,south_apex,3.4
28,1,355.5,357.5,10.22,244.42,-32.03,67.27,356.22,0.7293,0.8766,158.98,65.11,176.23,,0.0,1.0,,,,,35,3,3,"2024,2025,2026",1.0,0.486,1.0,252.41,-10.58,south_apex,17.7
45,2,76.5,80.0,10.22,293.12,15.74,45.45,79.22,0.5067,0.9304,75.88,272.05,79.23,,0.0,1.0,,,,,33,6,6,"2020,2022,2023,2024,2025,2026",3.5,0.303,1.0,218.81,37.73,north_toroidal,40.4
37,1,357.0,359.0,10.16,238.01,-9.45,63.0,357.87,0.4031,0.9364,153.71,283.36,357.87,SSR,0.459,0.541,,,SSR,5.07,67,6,4,"2023,2024,2025,2026",1.64,0.418,0.552,240.49,10.64,north_apex,29.1
13,1,235.5,237.5,10.0,130.39,4.24,67.51,236.26,0.8118,0.8802,154.81,53.39,56.26,,0.0,1.0,,,FCA,7.72,57,6,6,"2020,2021,2022,2023,2024,2025",10.0,0.263,1.0,254.92,-13.03,south_apex,14.8
42,3,105.0,110.0,10.0,28.02,-36.56,56.29,107.62,0.9851,0.8979,105.77,20.9,287.62,,0.0,1.0,,,,,24,2,2,"2024,2025",1.0,0.583,1.0,260.14,-43.1,south_apex,29.4
22,2,207.0,210.5,10.0,30.27,28.36,28.62,208.04,0.4161,0.8466,16.16,285.92,208.04,OAT,1.0,0.0,,,OAT,0.15,227,7,7,"2019,2020,2021,2022,2023,2024,2025",37.0,0.291,0.339,189.88,14.66,antihelion,17.8
12,1,231.0,233.0,10.0,72.23,29.9,39.51,232.02,0.1451,0.9683,17.25,317.95,232.02,CTA,0.583,0.417,CTA,7.17,IAR,4.82,200,7,7,"2019,2020,2021,2022,2023,2024,2025",23.0,0.31,0.49,203.16,6.28,antihelion,7.0
11,1,129.0,131.0,10.0,332.42,0.53,37.33,129.66,0.1489,0.9356,27.25,319.84,129.67,NZC,0.727,0.273,NDA,4.13,,,364,7,7,"2019,2020,2021,2022,2023,2024,2025",27.0,0.379,0.223,205.35,12.27,antihelion,13.4
11,1,204.0,206.0,10.0,302.57,66.01,28.07,205.12,0.9707,0.9536,41.77,198.49,205.12,SFD,0.273,0.727,,,SFD,0.43,120,7,7,"2019,2020,2021,2022,2023,2024,2025",18.0,0.267,0.475,169.63,76.71,north_toroidal,40.6
12,1,10.5,12.5,10.0,238.75,-46.52,58.33,11.0,0.4899,0.951,117.66,94.55,191.0,,0.0,1.0,,,,,15,4,4,"2023,2024,2025,2026",1.0,0.333,1.0,234.66,-26.09,south_apex,34.9
13,1,354.0,356.0,10.0,190.33,-34.46,43.13,355.44,0.3044,0.9588,59.22,115.51,175.44,,0.0,1.0,,,,,16,2,2,"2024,2026",1.0,0.5,1.0,208.45,-27.4,antihelion,28.6
11,1,39.0,41.0,10.0,331.68,8.16,63.36,40.31,0.5907,0.9647,140.49,99.93,40.3,,0.0,1.0,,,NPE,5.81,20,5,0,,-0.99,0.25,1.0,294.13,18.99,north_apex,23.4
11,1,237.0,239.0,10.0,124.86,-15.71,60.14,237.72,0.864,0.8712,116.07,43.13,57.72,,0.0,1.0,,,THD,6.43,39,4,4,"2022,2023,2024,2025",4.0,0.333,0.974,253.52,-35.1,south_apex,25.0
12,1,235.5,237.5,10.0,140.32,46.55,62.63,235.75,0.801,0.931,125.04,233.18,235.75,,0.0,1.0,KUM,4.88,NLY,6.64,62,6,6,"2020,2021,2022,2023,2024,2025",12.0,0.274,1.0,251.84,29.12,north_apex,22.0
13,1,84.0,86.0,10.0,17.43,-0.91,65.05,85.24,0.6633,0.8704,166.44,282.61,265.26,,0.0,1.0,,,DPI,8.0,17,4,4,"2023,2024,2025,2026",1.5,0.353,1.0,290.53,-5.33,south_apex,22.4
13,1,171.0,173.0,10.0,115.97,31.45,63.08,172.42,0.4093,0.9443,155.52,76.8,172.42,,0.0,1.0,OMG,6.73,CCR,3.26,57,6,6,"2020,2021,2022,2023,2024,2025",6.0,0.386,1.0,300.27,9.78,north_apex,30.0
12,1,352.5,354.5,10.0,275.59,-57.62,61.28,353.77,0.9462,0.9374,119.7,334.11,173.77,,0.0,1.0,,,GNO,7.04,14,4,4,"2023,2024,2025,2026",1.0,0.357,1.0,280.13,-35.63,south_apex,22.6
13,1,234.0,236.0,10.0,123.63,45.66,60.29,235.33,0.5382,0.9642,123.1,266.31,235.33,,0.0,1.0,,,IUM,5.06,52,6,6,"2020,2021,2022,2023,2024,2025",7.0,0.288,1.0,240.14,25.84,north_apex,30.0
11,1,147.0,149.0,10.0,83.33,46.94,61.66,147.93,0.6077,0.9563,130.21,100.15,147.93,OAU,0.818,0.182,AUR,5.17,OAU,1.32,52,5,5,"2021,2022,2023,2024,2025",5.0,0.346,0.115,297.89,24.26,north_apex,27.8
13,1,33.0,35.0,10.0,281.36,-14.11,66.54,33.86,0.6278,0.9607,162.02,255.85,33.85,,0.0,1.0,,,,,39,5,5,"2020,2022,2023,2025,2026",3.5,0.436,1.0,247.87,7.83,north_apex,22.8
13,1,33.0,35.0,10.0,258.26,-60.77,51.52,34.02,0.5793,0.961,91.56,82.24,214.02,,0.0,1.0,,,,,40,4,4,"2023,2024,2025,2026",2.5,0.4,1.0,228.48,-37.91,south_apex,43.7
10,1,256.5,258.5,10.0,152.92,-13.72,66.99,257.54,0.9327,0.9047,140.57,27.21,77.54,,0.0,1.0,,,EPX,4.92,92,6,6,"2020,2021,2022,2023,2024,2025",8.0,0.283,1.0,261.59,-22.15,south_apex,10.7
11,1,343.5,345.5,10.0,242.78,-65.62,57.46,344.15,0.9899,0.8472,105.27,350.43,164.15,,0.0,1.0,,,,,13,3,3,"2024,2025,2026",0.0,0.538,1.0,274.85,-43.45,south_apex,28.8
10,1,114.0,116.0,10.0,22.73,69.08,40.77,114.74,0.8431,0.5813,75.37,123.87,114.74,PCA,0.6,0.4,PCA,1.47,TCS,3.45,32,5,5,"2021,2022,2023,2024,2025",5.0,0.312,0.188,301.23,53.67,north_toroidal,18.2
13,1,0.0,2.0,10.0,249.86,21.28,53.34,1.06,0.7922,0.8654,98.43,235.29,1.06,,0.0,1.0,,,,,20,4,4,"2023,2024,2025,2026",1.5,0.35,1.0,240.59,42.55,north_toroidal,25.4
21,2,103.5,107.0,10.0,12.0,-33.39,59.34,105.44,0.8451,0.9663,115.38,48.75,285.45,,0.0,1.0,,,ESC,3.23,12,3,3,"2023,2024,2025",0.0,0.583,1.0,250.91,-35.02,south_apex,26.5
41,3,238.5,243.5,10.0,112.91,41.34,55.84,239.25,0.2459,0.957,115.91,303.14,239.25,SAU,0.636,0.364,,,SAU,4.57,90,6,6,"2020,2021,2022,2023,2024,2025",12.0,0.356,0.289,228.15,18.62,antihelion,33.4
13,1,27.0,29.0,10.0,267.45,-33.15,62.15,27.85,0.3929,0.9237,155.95,106.91,207.86,GSG,0.385,0.615,,,GSG,4.55,51,6,6,"2020,2022,2023,2024,2025,2026",3.5,0.333,0.588,239.81,-9.82,south_apex,29.9
12,1,213.0,215.0,10.0,79.18,49.79,54.08,214.34,0.3642,0.9668,104.15,286.54,214.34,,0.0,1.0,,,OEA,5.95,40,6,6,"2020,2021,2022,2023,2024,2025",3.0,0.325,1.0,228.3,26.42,antihelion,38.2
13,1,148.5,150.5,10.0,36.73,-15.86,57.7,149.49,0.5927,0.9809,117.36,82.52,329.49,,0.0,1.0,,,,,29,5,5,"2021,2022,2023,2024,2025",3.0,0.414,1.0,239.4,-27.87,south_apex,31.3
13,1,147.0,149.0,10.0,66.6,-17.74,58.9,148.21,1.0091,0.8766,113.42,352.79,328.21,,0.0,1.0,,,GER,4.49,37,5,5,"2020,2022,2023,2024,2025",3.0,0.486,1.0,273.09,-38.68,south_apex,23.8
10,1,237.0,239.0,10.0,145.67,0.06,68.71,238.36,0.9861,0.7889,157.96,6.27,58.36,,0.0,1.0,,,ASX,4.01,31,5,5,"2020,2022,2023,2024,2025",3.0,0.387,1.0,268.69,-13.64,south_apex,1.9
13,1,298.5,300.5,10.0,214.99,-26.53,69.4,299.77,0.8632,0.9302,158.89,318.26,119.77,,0.0,1.0,,,,,16,3,0,,-0.52,0.438,1.0,282.18,-10.49,south_apex,12.7
11,1,73.5,75.5,10.0,287.48,5.96,47.05,74.93,0.3052,0.9768,76.27,294.02,74.93,,0.0,1.0,,,,,46,6,6,"2021,2022,2023,2024,2025,2026",5.0,0.283,1.0,214.69,27.47,antihelion,31.0
13,1,211.5,213.5,10.0,111.8,-7.08,63.91,212.17,0.9521,0.8978,130.2,24.6,32.17,,0.0,1.0,,,BCN,1.62,91,6,6,"2020,2021,2022,2023,2024,2025",8.0,0.451,1.0,262.0,-28.75,south_apex,15.6
26,2,18.0,21.5,10.0,320.56,-0.41,60.68,19.1,0.3442,0.9766,141.57,71.32,19.1,NPE,0.538,0.462,,,NPE,6.49,84,6,6,"2021,2022,2023,2024,2025,2026",6.0,0.31,0.202,304.5,14.43,north_apex,33.4
10,1,124.5,126.5,10.0,236.8,32.28,11.74,125.69,1.0149,0.6273,14.57,182.45,125.71,,0.0,1.0,,,,,233,7,7,"2019,2020,2021,2022,2023,2024,2025",22.0,0.369,1.0,94.68,52.41,north_toroidal,97.8
13,1,72.0,74.0,10.0,273.4,5.66,38.35,73.3,0.4055,0.9601,46.69,285.1,73.31,,0.0,1.0,,,,,34,6,6,"2021,2022,2023,2024,2025,2026",3.0,0.294,1.0,201.54,30.23,antihelion,30.3
13,1,42.0,44.0,10.0,299.9,11.73,62.62,42.77,0.9801,0.9282,124.19,199.29,42.77,TAL,0.077,0.923,GAQ,2.78,,,101,8,8,"2019,2020,2021,2022,2023,2024,2025,2026",8.5,0.267,0.426,262.18,32.62,north_apex,19.0
12,1,286.5,288.5,10.0,164.49,19.85,57.04,287.33,0.1828,0.9619,137.91,311.75,287.33,,0.0,1.0,,,,,39,6,6,"2021,2022,2023,2024,2025,2026",5.0,0.256,1.0,230.91,11.79,antihelion,32.9
12,1,192.0,194.0,10.0,38.52,22.5,40.02,193.22,0.0641,0.9666,28.08,333.7,193.23,,0.0,1.0,,,NOA,4.29,131,7,7,"2019,2020,2021,2022,2023,2024,2025",16.0,0.275,0.855,210.47,6.96,antihelion,12.6
10,1,231.0,233.0,10.0,150.68,41.2,65.79,231.58,0.9771,0.9112,132.99,193.18,231.58,,0.0,1.0,KUM,4.57,NLY,6.85,99,6,6,"2020,2021,2022,2023,2024,2025",12.0,0.283,0.717,266.78,28.09,north_apex,13.4
13,1,273.0,275.0,10.0,114.54,-72.35,29.76,273.65,0.9757,0.6508,48.72,348.58,93.65,KVO,0.231,0.769,,,VOL,1.89,67,3,3,"2022,2024,2025",0.5,0.687,0.493,295.47,-77.18,south_apex,64.6
13,1,183.0,185.0,10.0,36.91,-21.78,38.0,184.07,0.453,0.9687,49.22,97.19,4.07,,0.0,1.0,,,,,24,3,3,"2022,2024,2025",1.0,0.5,1.0,202.94,-34.34,antihelion,34.5
11,1,48.0,50.0,10.0,251.86,-28.24,38.44,49.28,0.124,0.9493,16.12,144.35,229.26,EPS,0.818,0.182,,,EPS,2.77,159,7,7,"2019,2021,2022,2023,2024,2025,2026",7.0,0.296,0.535,205.05,-5.72,antihelion,7.6
13,1,241.5,243.5,10.0,146.35,-27.38,59.52,242.3,0.9651,0.8667,112.0,341.86,62.3,,0.0,1.0,,,TPY,6.84,31,5,5,"2020,2022,2023,2024,2025",3.0,0.419,1.0,279.17,-40.65,south_apex,26.9
13,1,232.5,234.5,10.0,140.64,35.81,67.71,233.09,0.8938,0.9498,146.0,216.68,233.1,,0.0,1.0,,,NLY,4.29,54,6,6,"2020,2021,2022,2023,2024,2025",6.0,0.315,1.0,259.26,18.85,north_apex,11.0
24,2,91.5,95.0,10.0,340.0,-15.39,63.64,92.32,0.48,0.9088,165.82,94.86,272.34,ADS,0.077,0.923,,,TAQ,3.91,50,4,4,"2023,2024,2025,2026",3.0,0.48,0.92,242.96,-6.67,south_apex,27.8
11,1,108.0,110.0,10.0,38.94,33.7,61.27,108.92,0.4993,0.9326,139.82,84.65,108.91,,0.0,1.0,,,,,23,5,1,2021,-0.07,0.304,1.0,299.3,17.12,north_apex,28.2
13,1,52.5,54.5,10.0,258.44,31.47,35.3,53.89,0.7847,0.9235,51.56,238.13,53.89,,0.0,1.0,,,,,46,7,7,"2020,2021,2022,2023,2024,2025,2026",5.0,0.261,1.0,200.34,53.69,north_toroidal,38.6
13,1,315.0,317.0,10.0,134.22,-49.53,36.08,315.75,0.8601,0.8653,56.77,43.17,135.75,,0.0,1.0,,,VEL,0.78,31,4,4,"2023,2024,2025,2026",1.5,0.452,1.0,212.88,-62.34,antihelion,63.3
13,1,187.5,189.5,10.0,71.37,-50.3,35.42,188.29,0.9581,0.9218,56.48,24.59,8.29,,0.0,1.0,,,,,22,3,3,"2023,2024,2025",1.0,0.545,1.0,221.81,-71.11,south_apex,66.2
11,1,220.5,222.5,10.0,114.55,25.69,68.64,221.37,0.6844,0.9672,171.96,247.36,221.39,EGE,0.727,0.273,,,,,132,6,6,"2019,2021,2022,2023,2024,2025",21.0,0.288,0.242,251.16,4.24,north_apex,21.5
13,1,189.0,191.0,10.0,41.9,-18.17,39.58,190.0,0.4206,0.9779,51.99,100.6,10.0,,0.0,1.0,,,,,28,4,4,"2021,2023,2024,2025",3.0,0.393,1.0,202.41,-33.22,antihelion,33.3
11,1,193.5,195.5,10.0,45.05,8.82,40.41,194.45,0.0701,0.9644,30.31,152.88,14.45,XCD,0.182,0.818,,,SSA,5.3,81,5,5,"2021,2022,2023,2024,2025",9.0,0.358,0.679,210.25,-8.1,antihelion,13.0
46,3,189.0,194.0,10.0,175.43,66.19,43.89,189.94,0.8716,0.8725,75.28,135.92,189.94,,0.0,1.0,,,OSD,4.97,20,5,5,"2021,2022,2023,2024,2025",3.0,0.3,1.0,306.59,57.0,north_toroidal,19.4
13,1,88.5,90.5,10.0,354.89,-39.11,59.33,89.78,0.8002,0.9167,116.23,55.91,269.78,,0.0,1.0,,,,,26,4,4,"2023,2024,2025,2026",1.0,0.423,1.0,247.42,-33.79,south_apex,27.9
13,1,88.5,90.5,10.0,348.06,-18.61,67.08,89.74,0.7636,0.9858,156.9,60.62,269.76,,0.0,1.0,,,,,29,3,3,"2023,2025,2026",1.0,0.448,1.0,251.18,-12.08,south_apex,18.5
13,1,222.0,224.0,10.0,146.92,37.48,67.23,223.58,0.9879,0.8877,140.23,173.04,223.58,,0.0,1.0,KUM,7.42,OML,7.83,67,6,6,"2020,2021,2022,2023,2024,2025",13.0,0.209,1.0,272.69,23.11,north_apex,8.5
13,1,192.0,194.0,10.0,159.32,-4.42,31.89,192.59,0.1472,0.8579,26.87,212.77,12.59,DSX,0.692,0.308,DSX,2.57,,,160,6,6,"2019,2021,2022,2023,2024,2025",23.0,0.294,0.106,330.11,-11.89,helion,15.4
49,4,4.5,9.5,10.0,306.29,-3.41,62.32,7.06,0.4263,0.9868,143.57,80.22,7.05,,0.0,1.0,,,,,41,5,5,"2022,2023,2024,2025,2026",4.5,0.341,1.0,300.97,15.36,north_apex,29.9
13,1,64.5,66.5,10.0,349.2,-12.19,68.67,65.67,0.9149,0.8917,168.02,322.45,245.68,,0.0,1.0,,,,,12,3,3,"2024,2025,2026",0.5,0.5,1.0,280.11,-5.14,south_apex,14.0
13,1,234.0,236.0,10.0,118.4,54.46,54.92,235.22,0.5258,0.9376,102.23,268.51,235.22,DEL,0.692,0.308,,,DEL,5.47,86,6,6,"2020,2021,2022,2023,2024,2025",13.0,0.326,0.291,233.53,32.73,north_toroidal,37.1
13,1,135.0,137.0,10.0,323.41,-11.14,26.75,135.78,0.44,0.8365,3.08,283.86,135.83,,0.0,1.0,,,ADC,1.34,537,7,7,"2019,2020,2021,2022,2023,2024,2025",50.0,0.384,1.0,186.24,2.35,antihelion,14.0
11,1,309.0,311.0,10.0,179.51,-5.04,57.09,309.92,0.1341,0.9515,162.74,140.7,129.91,,0.0,1.0,,,,,19,5,5,"2021,2023,2024,2025,2026",2.0,0.421,1.0,230.88,-4.41,antihelion,31.2
13,1,67.5,69.5,10.0,303.28,11.33,57.84,68.94,0.6486,0.9409,114.7,255.82,68.94,,0.0,1.0,,,,,29,6,6,"2020,2022,2023,2024,2025,2026",3.5,0.241,1.0,240.76,31.08,north_apex,31.3
13,1,222.0,224.0,10.0,110.0,47.08,60.6,222.81,0.5526,0.9376,127.03,265.15,222.81,,0.0,1.0,,,TTL,4.67,66,5,5,"2021,2022,2023,2024,2025",8.0,0.258,1.0,241.98,23.97,north_apex,27.9
13,1,85.5,87.5,10.0,273.02,9.18,29.99,86.73,0.5735,0.8818,31.74,263.41,86.74,,0.0,1.0,,,,,23,7,7,"2020,2021,2022,2023,2024,2025,2026",2.5,0.217,1.0,187.11,32.72,antihelion,35.0
25,2,222.0,225.5,10.0,166.95,54.3,55.76,223.84,0.9682,0.8135,103.71,160.95,223.84,,0.0,1.0,LUM,6.93,,,48,6,6,"2020,2021,2022,2023,2024,2025",6.0,0.292,1.0,279.41,44.16,north_toroidal,16.9
12,1,43.5,45.5,10.0,84.32,46.21,11.25,44.43,0.9485,0.6145,6.44,147.51,44.51,,0.0,1.0,,,,,117,7,7,"2020,2021,2022,2023,2024,2025,2026",5.21,0.35,1.0,42.4,24.29,helion,65.7
13,1,222.0,224.0,10.0,99.8,50.64,56.97,223.48,0.4386,0.9594,111.77,277.13,223.48,DEL,0.769,0.231,,,PAR,3.78,38,6,6,"2020,2021,2022,2023,2024,2025",6.0,0.211,0.316,233.63,27.75,north_apex,36.2
20,2,180.0,183.5,10.0,33.63,5.15,40.23,181.15,0.0611,0.9665,31.82,155.98,1.15,XCD,0.917,0.083,,,XCD,1.66,109,7,7,"2019,2020,2021,2022,2023,2024,2025",15.0,0.404,0.239,211.81,-8.3,antihelion,14.4
13,1,180.0,182.0,10.0,42.54,-17.51,43.77,180.94,0.371,0.9435,66.76,107.89,0.94,FCE,0.538,0.462,,,,,64,6,6,"2020,2021,2022,2023,2024,2025",6.0,0.422,0.422,213.42,-31.57,antihelion,34.1
11,1,199.5,201.5,10.0,71.02,-21.76,46.85,200.88,0.6301,0.9756,79.29,76.08,20.88,TEI,0.545,0.455,,,,,29,5,5,"2020,2021,2023,2024,2025",5.0,0.31,0.517,224.52,-43.1,south_apex,48.7
13,1,180.0,182.0,10.0,38.01,-27.12,38.11,180.96,0.5314,0.9414,53.6,92.44,0.96,,0.0,1.0,,,,,20,4,4,"2022,2023,2024,2025",3.0,0.45,1.0,203.73,-37.06,antihelion,37.2
13,1,19.5,21.5,10.0,343.95,-70.21,48.19,20.61,0.9566,0.9447,83.5,335.41,200.61,,0.0,1.0,,,,,15,3,3,"2024,2025,2026",0.5,0.4,1.0,287.86,-56.87,south_apex,44.3
35,2,198.0,201.5,10.0,70.63,-5.65,54.38,199.08,0.3936,0.9861,103.84,102.4,19.08,XIE,0.769,0.231,,,XIE,4.01,149,7,7,"2019,2020,2021,2022,2023,2024,2025",15.0,0.369,0.094,228.2,-27.53,antihelion,38.8
13,1,45.0,47.0,10.0,206.58,44.24,14.31,46.18,0.9785,0.6512,16.2,202.42,46.2,,0.0,1.0,,,,,286,8,7,"2020,2021,2022,2023,2024,2025,2026",17.4,0.269,1.0,134.82,49.17,antihelion,77.0
19,1,61.5,63.5,9.84,340.55,2.74,68.35,62.47,0.9118,0.9196,163.31,142.27,62.45,,0.0,1.0,ETA,6.68,MKQ,8.0,27,6,6,"2021,2022,2023,2024,2025,2026",3.5,0.296,1.0,280.24,9.98,north_apex,11.2
28,2,52.5,56.0,9.84,296.41,-6.28,63.07,55.11,0.4928,0.9607,147.14,272.58,55.1,,0.0,1.0,,,,,69,7,7,"2020,2021,2022,2023,2024,2025,2026",7.5,0.29,1.0,241.07,14.61,north_apex,28.0
19,1,19.5,21.5,9.84,305.93,0.44,64.88,20.24,0.745,0.8919,143.03,117.76,20.24,,0.0,1.0,,,TDE,6.4,31,5,5,"2022,2023,2024,2025,2026",3.5,0.29,1.0,288.48,19.46,north_apex,18.2
19,1,171.0,173.0,9.84,95.77,10.12,67.01,172.26,0.8413,0.8697,155.54,309.91,352.27,,0.0,1.0,,,,,29,5,5,"2020,2022,2023,2024,2025",4.0,0.345,1.0,284.11,-13.19,south_apex,13.8
16,1,91.5,93.5,9.84,14.37,-29.7,61.22,92.79,1.013,0.8522,123.72,10.64,272.79,,0.0,1.0,,,TSC,6.26,25,4,4,"2022,2024,2025,2026",1.5,0.4,1.0,262.19,-33.33,south_apex,19.7
19,1,126.0,128.0,9.84,274.74,42.16,19.34,126.95,0.9707,0.701,27.3,206.71,126.95,KCG,0.526,0.474,,,MUL,3.03,387,6,6,"2020,2021,2022,2023,2024,2025",16.63,0.302,0.488,150.82,64.91,north_toroidal,55.3
19,1,222.0,224.0,9.84,108.43,32.52,64.03,223.54,0.482,0.9469,156.51,273.94,223.54,,0.0,1.0,,,SAU,7.96,88,6,6,"2020,2021,2022,2023,2024,2025",14.0,0.273,1.0,243.17,10.34,north_apex,26.6
35,2,7.5,11.0,9.7,297.37,-43.1,66.16,8.09,0.8727,0.9123,141.26,318.32,188.09,,0.0,1.0,,,,,25,3,3,"2024,2025,2026",1.0,0.4,1.0,282.97,-21.5,south_apex,13.9
21,1,312.0,314.0,9.7,228.16,-24.18,70.47,313.33,0.8918,0.8948,169.15,321.32,133.69,,0.0,1.0,,,,,12,1,1,2025,1.0,0.667,1.0,280.58,-6.76,south_apex,13.3
67,3,19.5,24.5,9.7,302.83,-47.06,65.01,20.45,0.9916,0.8757,134.16,347.85,200.45,,0.0,1.0,,,,,34,5,5,"2022,2023,2024,2025,2026",2.5,0.412,1.0,273.79,-26.71,south_apex,12.2
45,1,357.0,359.0,9.33,260.93,-16.3,70.83,358.34,0.9544,0.9459,168.0,203.89,358.34,EOP,0.822,0.178,,,EOP,0.51,218,7,7,"2020,2021,2022,2023,2024,2025,2026",5.19,0.344,0.014,265.73,6.73,north_apex,9.3
34,1,183.0,185.0,9.3,63.07,17.87,63.13,184.43,0.368,0.964,171.71,109.22,4.47,,0.0,1.0,,,SUT,6.88,84,6,6,"2020,2021,2022,2023,2024,2025",10.0,0.321,1.0,239.63,-2.93,south_apex,32.3
40,1,184.5,186.5,9.24,117.69,31.24,66.83,185.77,0.7391,0.8932,161.34,115.49,185.77,TCA,0.275,0.725,,,CCR,2.08,98,7,7,"2019,2020,2021,2022,2023,2024,2025",20.0,0.265,0.071,288.84,9.08,north_apex,19.4
22,1,192.0,194.0,9.17,107.48,-0.31,66.2,192.67,0.9716,0.8896,140.6,340.25,12.67,,0.0,1.0,,,,,76,5,5,"2021,2022,2023,2024,2025",13.0,0.303,1.0,277.05,-22.93,south_apex,10.4
27,1,348.0,350.0,9.17,256.63,-15.91,71.01,348.78,0.9901,0.9159,167.76,184.81,348.6,EOP,0.148,0.852,,,EOP,3.56,22,5,5,"2022,2023,2024,2025,2026",2.0,0.409,0.909,268.32,7.56,north_apex,7.6
18,1,228.0,230.0,9.09,151.0,41.97,65.08,228.84,0.9871,0.8889,131.13,186.4,228.84,KUM,0.389,0.611,KUM,4.09,NLY,7.21,177,7,7,"2019,2020,2021,2022,2023,2024,2025",25.0,0.243,0.356,268.05,29.39,north_apex,14.5
16,1,229.5,231.5,9.09,126.98,16.84,68.06,230.83,0.7426,0.8604,175.44,62.3,50.9,,0.0,1.0,,,,,78,7,7,"2019,2020,2021,2022,2023,2024,2025",8.0,0.308,0.923,253.75,-2.07,south_apex,20.6
15,1,112.5,114.5,9.09,8.82,-18.45,62.41,113.42,0.6701,0.9478,139.4,72.24,293.42,,0.0,1.0,,,,,28,3,3,"2023,2024,2025",1.0,0.393,1.0,248.71,-20.57,south_apex,21.0
18,1,118.5,120.5,9.09,33.01,-54.23,41.89,119.7,0.9252,0.8754,71.52,36.39,299.7,,0.0,1.0,,,PHE,6.41,31,3,3,"2023,2024,2025",1.0,0.71,1.0,231.71,-61.17,south_apex,55.1
18,1,93.0,95.0,9.09,42.69,-51.66,45.77,93.84,1.0127,0.9252,79.03,350.7,273.84,,0.0,1.0,,,,,45,4,4,"2023,2024,2025,2026",3.5,0.311,1.0,277.49,-61.81,south_apex,47.2
18,1,21.0,23.0,9.09,260.96,-30.89,61.91,22.37,0.3556,0.91,159.84,110.38,202.37,GSG,0.278,0.722,,,GSG,4.19,34,4,4,"2023,2024,2025,2026",2.5,0.324,0.824,239.27,-7.67,south_apex,31.0
26,2,162.0,165.5,9.09,187.74,68.56,36.02,164.71,0.8611,0.9303,54.66,134.26,164.71,,0.0,1.0,,,KDR,4.57,33,5,5,"2021,2022,2023,2024,2025",4.0,0.333,1.0,335.23,61.23,north_toroidal,32.0
10,1,193.5,195.5,9.09,72.69,6.02,61.0,194.15,0.3953,0.9627,140.42,104.1,14.15,,0.0,1.0,,,ROR,6.29,56,6,6,"2020,2021,2022,2023,2024,2025",7.0,0.321,1.0,238.14,-15.58,south_apex,30.7
17,1,339.0,341.0,9.09,191.98,14.21,43.12,340.08,0.1854,0.9785,48.05,310.1,340.08,,0.0,1.0,,,,,51,5,5,"2022,2023,2024,2025,2026",5.5,0.471,1.0,205.39,18.6,antihelion,19.3
18,1,168.0,170.0,9.09,39.67,-42.66,33.98,168.97,0.7637,0.8681,51.21,62.33,348.97,,0.0,1.0,,,,,11,3,0,,-1.41,0.455,1.0,201.43,-53.63,antihelion,53.6
17,1,237.0,239.0,9.09,148.6,39.67,63.08,237.99,0.8838,0.7644,133.76,221.56,237.99,,0.0,1.0,,,NLY,5.23,49,7,7,"2019,2020,2021,2022,2023,2024,2025",5.0,0.367,1.0,257.53,25.48,north_apex,15.7
18,1,298.5,300.5,9.09,240.52,13.18,58.96,299.83,0.6904,0.9088,116.21,111.39,299.83,,0.0,1.0,,,,,22,5,5,"2020,2023,2024,2025,2026",2.5,0.318,1.0,294.91,31.81,north_apex,28.4
17,1,204.0,206.0,9.09,110.67,52.86,63.77,205.3,0.9234,0.9419,126.9,212.77,205.3,,0.0,1.0,,,OLY,4.08,54,6,6,"2019,2021,2022,2023,2024,2025",7.0,0.296,1.0,258.7,31.13,north_apex,19.2
16,1,246.0,248.0,9.09,88.15,50.72,39.12,246.68,0.3599,0.9518,46.81,286.52,246.68,,0.0,1.0,,,,,37,5,5,"2019,2022,2023,2024,2025",6.0,0.324,1.0,201.45,27.67,antihelion,27.7
18,1,151.5,153.5,9.09,79.79,11.27,66.97,152.37,0.7674,0.9132,157.71,300.59,332.38,,0.0,1.0,,,,,24,4,4,"2020,2023,2024,2025",3.0,0.542,1.0,287.77,-12.09,south_apex,17.5
17,1,265.5,267.5,9.09,146.97,24.49,59.33,267.07,0.2501,0.9558,148.07,301.5,267.08,,0.0,1.0,,,MLT,6.24,54,6,6,"2019,2020,2022,2023,2024,2025",6.5,0.241,1.0,234.0,10.42,north_apex,35.4
12,1,309.0,311.0,9.0,191.27,2.75,63.9,310.24,0.3638,0.9485,161.63,287.46,310.24,,0.0,1.0,,,,,54,7,7,"2020,2021,2022,2023,2024,2025,2026",8.0,0.259,1.0,239.47,7.77,north_apex,30.8
11,1,322.5,324.5,9.0,268.85,-73.89,47.91,323.35,0.7829,0.9512,81.07,304.63,143.35,,0.0,1.0,,,,,14,3,3,"2024,2025,2026",0.0,0.357,1.0,306.75,-49.5,south_apex,46.4
12,1,282.0,284.0,9.0,174.56,23.93,63.26,283.19,0.532,0.9563,136.1,266.69,283.19,COM,1.0,0.0,COM,5.3,BCF,4.67,1108,8,8,"2019,2020,2021,2022,2023,2024,2025,2026",81.0,0.355,0.112,242.23,19.97,north_apex,27.0
11,1,321.0,323.0,9.0,139.42,-28.74,33.94,322.07,0.6836,0.9552,41.81,68.0,142.07,,0.0,1.0,,,,,16,3,3,"2024,2025,2026",0.5,0.375,1.0,189.51,-45.4,antihelion,46.4
11,1,243.0,245.0,9.0,113.1,-8.5,55.95,244.08,0.4685,0.963,106.12,93.59,64.08,,0.0,1.0,,,,,29,5,5,"2021,2022,2023,2024,2025",5.0,0.276,1.0,232.47,-29.67,south_apex,37.7
12,1,232.5,234.5,9.0,162.24,43.61,63.06,233.76,0.988,0.8577,123.17,177.57,233.76,,0.0,1.0,,,TLM,5.09,61,6,6,"2020,2021,2022,2023,2024,2025",6.0,0.328,1.0,271.44,32.88,north_apex,17.9
11,1,240.0,242.0,9.0,184.55,11.17,65.21,241.61,0.485,0.9783,152.43,88.58,241.61,,0.0,1.0,DRV,1.25,NFL,5.14,74,7,7,"2019,2020,2021,2022,2023,2024,2025",10.0,0.338,0.959,297.58,12.52,north_apex,26.9
11,1,319.5,321.5,9.0,232.41,-15.26,70.2,320.09,0.9696,0.8132,173.26,164.13,320.08,,0.0,1.0,,,,,16,5,0,,-0.37,0.25,1.0,273.71,4.05,north_apex,11.6
12,1,234.0,236.0,9.0,101.24,-23.2,48.85,235.24,0.6887,0.9532,83.03,67.37,55.24,ACA,0.083,0.917,ACA,5.25,MCB,6.55,47,5,5,"2021,2022,2023,2024,2025",6.0,0.447,0.979,229.0,-45.26,south_apex,46.6
11,1,283.5,285.5,9.0,139.79,47.13,39.22,284.33,0.3949,0.9735,49.2,284.05,284.33,,0.0,1.0,,,,,28,6,6,"2020,2022,2023,2024,2025,2026",2.0,0.286,1.0,202.61,30.43,antihelion,30.5
10,1,238.5,240.5,9.0,133.02,-47.28,42.31,239.01,0.9726,0.6586,75.0,342.62,59.02,,0.0,1.0,,,NLV,3.48,60,4,4,"2022,2023,2024,2025",6.0,0.433,1.0,282.48,-59.62,south_apex,45.7
11,1,256.5,258.5,9.0,167.73,13.78,70.71,257.18,0.9691,0.8811,165.98,195.29,257.19,,0.0,1.0,COM,7.87,,,156,7,7,"2019,2020,2021,2022,2023,2024,2025",20.0,0.269,1.0,266.34,7.85,north_apex,8.0
11,1,295.5,297.5,9.0,159.28,-9.65,57.12,296.04,0.2181,0.9821,122.05,124.74,116.04,,0.0,1.0,,,JNH,2.66,38,5,5,"2021,2022,2024,2025,2026",4.0,0.316,1.0,227.95,-17.37,antihelion,32.6
10,1,285.0,287.0,9.0,205.89,-15.85,69.59,285.71,0.7992,0.876,172.68,307.83,105.61,,0.0,1.0,,,,,10,3,3,"2022,2025,2026",0.0,0.5,1.0,284.2,-4.1,south_apex,17.7
11,1,235.5,237.5,9.0,118.82,-10.39,60.38,236.62,0.7262,0.9112,119.22,63.02,56.62,,0.0,1.0,,,TSM,4.61,84,6,6,"2020,2021,2022,2023,2024,2025",12.0,0.369,1.0,246.7,-30.68,south_apex,26.6
12,1,241.5,243.5,9.0,121.06,-34.24,50.14,242.86,0.9352,0.9375,87.35,26.5,62.86,,0.0,1.0,,,NBP,5.84,28,4,4,"2022,2023,2024,2025",4.0,0.5,1.0,252.31,-53.75,south_apex,41.4
11,1,328.5,330.5,9.0,203.26,25.44,50.48,329.98,0.4106,0.9754,84.51,280.59,329.98,TSB,0.091,0.909,,,,,31,6,6,"2020,2021,2023,2024,2025,2026",3.0,0.323,1.0,220.71,32.2,antihelion,37.9
11,1,300.0,302.0,9.0,140.0,-28.73,42.58,301.1,0.566,0.9313,64.45,83.07,121.1,,0.0,1.0,,,,,19,4,4,"2023,2024,2025,2026",1.5,0.526,1.0,212.84,-42.28,antihelion,43.9
11,1,289.5,291.5,9.0,205.16,-12.61,71.28,290.85,0.9333,0.8857,174.23,333.6,110.81,,0.0,1.0,,,,,19,6,6,"2021,2022,2023,2024,2025,2026",3.0,0.211,1.0,277.48,-3.47,south_apex,13.7
11,1,237.0,239.0,9.0,153.04,31.64,68.02,238.2,0.96,0.9178,146.98,199.96,238.2,,0.0,1.0,,,FLE,6.97,82,6,6,"2020,2021,2022,2023,2024,2025",9.0,0.378,1.0,264.08,18.98,north_apex,6.9
11,1,225.0,227.0,9.0,119.74,27.56,67.38,226.6,0.6637,0.9036,166.4,252.37,226.61,,0.0,1.0,,,FCR,3.98,80,6,6,"2020,2021,2022,2023,2024,2025",14.0,0.263,0.887,250.35,6.53,north_apex,21.1
11,1,234.0,236.0,9.0,139.39,45.4,62.55,235.5,0.7996,0.9231,126.4,232.5,235.5,,0.0,1.0,KUM,4.3,NLY,5.68,56,5,5,"2021,2022,2023,2024,2025",12.0,0.25,1.0,251.92,28.65,north_apex,21.6
11,1,240.0,242.0,9.0,114.99,71.5,44.23,240.69,0.6917,0.9492,71.7,247.38,240.7,,0.0,1.0,,,,,22,4,4,"2021,2022,2024,2025",4.0,0.318,1.0,220.07,48.69,north_toroidal,31.2
11,1,355.5,357.5,9.0,224.39,-25.54,60.38,356.62,0.242,0.9751,153.74,123.08,176.62,,0.0,1.0,,,MCN,7.86,53,7,7,"2020,2021,2022,2023,2024,2025,2026",2.0,0.377,1.0,235.42,-8.61,south_apex,34.4
11,1,346.5,348.5,9.0,280.17,-42.3,64.62,347.33,0.6924,0.9023,141.83,292.0,167.33,,0.0,1.0,,,,,40,4,4,"2023,2024,2025,2026",1.5,0.375,1.0,291.04,-19.69,south_apex,20.6
11,1,342.0,344.0,9.0,221.92,11.38,56.87,342.73,0.4131,0.9681,112.38,280.69,342.73,,0.0,1.0,,,,,18,5,5,"2021,2023,2024,2025,2026",2.0,0.333,1.0,232.37,25.96,north_apex,36.9
11,1,265.5,267.5,9.0,185.25,-40.19,58.41,265.93,0.7043,0.9332,110.97,293.53,85.93,,0.0,1.0,,,,,46,3,3,"2023,2024,2025",1.0,0.391,1.0,297.18,-33.66,south_apex,31.0
12,1,340.5,342.5,9.0,209.41,-22.05,59.75,341.59,0.2309,0.9706,150.67,124.43,161.59,,0.0,1.0,,,,,55,6,6,"2021,2022,2023,2024,2025,2026",5.0,0.364,1.0,234.1,-9.48,antihelion,35.3
12,1,339.0,341.0,9.0,163.86,-31.3,37.83,340.65,0.4912,0.963,47.43,92.74,160.65,,0.0,1.0,,,,,24,4,4,"2022,2024,2025,2026",1.5,0.667,1.0,198.78,-34.44,antihelion,34.5
19,2,229.5,233.0,9.0,109.87,0.08,60.56,232.14,0.4896,0.9586,128.67,92.14,52.14,,0.0,1.0,AMO,6.98,,,78,7,7,"2019,2020,2021,2022,2023,2024,2025",8.0,0.295,0.923,239.62,-21.97,south_apex,29.6
10,1,345.0,347.0,9.0,207.44,-39.38,57.32,346.32,0.4456,0.9456,115.06,96.92,166.32,,0.0,1.0,,,,,13,2,2,"2025,2026",0.0,0.462,1.0,234.6,-26.32,south_apex,35.0
11,1,268.5,270.5,9.0,173.57,-7.3,68.67,269.34,0.9781,0.7362,162.8,9.63,89.34,,0.0,1.0,,,CVI,7.8,23,4,4,"2022,2023,2024,2025",2.5,0.261,1.0,267.63,-9.7,south_apex,5.8
11,1,339.0,341.0,9.0,274.87,-16.67,66.07,340.12,0.537,0.9399,165.83,93.64,340.12,,0.0,1.0,,,,,22,4,4,"2023,2024,2025,2026",1.5,0.5,1.0,293.86,6.5,north_apex,24.9
11,1,339.0,341.0,9.0,283.94,-13.33,62.23,339.28,0.2962,0.9909,153.74,66.18,339.28,,0.0,1.0,,,ESU,5.95,40,6,6,"2020,2022,2023,2024,2025,2026",3.0,0.425,1.0,303.72,9.52,north_apex,33.4
11,1,252.0,254.0,9.0,85.81,-35.35,30.8,253.05,0.8261,0.9274,43.74,48.12,73.05,,0.0,1.0,,,,,28,5,5,"2021,2022,2023,2024,2025",4.0,0.25,1.0,189.34,-57.91,antihelion,58.7
10,1,268.5,270.5,9.0,112.36,46.13,36.56,269.6,0.3626,0.9708,34.76,287.84,269.6,,0.0,1.0,,,,,26,4,4,"2022,2023,2024,2025",2.5,0.308,1.0,197.06,23.25,antihelion,23.4
10,1,339.0,341.0,9.0,191.91,-45.25,52.43,340.03,0.5908,0.9688,94.6,79.6,160.02,,0.0,1.0,,,,,10,2,2,"2023,2025",0.5,0.6,1.0,231.5,-37.67,south_apex,41.3
11,1,337.5,339.5,9.0,174.19,-41.93,45.01,338.67,0.515,0.9257,71.6,90.65,158.67,,0.0,1.0,,,,,18,4,4,"2023,2024,2025,2026",1.0,0.389,1.0,216.27,-39.47,antihelion,42.3
10,1,342.0,344.0,9.0,212.23,-25.97,62.56,342.83,0.3597,0.9791,147.74,105.5,162.83,,0.0,1.0,,,MCN,7.23,59,6,6,"2021,2022,2023,2024,2025,2026",5.0,0.356,1.0,236.57,-12.97,south_apex,32.5
10,1,337.5,339.5,9.0,205.03,-16.06,60.6,338.77,0.1709,0.9925,161.91,130.51,158.77,,0.0,1.0,,,,,36,5,5,"2022,2023,2024,2025,2026",3.5,0.417,1.0,230.33,-4.52,antihelion,30.6
11,1,349.5,351.5,9.0,284.8,-45.74,63.5,349.99,0.7004,0.9469,133.56,292.58,169.99,,0.0,1.0,,,,,20,5,5,"2022,2023,2024,2025,2026",2.0,0.3,1.0,291.39,-22.47,south_apex,21.6
11,1,336.0,338.0,9.0,210.55,-2.39,60.35,337.21,0.2038,0.9842,149.66,307.47,337.21,,0.0,1.0,,,UPV,3.15,47,6,6,"2020,2022,2023,2024,2025,2026",3.5,0.34,1.0,232.56,9.14,antihelion,33.7
12,1,333.0,335.0,9.0,266.77,-8.06,65.63,334.07,0.6266,0.9373,148.26,103.46,334.07,,0.0,1.0,,,,,24,5,5,"2022,2023,2024,2025,2026",2.5,0.292,1.0,292.74,15.87,north_apex,21.9
11,1,271.5,273.5,9.0,148.8,17.09,60.38,272.08,0.1872,0.9665,165.03,310.76,272.09,,0.0,1.0,JLE,6.64,DCL,7.18,30,4,4,"2022,2023,2024,2025",2.5,0.3,1.0,233.27,5.0,antihelion,33.6
12,1,354.0,356.0,9.0,171.64,-50.43,37.48,355.07,0.6909,0.9535,55.5,67.53,175.07,,0.0,1.0,,,,,20,3,3,"2024,2025,2026",0.0,0.4,1.0,204.29,-48.65,antihelion,48.8
11,1,331.5,333.5,9.0,168.98,-25.74,43.33,332.58,0.3108,0.9365,60.04,112.99,152.58,,0.0,1.0,,,,,24,4,4,"2023,2024,2025,2026",1.5,0.458,1.0,208.08,-27.93,antihelion,29.0
26,2,273.0,276.5,9.0,122.21,-33.08,43.44,275.74,0.7384,0.9478,68.92,60.9,95.74,,0.0,1.0,,,BPX,6.68,39,4,1,2024,0.17,0.41,1.0,221.0,-52.05,south_apex,55.1
12,1,231.0,233.0,9.0,159.71,33.14,66.65,231.84,0.9583,0.8244,140.85,159.12,231.85,,0.0,1.0,,,NLM,2.09,63,6,3,"2020,2022,2024",1.99,0.302,1.0,276.6,22.77,north_apex,10.0
11,1,280.5,282.5,9.0,112.64,-73.42,27.88,281.05,0.9722,0.654,46.13,346.5,101.05,KVO,0.364,0.636,,,VOL,2.57,143,3,2,"2025,2026",-0.26,0.783,0.231,301.12,-76.72,south_apex,65.4
11,1,255.0,257.0,9.0,267.86,46.66,22.89,255.67,0.9362,0.6961,33.96,151.81,255.66,,0.0,1.0,,,,,31,5,5,"2020,2021,2023,2024,2025",4.0,0.323,1.0,10.8,70.0,north_toroidal,43.8
12,1,232.5,234.5,9.0,125.84,6.6,68.01,233.03,0.7737,0.9058,156.89,59.07,53.03,,0.0,1.0,,,FCA,7.56,72,6,6,"2020,2021,2022,2023,2024,2025",10.0,0.264,0.889,253.71,-11.3,south_apex,16.3
12,1,294.0,296.0,9.0,160.83,0.81,57.13,294.84,0.0832,0.9818,149.51,147.38,114.83,,0.0,1.0,,,BSX,1.18,21,4,4,"2023,2024,2025,2026",1.5,0.333,1.0,227.67,-6.79,antihelion,28.4
10,1,358.5,360.5,9.0,133.86,-66.81,28.77,359.4,0.9555,0.6772,45.46,25.27,179.68,,0.0,1.0,,,,,24,3,3,"2024,2025,2026",0.5,0.458,1.0,200.51,-73.94,antihelion,73.9
12,1,28.5,30.5,9.0,305.4,8.91,63.74,29.83,0.9223,0.8531,131.0,144.98,29.83,,0.0,1.0,,,AED,3.16,39,5,5,"2022,2023,2024,2025,2026",4.0,0.308,1.0,282.22,27.58,north_apex,17.0
11,1,129.0,131.0,9.0,298.26,0.19,18.95,129.89,0.7443,0.7276,11.63,249.16,129.91,,0.0,1.0,,,,,357,7,7,"2019,2020,2021,2022,2023,2024,2025",31.0,0.367,1.0,169.33,18.51,antihelion,35.5
11,1,181.5,183.5,9.0,58.92,-7.16,56.23,182.15,0.4194,0.9687,111.41,100.16,2.16,,0.0,1.0,,,TFE,6.05,68,5,5,"2020,2022,2023,2024,2025",6.0,0.471,0.691,232.94,-26.93,south_apex,36.6
10,1,133.5,135.5,9.0,320.45,-13.84,24.88,134.26,0.4977,0.7981,1.7,277.98,134.89,,0.0,1.0,,,ADC,4.71,607,6,6,"2020,2021,2022,2023,2024,2025",62.0,0.371,1.0,183.8,2.11,antihelion,16.3
12,1,186.0,188.0,9.0,62.92,-5.87,55.18,187.01,0.4164,0.9528,111.2,101.67,7.01,,0.0,1.0,,,XIE,3.48,49,5,5,"2020,2022,2023,2024,2025",3.0,0.49,0.939,232.91,-26.56,south_apex,36.6
11,1,73.5,75.5,9.0,350.95,-45.39,58.47,74.94,0.9315,0.8947,113.9,33.41,254.95,,0.0,1.0,,,EGR,6.7,18,3,3,"2024,2025,2026",0.5,0.389,1.0,255.1,-37.12,south_apex,25.9
31,2,40.5,44.0,9.0,270.02,13.73,51.23,42.9,0.5652,0.9926,91.51,263.28,42.9,OTH,0.091,0.909,,,AHE,5.72,35,5,5,"2021,2022,2024,2025,2026",4.5,0.314,0.886,226.59,37.51,north_toroidal,36.4
10,1,148.5,150.5,9.0,83.78,10.31,64.44,149.29,0.5986,0.9284,151.92,278.64,329.3,,0.0,1.0,,,,,21,4,4,"2022,2023,2024,2025",3.0,0.476,1.0,294.01,-14.31,south_apex,23.2
11,1,72.0,74.0,9.0,336.04,-50.75,56.38,73.23,0.7727,0.972,108.13,59.6,253.23,,0.0,1.0,,,JEG,1.6,41,5,5,"2022,2023,2024,2025,2026",2.0,0.341,1.0,242.81,-36.88,south_apex,32.8
45,2,129.0,132.5,9.0,279.96,42.06,20.94,130.51,0.9647,0.7285,29.92,207.8,130.52,KCG,0.545,0.455,KCG,4.87,KLY,7.81,590,7,7,"2019,2020,2021,2022,2023,2024,2025",43.0,0.478,0.31,153.33,66.49,north_toroidal,52.9
11,1,190.5,192.5,9.0,143.65,42.79,59.06,191.12,0.5821,0.9101,121.35,97.88,191.13,,0.0,1.0,,,,,23,4,4,"2021,2022,2024,2025",2.0,0.348,1.0,299.28,25.9,north_apex,29.5
11,1,36.0,38.0,9.0,12.48,-62.83,46.53,36.98,0.9504,0.9187,79.36,331.82,216.97,,0.0,1.0,,,,,19,3,3,"2024,2025,2026",0.0,0.526,1.0,292.87,-58.87,south_apex,47.5
12,1,12.0,14.0,9.0,301.22,7.66,61.73,13.14,0.7303,0.9361,126.75,116.55,13.14,,0.0,1.0,,,AED,7.01,99,7,7,"2020,2021,2022,2023,2024,2025,2026",8.0,0.303,0.253,293.09,28.9,north_apex,25.5
12,1,192.0,194.0,9.0,60.96,28.57,58.82,193.02,0.1707,0.9843,153.74,311.72,193.02,PTA,0.833,0.167,,,PTA,0.14,102,6,6,"2019,2021,2022,2023,2024,2025",15.0,0.314,0.127,232.22,7.5,antihelion,33.0
10,1,127.5,129.5,9.0,336.91,-3.43,40.92,128.4,0.0642,0.9742,23.06,333.72,128.41,NDA,1.0,0.0,NDA,3.08,,,597,7,7,"2019,2020,2021,2022,2023,2024,2025",27.12,0.32,0.367,208.94,6.02,antihelion,10.8
11,1,126.0,128.0,9.0,63.78,-39.35,46.81,127.5,1.0025,0.8797,81.77,346.79,307.5,PHE,1.0,0.0,,,ACD,3.95,326,5,5,"2021,2022,2023,2024,2025",7.0,0.583,0.086,281.26,-58.64,south_apex,44.6
12,1,147.0,149.0,9.0,47.06,22.54,68.48,147.65,0.9577,0.7817,172.21,209.17,147.63,,0.0,1.0,,,AET,6.52,32,5,5,"2021,2022,2023,2024,2025",3.0,0.344,1.0,262.99,4.8,north_apex,12.3
11,1,4.5,6.5,9.0,69.92,-80.31,37.59,5.15,0.9958,0.9494,60.62,354.45,185.14,,0.0,1.0,,,DME,0.94,110,4,4,"2023,2024,2025,2026",4.5,0.309,0.264,282.12,-76.49,south_apex,62.1
19,2,69.0,72.5,9.0,15.34,-59.6,48.19,70.19,1.0128,0.9034,84.63,5.03,250.18,,0.0,1.0,,,,,25,4,4,"2023,2024,2025,2026",1.5,0.52,1.0,264.99,-58.89,south_apex,44.1
11,1,10.5,12.5,9.0,314.51,-1.33,59.66,11.59,0.3119,0.9674,138.75,66.43,11.59,,0.0,1.0,,,TDE,7.96,30,5,5,"2022,2023,2024,2025,2026",2.5,0.367,0.867,305.31,15.0,north_apex,34.1
10,1,123.0,125.0,9.0,329.46,-17.85,33.57,123.65,0.1883,0.9037,9.15,137.25,303.63,SIA,0.5,0.5,,,SIA,4.56,229,6,6,"2020,2021,2022,2023,2024,2025",6.66,0.546,0.528,201.4,-3.73,antihelion,4.0
11,1,66.0,68.0,9.0,323.49,-55.69,54.79,67.06,0.7091,0.9496,101.95,69.01,247.06,,0.0,1.0,,,,,26,3,3,"2024,2025,2026",0.5,0.385,1.0,238.5,-37.4,south_apex,36.1
12,1,180.0,182.0,9.0,203.93,65.9,36.25,180.94,0.9003,0.9053,57.69,141.95,180.94,,0.0,1.0,,,SUR,7.08,22,4,4,"2022,2023,2024,2025",3.0,0.409,1.0,325.08,64.42,north_toroidal,26.1
22,2,75.0,78.5,9.0,321.11,-46.06,55.72,77.42,0.4813,0.9919,107.3,93.29,257.42,,0.0,1.0,,,ETM,4.83,20,3,3,"2024,2025,2026",1.0,0.45,1.0,231.33,-29.35,south_apex,38.6
10,1,66.0,68.0,9.0,319.82,-9.08,66.92,66.62,0.7568,0.8732,168.72,243.11,66.6,,0.0,1.0,,,MBA,6.9,18,4,4,"2022,2024,2025,2026",1.5,0.333,1.0,252.54,7.97,north_apex,18.5
10,1,166.5,168.5,9.0,349.14,42.32,38.49,167.14,0.5718,0.9317,55.54,263.66,167.14,OAN,0.2,0.8,,,,,39,5,5,"2020,2021,2023,2024,2025",3.0,0.308,0.718,205.53,42.07,antihelion,42.4
10,1,81.0,83.0,9.0,312.87,-13.19,60.06,81.31,0.174,1.0026,163.64,311.0,81.29,,0.0,1.0,,,,,35,6,6,"2020,2021,2023,2024,2025,2026",2.5,0.314,1.0,231.91,4.99,antihelion,32.3
11,1,157.5,159.5,9.0,60.48,-50.65,38.18,158.77,0.9601,0.9116,62.88,25.74,338.77,,0.0,1.0,,,GDO,0.73,57,4,4,"2022,2023,2024,2025",2.0,0.421,1.0,235.91,-68.92,south_apex,59.6
11,1,159.0,161.0,9.0,96.91,2.33,60.87,160.13,0.539,0.8848,132.86,270.35,340.13,EMO,0.909,0.091,,,EMO,1.55,22,5,5,"2021,2022,2023,2024,2025",2.0,0.5,0.0,297.18,-20.96,south_apex,26.5
10,1,160.5,162.5,9.0,35.51,3.66,59.69,161.85,0.2418,0.9829,149.67,123.33,341.85,,0.0,1.0,,,,,51,6,6,"2020,2021,2022,2023,2024,2025",6.0,0.314,1.0,233.42,-10.54,antihelion,34.9
10,1,81.0,83.0,9.0,7.86,-43.45,58.25,82.06,1.0014,0.9437,110.15,13.92,262.06,,0.0,1.0,,,,,16,3,3,"2024,2025,2026",0.5,0.5,1.0,263.17,-40.29,south_apex,26.0
11,1,79.5,81.5,9.0,277.08,-0.14,37.34,80.95,0.3528,0.9716,36.91,289.52,80.96,,0.0,1.0,,,JTS,4.34,58,6,6,"2021,2022,2023,2024,2025,2026",7.0,0.293,0.69,196.45,23.49,antihelion,23.7
12,1,144.0,146.0,9.0,18.32,21.16,62.03,145.05,0.4215,0.9485,150.11,282.44,145.05,,0.0,1.0,,,PON,7.34,99,7,7,"2019,2020,2021,2022,2023,2024,2025",7.0,0.364,0.566,240.13,12.39,north_apex,29.1
11,1,166.5,168.5,9.0,91.92,-26.02,52.84,167.8,0.9601,0.8817,95.33,334.79,347.8,LEP,0.273,0.727,,,LEP,1.81,25,4,4,"2022,2023,2024,2025",2.0,0.4,0.76,285.13,-48.83,south_apex,36.2
11,1,141.0,143.0,9.0,313.71,-4.18,19.28,142.63,0.6964,0.7212,7.48,255.28,142.66,EQA,0.818,0.182,,,EQA,3.59,876,7,7,"2019,2020,2021,2022,2023,2024,2025",69.0,0.384,0.71,172.3,11.65,antihelion,29.9
11,1,150.0,152.0,9.0,73.36,18.03,69.58,150.88,0.8635,0.9683,171.85,315.1,330.84,,0.0,1.0,,,,,13,3,3,"2022,2023,2025",1.0,0.615,1.0,282.58,-4.36,south_apex,16.3
12,1,9.0,11.0,9.0,288.36,-6.32,68.3,9.94,0.9241,0.9272,151.67,147.62,9.93,,0.0,1.0,,,,,33,7,2,"2021,2025",1.19,0.364,1.0,279.2,15.48,north_apex,8.9
12,1,168.0,170.0,9.0,153.66,48.9,45.51,169.2,0.4547,0.9775,70.22,83.34,169.2,,0.0,1.0,,,ALN,7.06,79,5,5,"2020,2021,2023,2024,2025",11.0,0.316,1.0,328.29,34.8,helion,36.6
12,1,81.0,83.0,9.0,9.5,27.91,61.17,81.89,0.5715,0.9677,132.38,95.9,81.88,,0.0,1.0,,,,,15,4,4,"2022,2024,2025,2026",1.5,0.267,1.0,298.24,21.71,north_apex,27.6
10,1,169.5,171.5,9.0,106.87,-69.14,21.74,170.62,1.0039,0.6673,33.42,349.2,350.62,,0.0,1.0,,,BEC,3.38,61,3,3,"2023,2024,2025",1.0,0.426,1.0,42.49,-77.69,helion,91.7
21,2,76.5,80.0,9.0,289.87,4.24,47.14,78.54,0.2702,0.9727,73.67,299.39,78.54,,0.0,1.0,,,,,53,6,6,"2021,2022,2023,2024,2025,2026",5.0,0.358,1.0,213.38,26.1,antihelion,29.2
10,1,169.5,171.5,9.0,108.93,8.64,62.85,170.96,0.4749,0.9264,148.62,264.68,350.96,,0.0,1.0,,,,,26,5,5,"2020,2021,2023,2024,2025",4.0,0.346,1.0,299.3,-12.48,south_apex,28.6
11,1,84.0,86.0,9.0,19.32,-64.92,43.43,85.04,0.9697,0.9055,73.9,25.25,265.04,,0.0,1.0,,,,,30,4,4,"2023,2024,2025,2026",2.0,0.467,1.0,245.27,-62.04,south_apex,50.9
12,1,171.0,173.0,9.0,154.46,-64.06,17.76,171.86,0.9724,0.6407,25.51,336.89,351.85,,0.0,1.0,,,,,74,3,3,"2023,2024,2025",0.0,0.527,1.0,37.5,-66.93,helion,82.3
11,1,172.5,174.5,9.0,21.47,52.37,49.38,173.9,0.5864,0.9381,86.75,263.08,173.9,,0.0,1.0,,,,,24,5,0,,-0.53,0.292,1.0,227.69,39.88,north_toroidal,33.9
31,2,76.5,80.0,9.0,354.11,2.64,69.55,78.59,0.9725,0.9095,171.81,156.16,78.55,,0.0,1.0,,,JTP,5.52,59,7,3,"2021,2025,2026",1.44,0.424,1.0,276.05,5.18,north_apex,11.5
20,2,153.0,156.5,9.0,142.14,62.14,42.35,154.29,0.6164,0.9695,66.44,101.8,154.29,UMS,0.667,0.333,,,UMS,2.34,43,5,5,"2020,2022,2023,2024,2025",7.0,0.372,0.163,327.51,44.68,north_toroidal,38.3
23,2,199.5,203.0,9.0,138.13,9.06,64.94,200.56,0.4689,0.9559,165.05,264.92,20.56,OHD,0.333,0.667,,,OHD,4.25,58,5,5,"2021,2022,2023,2024,2025",6.0,0.414,0.397,297.26,-6.96,south_apex,27.9
20,2,90.0,93.5,9.0,350.28,-61.77,42.02,92.78,0.8161,0.7784,73.33,56.68,272.78,,0.0,1.0,,,,,30,4,4,"2023,2024,2025,2026",1.0,0.433,1.0,232.23,-52.72,south_apex,49.1
11,1,201.0,203.0,9.0,95.6,77.72,48.79,201.41,0.9362,0.9034,85.51,210.19,201.41,,0.0,1.0,,,YDR,1.04,39,6,6,"2020,2021,2022,2023,2024,2025",6.0,0.282,1.0,250.78,54.34,north_toroidal,11.9
11,1,213.0,215.0,9.0,106.56,-0.31,64.59,214.14,0.8144,0.8439,137.17,51.95,34.14,,0.0,1.0,,,BCN,7.0,65,6,6,"2019,2021,2022,2023,2024,2025",8.0,0.338,1.0,254.07,-23.15,south_apex,17.1
11,1,57.0,59.0,9.0,287.39,-6.37,56.51,58.09,0.2305,0.9583,127.93,303.53,58.09,,0.0,1.0,,,,,35,5,5,"2022,2023,2024,2025,2026",3.5,0.371,1.0,230.0,16.12,antihelion,33.8
12,1,216.0,218.0,9.0,128.55,-2.51,67.67,217.28,0.9804,0.8748,144.36,346.51,37.28,,0.0,1.0,,,TSM,7.49,82,7,7,"2019,2020,2021,2022,2023,2024,2025",9.0,0.317,1.0,274.51,-20.84,south_apex,7.2
11,1,114.0,116.0,9.0,316.54,17.91,42.69,115.35,0.3968,0.9385,62.42,285.06,115.35,,0.0,1.0,,,,,25,5,5,"2021,2022,2023,2024,2025",3.0,0.32,1.0,209.51,32.85,antihelion,34.1
11,1,96.0,98.0,9.0,14.41,-43.5,54.67,96.82,0.9468,0.9056,102.6,31.43,276.82,,0.0,1.0,,,,,9,2,0,,-1.18,0.556,1.0,255.19,-44.88,south_apex,32.5
12,1,145.5,147.5,9.0,40.68,-15.71,59.53,146.61,0.7244,0.9435,120.48,65.61,326.61,,0.0,1.0,ERI,4.81,,,41,6,6,"2020,2021,2022,2023,2024,2025",4.0,0.415,1.0,246.75,-30.19,south_apex,26.3
11,1,27.0,29.0,9.0,263.9,23.16,51.24,28.61,0.7716,0.9798,88.83,238.03,28.61,,0.0,1.0,,,DHE,6.81,35,4,4,"2023,2024,2025,2026",3.5,0.4,0.771,235.04,46.0,north_toroidal,25.3
33,2,55.5,59.0,9.0,2.22,-34.33,60.27,58.04,0.8291,0.9204,122.16,308.83,238.04,,0.0,1.0,,,,,42,5,5,"2022,2023,2024,2025,2026",2.0,0.381,1.0,288.62,-31.17,south_apex,23.6
11,1,19.5,21.5,9.0,338.69,-77.42,46.31,20.4,0.9985,0.9142,80.53,351.72,200.4,,0.0,1.0,,,,,21,3,3,"2024,2025,2026",0.0,0.524,1.0,274.84,-60.96,south_apex,46.1
11,1,54.0,56.0,9.0,254.52,-47.86,40.93,55.42,0.2997,0.9575,49.25,115.51,235.42,,0.0,1.0,,,,,24,4,4,"2022,2023,2025,2026",1.5,0.458,1.0,203.38,-25.17,antihelion,25.4
11,1,46.5,48.5,9.0,296.5,-35.16,64.9,47.56,0.5775,0.961,151.09,82.69,227.57,OMC,0.636,0.364,,,TTS,4.31,215,6,5,"2022,2023,2024,2025,2026",5.96,0.33,0.358,244.37,-13.34,south_apex,24.9
10,1,219.0,221.0,9.0,74.34,5.4,28.89,220.26,0.1838,0.8111,30.75,147.08,40.26,OLP,0.8,0.2,,,FOD,3.44,133,7,7,"2019,2020,2021,2022,2023,2024,2025",18.0,0.293,0.233,214.62,-17.12,antihelion,22.4
12,1,54.0,56.0,9.0,309.53,-4.15,66.61,54.45,0.8601,0.8674,153.89,228.42,54.43,,0.0,1.0,,,,,32,5,0,,0.14,0.344,1.0,256.48,14.16,north_apex,13.1
10,1,219.0,221.0,9.0,130.67,-0.18,69.19,220.18,0.984,0.9423,149.61,349.22,40.18,,0.0,1.0,,,,,64,6,6,"2019,2021,2022,2023,2024,2025",7.0,0.281,1.0,273.32,-18.38,south_apex,4.6
11,1,219.0,221.0,9.0,78.77,-20.92,42.89,220.1,0.5881,0.9415,67.14,80.05,40.1,,0.0,1.0,,,,,56,5,1,2025,1.08,0.411,1.0,213.98,-44.09,antihelion,46.0
11,1,219.0,221.0,9.0,118.47,8.04,69.25,220.25,0.8848,0.9309,157.22,39.41,40.24,,0.0,1.0,,,,,61,5,5,"2021,2022,2023,2024,2025",12.0,0.262,1.0,258.67,-12.6,south_apex,11.3
11,1,46.5,48.5,9.0,287.09,31.05,48.62,47.37,0.9273,0.8796,86.18,214.16,47.37,,0.0,1.0,,,BTC,4.33,68,6,6,"2021,2022,2023,2024,2025,2026",9.0,0.25,1.0,246.62,52.81,north_toroidal,14.8
11,1,223.5,225.5,9.0,240.66,68.32,30.47,224.49,0.9882,0.697,50.44,173.11,224.49,,0.0,1.0,,,,,89,7,7,"2019,2020,2021,2022,2023,2024,2025",12.0,0.27,1.0,293.65,78.95,north_toroidal,20.7
11,1,100.5,102.5,9.0,6.53,-36.95,56.88,101.72,0.708,0.9393,112.51,68.98,281.72,,0.0,1.0,,,,,50,4,4,"2022,2023,2024,2025",1.5,0.48,1.0,241.06,-33.41,south_apex,32.2
11,1,49.5,51.5,9.0,291.75,57.95,30.35,50.22,1.0033,0.6333,52.39,169.55,50.23,,0.0,1.0,,,,,44,6,6,"2020,2021,2022,2023,2024,2025",5.5,0.295,1.0,289.54,77.55,north_toroidal,18.9
12,1,223.5,225.5,9.0,144.34,-3.51,68.35,224.69,0.8645,0.9522,150.22,317.57,44.69,PIH,0.833,0.167,,,ASX,1.99,131,7,7,"2019,2020,2021,2022,2023,2024,2025",19.0,0.267,0.023,283.2,-16.59,south_apex,12.8
11,1,27.0,29.0,9.0,308.35,-27.22,69.88,27.73,0.9672,0.9466,165.77,337.61,207.74,APC,0.727,0.273,,,APC,4.63,20,6,6,"2021,2022,2023,2024,2025,2026",2.0,0.25,0.0,276.01,-8.38,south_apex,8.9
11,1,45.0,47.0,9.0,302.97,14.09,60.93,46.05,0.9837,0.8589,122.6,199.14,46.05,GAQ,0.727,0.273,GAQ,1.18,,,153,7,7,"2020,2021,2022,2023,2024,2025,2026",15.5,0.255,0.17,262.26,32.89,north_apex,19.2
12,1,94.5,96.5,9.0,328.42,-8.4,59.39,95.26,0.1859,0.9745,166.78,309.85,95.18,,0.0,1.0,,,OAQ,3.62,40,5,5,"2020,2023,2024,2025,2026",4.0,0.4,0.975,232.6,4.25,antihelion,32.9
11,1,202.5,204.5,9.0,80.8,39.19,61.37,203.52,0.4029,0.951,140.56,284.57,203.52,,0.0,1.0,,,LAU,0.72,46,5,5,"2020,2021,2023,2024,2025",5.0,0.326,1.0,238.27,15.48,north_apex,30.6
12,1,202.5,204.5,9.0,114.97,38.59,68.6,203.46,0.9839,0.8997,151.08,193.33,203.46,,0.0,1.0,,,PSA,5.24,60,6,6,"2020,2021,2022,2023,2024,2025",10.0,0.3,1.0,266.64,17.63,north_apex,4.2
12,1,202.5,204.5,9.0,52.83,-69.22,20.11,203.45,0.9914,0.7036,30.58,9.56,23.45,,0.0,1.0,,,,,62,4,4,"2022,2023,2024,2025",4.0,0.435,1.0,120.69,-77.61,antihelion,99.2
32,2,223.5,227.0,9.0,138.39,50.28,61.33,224.46,0.9325,0.8473,122.58,209.2,224.46,,0.0,1.0,KUM,6.97,IUM,5.92,80,7,7,"2019,2020,2021,2022,2023,2024,2025",15.0,0.263,1.0,259.76,32.47,north_apex,19.8
12,1,93.0,95.0,9.0,29.74,-24.64,59.84,93.85,0.9212,0.8753,119.69,322.57,273.85,,0.0,1.0,,,TSC,6.86,51,5,5,"2022,2023,2024,2025,2026",3.0,0.412,0.882,284.21,-34.02,south_apex,23.0
11,1,51.0,53.0,9.0,253.5,36.96,26.61,51.98,0.8588,0.6019,41.82,232.79,51.99,,0.0,1.0,,,,,26,5,5,"2022,2023,2024,2025,2026",2.5,0.423,1.0,195.11,60.45,north_toroidal,37.2
10,1,42.0,44.0,9.0,260.03,19.73,42.49,42.91,0.5901,0.9316,67.63,261.08,42.91,,0.0,1.0,,,,,47,7,7,"2020,2021,2022,2023,2024,2025,2026",5.5,0.34,1.0,213.86,43.09,north_toroidal,38.8
11,1,202.5,204.5,9.0,38.83,39.27,41.75,203.37,0.242,0.9699,51.99,302.44,203.38,,0.0,1.0,,,OBC,7.85,42,5,5,"2021,2022,2023,2024,2025",5.0,0.286,0.952,205.86,22.69,antihelion,23.4
12,1,93.0,95.0,9.0,352.62,-21.32,65.19,94.61,0.7558,0.9339,148.4,64.02,274.61,,0.0,1.0,,,,,40,5,5,"2022,2023,2024,2025,2026",3.0,0.45,1.0,250.6,-16.65,south_apex,18.7
10,1,45.0,47.0,9.0,161.42,15.09,8.5,45.79,1.0028,0.6083,1.29,187.85,46.32,,0.0,1.0,,,,,193,7,7,"2020,2021,2022,2023,2024,2025,2026",9.14,0.28,1.0,110.0,6.16,antihelion,90.1
11,1,81.0,83.0,9.0,318.47,15.27,58.96,82.29,0.7073,0.9272,118.88,248.06,82.29,,0.0,1.0,,,,,41,6,6,"2021,2022,2023,2024,2025,2026",4.0,0.39,1.0,244.65,30.31,north_apex,28.0
12,1,63.0,65.0,9.0,314.81,-39.31,61.7,63.95,0.5767,0.9658,133.51,84.23,243.95,,0.0,1.0,,,ETM,3.5,32,5,5,"2022,2023,2024,2025,2026",2.5,0.312,1.0,241.52,-21.76,south_apex,27.9
11,1,204.0,206.0,9.0,94.52,49.89,62.3,205.0,0.7374,0.9159,128.54,243.63,205.0,,0.0,1.0,,,FAU,5.77,80,6,6,"2020,2021,2022,2023,2024,2025",6.0,0.438,1.0,248.38,26.47,north_apex,23.2
12,1,117.0,119.0,9.0,5.93,-6.43,64.51,118.26,0.5309,0.9388,161.71,90.62,298.27,,0.0,1.0,,,,,28,5,5,"2021,2022,2023,2024,2025",3.0,0.321,1.0,244.95,-8.49,south_apex,25.4
11,1,204.0,206.0,9.0,120.29,60.69,59.35,205.42,0.9733,0.9154,112.95,197.84,205.42,,0.0,1.0,,,,,76,6,6,"2019,2021,2022,2023,2024,2025",11.0,0.276,0.961,262.95,39.49,north_toroidal,21.0
11,1,43.5,45.5,9.0,249.86,-22.35,39.48,44.58,0.0807,0.9629,2.06,152.13,224.04,,0.0,1.0,,,ASC,4.3,235,7,7,"2020,2021,2022,2023,2024,2025,2026",17.5,0.336,1.0,206.61,-0.35,antihelion,6.6
10,1,210.0,212.0,9.0,98.39,37.57,63.83,211.28,0.5644,0.8873,149.02,265.94,211.28,,0.0,1.0,,,KAU,6.14,134,7,6,"2020,2021,2022,2023,2024,2025",3.63,0.388,1.0,245.52,14.37,north_apex,23.7
12,1,27.0,29.0,9.0,328.26,-50.32,60.96,27.75,0.9094,0.9464,118.05,323.88,207.75,,0.0,1.0,,,,,28,4,4,"2023,2024,2025,2026",1.5,0.429,1.0,284.17,-35.54,south_apex,24.2
12,1,96.0,98.0,9.0,323.37,8.9,55.45,97.04,0.3421,0.945,117.73,291.92,97.04,M25O1,0.417,0.583,,,,,29,3,3,"2024,2025,2026",1.0,0.379,0.345,231.01,22.38,north_apex,37.7
61,1,283.5,285.5,8.89,145.88,-58.11,40.6,284.56,0.9773,0.6776,69.78,13.47,104.55,,0.0,1.0,,,KVE,5.44,94,4,4,"2023,2024,2025,2026",1.0,0.436,0.915,260.12,-64.41,south_apex,50.0
39,1,298.5,300.5,8.87,231.87,0.24,66.39,299.57,0.7041,0.9422,144.38,114.83,299.57,DSV,0.487,0.513,,,HTV,5.54,135,7,7,"2020,2021,2022,2023,2024,2025,2026",13.0,0.333,0.067,290.12,18.56,north_apex,19.6
14,1,91.5,93.5,8.86,303.06,-17.44,40.74,92.82,0.0582,0.9741,8.99,333.92,92.93,,0.0,1.0,,,,,81,8,8,"2019,2020,2021,2022,2023,2024,2025,2026",7.5,0.321,1.0,207.4,2.45,antihelion,7.8
73,1,78.0,80.0,8.81,3.3,10.96,66.91,79.12,0.767,0.913,162.42,119.1,79.11,,0.0,1.0,,,,,250,8,8,"2019,2020,2021,2022,2023,2024,2025,2026",26.5,0.372,0.728,287.16,10.09,north_apex,17.5
25,1,102.0,104.0,8.64,4.14,-36.46,56.62,103.47,0.6891,0.9543,111.25,70.82,283.47,,0.0,1.0,,,ESC,3.97,48,5,5,"2021,2022,2023,2024,2025",2.0,0.604,1.0,240.82,-33.06,south_apex,32.2
23,1,102.0,104.0,8.64,355.04,-12.32,65.17,102.93,0.7089,0.8816,159.41,69.21,282.95,,0.0,1.0,,,,,23,3,3,"2023,2024,2025",0.5,0.609,1.0,250.46,-10.82,south_apex,19.5
14,1,193.5,195.5,8.64,111.68,23.08,71.03,194.35,0.9778,0.9337,176.53,168.39,193.57,,0.0,1.0,,,,,18,5,0,,-0.88,0.278,1.0,273.72,2.86,north_apex,12.7
40,2,273.0,276.5,8.64,198.63,-14.17,68.96,274.11,0.6985,0.9151,168.72,293.81,94.11,XVI,0.6,0.4,XVI,4.74,,,128,7,7,"2019,2020,2021,2022,2023,2024,2025",14.0,0.289,0.055,288.74,-5.98,south_apex,20.5
24,1,354.0,356.0,8.64,286.69,-71.72,53.82,354.97,0.9473,0.8887,97.2,334.23,174.97,,0.0,1.0,,,ZPA,2.37,14,3,3,"2024,2025,2026",0.5,0.429,1.0,282.58,-48.89,south_apex,35.5
38,1,283.5,285.5,8.5,131.05,-36.74,43.87,284.75,0.7622,0.914,71.27,58.43,104.75,BPX,0.342,0.658,,,BPX,1.5,143,5,5,"2022,2023,2024,2025,2026",4.0,0.462,0.385,224.01,-52.09,south_apex,53.3
30,1,280.5,282.5,8.43,221.37,14.47,61.59,281.8,0.7274,0.9074,123.06,115.12,281.81,DZB,0.333,0.667,,,DZB,1.21,70,7,7,"2020,2021,2022,2023,2024,2025,2026",6.0,0.314,0.229,292.7,29.13,north_apex,25.3
31,1,183.0,185.0,8.43,54.59,27.11,60.78,184.13,0.255,0.9794,157.98,300.57,184.13,PTA,0.484,0.516,,,OPE,5.06,143,7,7,"2019,2020,2021,2022,2023,2024,2025",19.0,0.343,0.168,234.37,7.6,antihelion,35.1
17,1,190.5,192.5,8.35,63.79,-2.06,56.45,191.09,0.3318,0.9786,113.84,110.88,11.09,XIE,0.471,0.529,,,TFE,1.4,39,5,5,"2019,2022,2023,2024,2025",6.0,0.333,0.41,229.33,-23.06,antihelion,36.8
17,1,109.5,111.5,8.35,41.39,-18.32,60.42,110.37,0.938,0.8575,122.66,325.8,290.37,,0.0,1.0,,,,,15,3,3,"2023,2024,2025",0.0,0.533,1.0,282.16,-32.91,south_apex,21.1
17,1,15.0,17.0,8.35,274.74,-16.25,70.1,16.27,0.8896,0.9791,167.27,219.57,16.26,,0.0,1.0,,,OSP,4.0,49,6,6,"2020,2022,2023,2024,2025,2026",5.5,0.347,1.0,258.44,6.44,north_apex,14.2
16,1,283.5,285.5,8.35,207.22,12.02,67.2,284.52,0.9558,0.862,142.82,159.76,284.53,,0.0,1.0,,,TTB,7.21,36,4,4,"2022,2024,2025,2026",1.0,0.5,0.972,276.35,22.02,north_apex,9.2
25,2,306.0,309.5,8.35,239.35,-35.01,65.22,308.59,0.5348,0.9642,148.68,274.51,128.58,XLU,0.118,0.882,,,XLU,0.84,48,4,4,"2023,2024,2025,2026",4.5,0.292,0.729,296.08,-13.97,south_apex,25.3
29,2,67.5,71.0,8.35,273.09,15.2,39.27,68.4,0.5173,0.9138,58.43,271.83,68.4,,0.0,1.0,,,,,30,7,7,"2020,2021,2022,2023,2024,2025,2026",3.0,0.233,1.0,206.0,37.92,antihelion,38.3
16,1,4.5,6.5,8.35,153.88,-65.93,34.23,5.76,0.9107,0.8858,51.71,34.96,185.75,,0.0,1.0,,,,,17,3,3,"2024,2025,2026",0.0,0.588,1.0,206.38,-65.67,antihelion,65.9
16,1,55.5,57.5,8.35,42.72,-69.21,38.34,56.5,1.0082,0.9203,63.62,351.95,236.5,,0.0,1.0,,,,,21,2,2,"2025,2026",1.0,0.429,1.0,282.75,-71.67,south_apex,57.4
13,1,355.5,357.5,8.35,291.24,-41.08,64.42,356.26,0.6879,0.932,141.49,291.76,176.26,,0.0,1.0,,,,,24,4,4,"2023,2024,2025,2026",1.5,0.5,1.0,291.41,-19.63,south_apex,21.0
17,1,13.5,15.5,8.35,313.2,-42.04,62.97,14.13,0.7593,0.8783,134.61,299.87,194.13,,0.0,1.0,,,,,17,4,4,"2023,2024,2025,2026",1.0,0.412,1.0,288.83,-24.22,south_apex,20.0
16,1,75.0,77.0,8.35,352.33,42.17,54.26,75.88,0.7883,0.9605,101.28,122.75,75.88,,0.0,1.0,,,PAN,5.03,13,2,2,"2025,2026",1.0,0.615,1.0,297.05,40.33,north_toroidal,26.2
15,1,231.0,233.0,8.35,246.57,68.47,29.86,231.74,0.9881,0.7185,48.83,176.37,231.75,,0.0,1.0,,,,,75,6,6,"2020,2021,2022,2023,2024,2025",9.0,0.32,1.0,287.7,79.62,north_toroidal,20.6
16,1,76.5,78.5,8.35,289.12,-64.24,39.23,77.3,0.5837,0.9427,55.92,83.28,257.3,JDP,0.5,0.5,,,JDP,3.14,70,4,4,"2023,2024,2025,2026",4.5,0.443,0.443,203.36,-41.12,antihelion,41.2
17,1,78.0,80.0,8.35,10.87,-63.16,44.58,79.23,0.9704,0.8557,78.3,24.99,259.23,,0.0,1.0,,,,,59,4,4,"2023,2024,2025,2026",3.0,0.441,1.0,248.49,-59.47,south_apex,47.7
15,1,102.0,104.0,8.35,17.63,-6.6,68.55,103.28,1.0153,0.9047,157.89,350.53,283.29,,0.0,1.0,,,JCT,2.14,19,4,4,"2022,2023,2024,2025",1.5,0.368,1.0,272.91,-12.26,south_apex,3.9
17,1,243.0,245.0,8.35,185.91,10.31,64.95,244.04,0.5093,0.9396,153.04,88.94,244.04,,0.0,1.0,DRV,2.15,NFL,6.72,103,7,7,"2019,2020,2021,2022,2023,2024,2025",13.0,0.282,0.631,296.41,12.52,north_apex,25.8
16,1,100.5,102.5,8.35,141.63,-61.24,15.06,101.67,1.0153,0.6104,20.67,352.01,281.66,,0.0,1.0,,,JKV,5.57,57,4,4,"2023,2024,2025,2026",1.5,0.667,1.0,78.42,-67.35,helion,106.0
24,1,253.5,255.5,8.12,104.33,-15.6,42.78,254.49,0.4888,0.9457,67.57,92.11,74.5,ACA,0.5,0.5,ACA,4.31,GCM,6.84,62,6,6,"2019,2021,2022,2023,2024,2025",4.5,0.435,0.145,214.19,-38.31,antihelion,40.6
10,1,100.5,102.5,8.0,292.84,-70.12,28.25,101.62,0.79,0.9426,35.43,57.27,281.62,,0.0,1.0,,,,,31,4,4,"2022,2023,2024,2025",1.5,0.516,1.0,179.44,-48.28,antihelion,51.8
10,1,100.5,102.5,8.0,11.21,-29.27,61.3,101.57,0.9199,0.8558,124.92,36.72,281.57,,0.0,1.0,,,,,19,4,4,"2022,2024,2025,2026",1.0,0.421,1.0,253.25,-31.1,south_apex,22.3
10,1,42.0,44.0,8.0,250.05,13.6,40.39,42.65,0.4706,0.9732,54.6,275.66,42.65,,0.0,1.0,,,ATH,6.22,62,7,7,"2020,2021,2022,2023,2024,2025,2026",6.0,0.339,1.0,203.57,34.82,antihelion,35.0
10,1,42.0,44.0,8.0,70.76,69.51,14.54,42.71,0.9504,0.627,16.42,148.02,42.72,,0.0,1.0,,,,,88,7,7,"2020,2021,2022,2023,2024,2025,2026",3.2,0.341,1.0,40.58,46.16,helion,72.4
10,1,24.0,26.0,8.0,312.09,-6.54,66.48,25.35,0.7318,0.8813,158.95,113.48,25.34,,0.0,1.0,,,,,22,4,4,"2021,2024,2025,2026",1.0,0.455,1.0,288.63,11.24,north_apex,18.5
10,1,42.0,44.0,8.0,260.12,50.9,29.38,43.4,0.9667,0.7616,46.79,205.07,43.41,,0.0,1.0,,,,,45,7,7,"2020,2021,2022,2023,2024,2025,2026",5.5,0.311,0.978,201.73,73.2,north_toroidal,30.2
10,1,94.5,96.5,8.0,341.17,-31.22,55.75,95.73,0.3555,0.9055,121.78,110.22,275.73,,0.0,1.0,,,GSC,6.72,35,5,5,"2022,2023,2024,2025,2026",3.5,0.343,1.0,234.58,-20.93,south_apex,34.2
10,1,43.5,45.5,8.0,150.92,-49.42,15.4,44.84,0.9763,0.6354,19.77,23.44,224.83,,0.0,1.0,,,,,110,3,3,"2024,2025,2026",1.0,0.373,1.0,136.2,-55.96,antihelion,79.4
25,2,60.0,63.5,8.0,326.73,-10.18,69.29,62.73,0.9612,0.8597,174.95,207.62,62.62,,0.0,1.0,,,MBA,7.85,12,2,2,"2025,2026",0.5,0.667,1.0,261.11,2.95,north_apex,14.9
10,1,51.0,53.0,8.0,293.38,-5.46,62.7,51.81,0.53,0.9507,144.19,268.45,51.8,,0.0,1.0,,,,,66,7,7,"2020,2021,2022,2023,2024,2025,2026",6.5,0.273,1.0,242.27,15.27,north_apex,26.8
10,1,58.5,60.5,8.0,38.56,-62.53,41.5,58.94,0.9971,0.9252,69.88,345.91,238.94,,0.0,1.0,,,,,16,2,2,"2025,2026",0.0,0.562,1.0,285.79,-68.72,south_apex,55.0
10,1,55.5,57.5,8.0,334.37,-19.9,68.79,56.66,1.0057,0.8295,165.09,350.9,236.67,,0.0,1.0,,,,,36,4,4,"2022,2024,2025,2026",1.5,0.306,1.0,271.86,-8.28,south_apex,7.0
10,1,100.5,102.5,8.0,12.56,-16.24,66.43,101.21,0.9813,0.862,146.07,22.37,281.22,,0.0,1.0,,,,,28,4,4,"2022,2023,2024,2025",1.5,0.393,1.0,263.1,-19.69,south_apex,8.1
10,1,97.5,99.5,8.0,340.71,-30.32,55.58,98.73,0.2946,0.9257,121.52,116.47,278.73,,0.0,1.0,,,,,27,3,3,"2024,2025,2026",0.0,0.444,1.0,231.69,-20.12,south_apex,36.9
10,1,97.5,99.5,8.0,26.06,-58.26,43.91,98.31,0.9703,0.8985,75.67,25.92,278.31,,0.0,1.0,,,,,19,4,0,,-0.66,0.579,1.0,246.11,-62.04,south_apex,50.6
10,1,64.5,66.5,8.0,270.04,12.56,39.77,65.76,0.4844,0.9676,55.95,273.99,65.76,,0.0,1.0,,,,,33,7,7,"2020,2021,2022,2023,2024,2025,2026",4.5,0.242,1.0,204.81,36.01,antihelion,36.3
10,1,46.5,48.5,8.0,324.35,-0.1,67.13,47.33,0.9278,0.8101,156.26,144.76,47.32,BAQ,0.9,0.1,BAQ,1.38,,,116,7,7,"2020,2021,2022,2023,2024,2025,2026",9.5,0.302,0.034,279.22,13.23,north_apex,9.1
10,1,54.0,56.0,8.0,329.86,0.36,68.4,54.64,0.956,0.8849,158.89,152.52,54.63,BAQ,0.3,0.7,BAQ,6.91,,,77,6,5,"2022,2023,2024,2025,2026",3.58,0.312,0.494,277.84,12.71,north_apex,7.9
10,1,319.5,321.5,8.0,192.58,1.42,60.0,320.21,0.1603,0.9772,157.92,313.14,320.21,,0.0,1.0,,,,,27,6,6,"2021,2022,2023,2024,2025,2026",3.0,0.259,1.0,231.54,6.35,antihelion,32.1
10,1,99.0,101.0,8.0,43.89,-43.06,48.66,99.93,1.0005,0.8997,86.61,345.25,279.93,,0.0,1.0,,,,,34,3,3,"2023,2024,2025",0.0,0.588,0.912,279.65,-54.42,south_apex,40.2
10,1,289.5,291.5,8.0,137.39,-7.51,45.93,290.68,0.2077,0.9737,64.11,126.07,110.68,,0.0,1.0,,,,,20,4,4,"2023,2024,2025,2026",1.5,0.35,1.0,211.14,-23.02,antihelion,25.5
10,1,40.5,42.5,8.0,289.65,-9.82,66.38,41.4,0.6705,0.9553,155.24,252.56,41.39,,0.0,1.0,,,,,46,7,7,"2020,2021,2022,2023,2024,2025,2026",4.0,0.283,1.0,248.05,12.1,north_apex,21.5
10,1,310.5,312.5,8.0,270.94,22.89,43.96,311.14,0.6417,0.9165,70.7,105.01,311.14,,0.0,1.0,,,,,11,3,3,"2023,2025,2026",1.0,0.273,1.0,320.41,46.2,north_toroidal,33.3
10,1,87.0,89.0,8.0,348.52,-25.59,65.74,87.7,0.7959,0.9804,144.81,55.82,267.7,,0.0,1.0,,,GSC,2.85,29,4,4,"2023,2024,2025,2026",2.0,0.379,1.0,252.22,-18.6,south_apex,17.4
28,2,39.0,42.5,8.0,305.04,-58.93,58.3,40.2,0.8902,0.9087,111.36,40.45,220.21,,0.0,1.0,,,,,28,4,4,"2023,2024,2025,2026",2.0,0.357,1.0,252.5,-37.93,south_apex,27.8
10,1,79.5,81.5,8.0,351.53,66.59,38.98,80.77,0.8434,0.9165,62.27,130.27,80.77,,0.0,1.0,,,,,22,5,5,"2021,2022,2023,2025,2026",2.0,0.318,1.0,321.75,58.58,north_toroidal,26.5
10,1,78.0,80.0,8.0,6.88,-3.89,67.36,79.44,0.8109,0.8969,168.82,306.16,259.45,,0.0,1.0,,,,,13,4,4,"2023,2024,2025,2026",1.5,0.308,1.0,284.38,-5.42,south_apex,17.1
10,1,81.0,83.0,8.0,10.38,-49.23,53.26,82.06,0.9889,0.8811,98.68,19.53,262.06,,0.0,1.0,,,,,24,4,4,"2023,2024,2025,2026",1.0,0.583,1.0,258.4,-48.07,south_apex,34.5
10,1,40.5,42.5,8.0,331.0,-8.63,67.41,42.01,0.7305,0.9229,174.34,116.05,42.09,,0.0,1.0,,,,,34,5,5,"2021,2022,2024,2025,2026",5.0,0.294,1.0,287.88,2.89,north_apex,21.4
10,1,84.0,86.0,8.0,3.48,-30.82,63.15,85.03,0.9946,0.8685,128.44,17.24,265.04,,0.0,1.0,,,,,28,4,4,"2023,2024,2025,2026",1.5,0.321,1.0,263.28,-30.19,south_apex,16.4
19,2,84.0,87.5,8.0,314.5,6.99,57.36,85.18,0.4187,0.9553,120.34,280.47,85.17,M25O1,0.5,0.5,,,,,58,5,5,"2021,2023,2024,2025,2026",3.5,0.5,0.552,234.28,24.0,north_apex,34.9
10,1,85.5,87.5,8.0,318.42,59.25,40.92,86.97,1.0112,0.8704,69.76,171.73,86.97,,0.0,1.0,,,,,41,7,7,"2020,2021,2022,2023,2024,2025,2026",5.0,0.293,1.0,283.42,68.29,north_toroidal,10.1
10,1,37.5,39.5,8.0,306.96,28.03,53.58,38.39,0.9655,0.8011,100.19,155.07,38.39,,0.0,1.0,,,TVU,3.46,18,4,4,"2022,2023,2025,2026",1.5,0.333,1.0,280.83,46.82,north_toroidal,14.7
10,1,85.5,87.5,8.0,339.67,-35.18,61.2,86.46,0.6075,1.0009,126.74,78.99,266.46,,0.0,1.0,,,,,25,4,4,"2023,2024,2025,2026",1.5,0.32,1.0,241.93,-24.74,south_apex,28.1
10,1,300.0,302.0,8.0,246.85,-4.38,60.89,300.93,0.3527,0.9719,132.51,71.19,300.94,,0.0,1.0,,,JAS,6.7,12,3,3,"2023,2024,2026",1.0,0.333,1.0,305.57,18.83,north_apex,34.2
10,1,93.0,95.0,8.0,11.44,-12.18,67.17,93.99,1.0142,0.8137,152.78,352.57,274.0,,0.0,1.0,,,,,24,3,3,"2024,2025,2026",1.0,0.375,1.0,271.76,-15.21,south_apex,1.7
10,1,72.0,74.0,8.0,333.8,-41.62,61.02,72.97,0.7562,0.9395,124.2,61.3,252.97,,0.0,1.0,,,MMI,5.75,26,5,5,"2022,2023,2024,2025,2026",2.5,0.423,1.0,247.92,-27.92,south_apex,24.3
10,1,70.5,72.5,8.0,303.23,-12.39,59.47,71.49,0.2019,0.9899,154.67,306.99,71.48,,0.0,1.0,,,,,38,5,5,"2022,2023,2024,2025,2026",3.5,0.395,1.0,230.96,7.74,antihelion,31.8
10,1,87.0,89.0,8.0,356.41,-5.44,67.48,87.31,0.9996,0.7128,173.72,16.13,267.35,,0.0,1.0,,,,,8,3,3,"2024,2025,2026",0.0,0.5,1.0,265.97,-2.37,south_apex,13.2
10,1,336.0,338.0,8.0,265.38,0.01,64.96,337.45,0.7829,0.9551,135.87,123.69,337.45,,0.0,1.0,,,,,25,5,5,"2021,2023,2024,2025,2026",2.5,0.36,1.0,288.19,23.46,north_apex,19.2
25,2,88.5,92.0,8.0,330.39,-21.0,60.61,89.57,0.2977,0.9584,156.56,116.76,269.58,ADS,0.4,0.6,,,ADS,3.95,68,6,4,"2020,2024,2025,2026",1.93,0.309,0.397,235.14,-7.72,south_apex,34.9
10,1,28.5,30.5,8.0,279.87,-38.15,64.48,29.03,0.6697,0.8799,149.51,74.38,209.03,,0.0,1.0,,,,,47,4,4,"2023,2024,2025,2026",3.0,0.383,1.0,248.13,-15.33,south_apex,21.1
10,1,291.0,293.0,8.0,201.96,-45.5,61.96,292.22,0.8598,0.949,119.21,317.74,112.22,,0.0,1.0,,,ICN,6.95,15,3,3,"2024,2025,2026",1.0,0.267,1.0,286.44,-33.36,south_apex,23.7
10,1,40.5,42.5,8.0,27.88,-68.2,41.61,41.62,0.9941,0.9104,69.89,346.37,221.62,,0.0,1.0,,,,,17,3,3,"2024,2025,2026",0.0,0.353,1.0,285.65,-67.4,south_apex,53.7
29,2,91.5,95.0,8.0,340.5,-27.52,60.11,93.74,0.4138,0.9264,135.81,104.05,273.74,,0.0,1.0,,,GSC,6.87,23,4,4,"2023,2024,2025,2026",1.0,0.652,1.0,237.63,-18.11,south_apex,31.2
10,1,93.0,95.0,8.0,306.47,15.01,46.37,93.67,0.4049,0.915,78.86,285.38,93.67,,0.0,1.0,,,,,25,4,4,"2022,2024,2025,2026",2.0,0.4,1.0,219.04,33.26,antihelion,37.9
10,1,295.5,297.5,8.0,181.22,-46.83,59.3,296.32,0.9817,0.9168,109.91,5.19,116.32,,0.0,1.0,,,RHC,6.92,22,3,3,"2024,2025,2026",1.0,0.318,1.0,267.72,-40.54,south_apex,25.6
10,1,255.0,257.0,8.0,190.2,49.06,52.59,256.0,0.9782,0.7214,97.59,190.22,256.01,,0.0,1.0,,,GMA,4.92,34,6,6,"2019,2021,2022,2023,2024,2025",2.5,0.353,1.0,265.8,47.98,north_toroidal,12.3
10,1,267.0,269.0,8.0,214.11,-41.99,41.42,268.57,0.2203,0.8264,71.8,225.31,88.57,ILU,0.6,0.4,,,ILU,0.21,60,4,4,"2022,2023,2024,2025",2.0,0.45,0.633,318.55,-26.92,helion,34.1
10,1,175.5,177.5,8.0,121.59,31.97,62.33,176.31,0.4118,0.9238,153.36,76.24,176.31,,0.0,1.0,OMG,6.51,CCR,3.33,69,7,7,"2019,2020,2021,2022,2023,2024,2025",10.0,0.246,0.754,300.25,10.39,north_apex,29.9
10,1,201.0,203.0,8.0,102.38,-27.2,53.07,202.26,0.9876,0.8839,95.47,11.51,22.26,,0.0,1.0,,,,,15,3,3,"2023,2024,2025",1.0,0.533,1.0,265.14,-50.06,south_apex,35.3
10,1,196.5,198.5,8.0,68.94,-19.71,48.23,197.73,0.5851,0.9615,81.94,80.69,17.73,TEI,0.6,0.4,,,TEI,7.18,24,4,4,"2019,2021,2023,2024",2.0,0.333,0.25,225.23,-41.78,south_apex,47.6
10,1,4.5,6.5,8.0,273.88,-25.74,69.69,5.85,0.9948,0.7952,175.82,9.13,185.48,,0.0,1.0,,,,,21,4,4,"2022,2024,2025,2026",1.0,0.476,1.0,267.6,-2.09,south_apex,13.1
10,1,232.5,234.5,8.0,106.89,7.57,59.0,233.12,0.2739,0.9491,136.95,118.89,53.12,,0.0,1.0,,,,,71,6,6,"2020,2021,2022,2023,2024,2025",7.0,0.366,0.972,234.24,-14.49,south_apex,34.6
10,1,4.5,6.5,8.0,292.04,-46.1,65.69,5.57,0.9059,0.9552,137.37,324.19,185.57,,0.0,1.0,,,,,22,4,4,"2023,2024,2025,2026",1.5,0.5,1.0,280.64,-23.43,south_apex,13.1
10,1,7.5,9.5,8.0,201.13,-33.29,42.53,8.63,0.2605,0.98,49.98,120.42,188.62,,0.0,1.0,,,ACU,7.75,35,5,5,"2020,2023,2024,2025,2026",2.0,0.457,1.0,204.39,-22.98,antihelion,23.4
10,1,187.5,189.5,8.0,86.71,-61.53,27.96,188.63,0.9976,0.6659,45.61,10.53,8.63,M25S2,0.1,0.9,,,,,47,4,4,"2022,2023,2024,2025",2.0,0.596,0.915,221.46,-80.4,south_apex,73.1
10,1,234.0,236.0,8.0,163.93,51.1,59.02,235.52,0.9826,0.8634,111.48,189.24,235.52,,0.0,1.0,,,,,48,6,6,"2020,2021,2022,2023,2024,2025",6.0,0.333,1.0,266.33,40.24,north_toroidal,19.9
10,1,7.5,9.5,8.0,248.4,-4.02,60.4,8.33,0.4129,0.9147,137.27,283.22,8.33,SSR,0.2,0.8,,,SSR,5.65,34,5,5,"2022,2023,2024,2025,2026",3.0,0.441,0.912,238.2,17.28,north_apex,30.6
10,1,355.5,357.5,8.0,220.81,-35.38,58.44,356.26,0.3102,0.9325,127.1,114.65,176.26,,0.0,1.0,,,MCN,4.59,33,4,4,"2023,2024,2025,2026",2.0,0.515,0.97,234.44,-18.37,south_apex,34.2
10,1,174.0,176.0,8.0,161.79,48.24,45.01,174.73,0.4808,0.9823,68.53,87.32,174.73,,0.0,1.0,,,,,48,5,5,"2020,2022,2023,2024,2025",5.0,0.417,1.0,328.11,36.8,helion,38.5
10,1,231.0,233.0,8.0,148.03,34.07,67.47,231.61,0.981,0.865,145.25,191.02,231.61,,0.0,1.0,,,OML,4.98,55,5,5,"2021,2022,2023,2024,2025",5.0,0.382,1.0,268.17,19.83,north_apex,5.1
28,1,9.0,11.0,8.0,297.39,-3.64,65.41,10.12,0.7339,0.8865,147.0,115.53,10.11,,0.0,1.0,,,,,34,7,7,"2020,2021,2022,2023,2024,2025,2026",2.5,0.412,1.0,289.16,17.21,north_apex,18.5
10,1,171.0,173.0,8.0,35.08,-27.17,40.81,171.83,0.4944,0.9424,60.79,92.9,351.84,,0.0,1.0,,,FCE,5.98,24,3,0,,-0.51,0.458,1.0,207.78,-38.1,antihelion,38.8
10,1,237.0,239.0,8.0,139.01,-27.21,58.61,238.22,0.983,0.8515,110.21,351.62,58.22,,0.0,1.0,,,TPY,1.52,56,6,6,"2020,2021,2022,2023,2024,2025",6.0,0.339,0.696,273.99,-40.69,south_apex,25.9
10,1,168.0,170.0,8.0,92.7,-32.57,48.65,168.87,0.9837,0.8989,84.48,342.1,348.87,,0.0,1.0,,,LEP,7.01,18,3,3,"2023,2024,2025",1.0,0.333,1.0,284.49,-55.19,south_apex,41.9
10,1,168.0,170.0,8.0,45.34,5.53,60.38,168.96,0.2875,0.9661,148.59,118.25,348.96,,0.0,1.0,,,,,37,6,6,"2020,2021,2022,2023,2024,2025",3.0,0.351,1.0,234.99,-10.7,south_apex,34.4
10,1,103.5,105.5,8.0,329.15,19.34,55.45,104.75,0.5165,0.9285,109.31,270.64,104.75,,0.0,1.0,,,,,19,4,4,"2021,2023,2024,2025",3.0,0.368,1.0,235.27,30.23,north_apex,35.5
10,1,162.0,164.0,8.0,39.97,-13.89,54.15,162.94,0.3839,0.9677,104.84,104.81,342.94,,0.0,1.0,,,OMI,7.49,45,6,6,"2020,2021,2022,2023,2024,2025",5.0,0.311,1.0,228.38,-26.96,antihelion,38.6
10,1,160.5,162.5,8.0,28.97,22.89,59.56,161.94,0.2495,0.9788,148.62,302.5,161.94,,0.0,1.0,,,LAR,1.23,49,6,6,"2020,2021,2022,2023,2024,2025",6.0,0.306,0.837,233.77,10.35,antihelion,35.2
10,1,238.5,240.5,8.0,139.0,10.52,70.56,238.79,0.8767,0.9376,170.91,39.63,58.78,,0.0,1.0,,,DCC,7.5,24,5,5,"2021,2022,2023,2024,2025",4.0,0.292,1.0,259.3,-6.17,south_apex,13.7
29,2,156.0,159.5,8.0,348.66,42.42,39.81,158.12,0.5696,0.9015,63.48,264.74,158.13,OAN,0.6,0.4,,,OAN,4.3,42,5,5,"2021,2022,2023,2024,2025",6.0,0.357,0.119,210.55,42.29,north_toroidal,41.3
10,1,231.0,233.0,8.0,113.47,-11.6,59.52,232.2,0.7057,0.9264,115.63,64.64,52.2,,0.0,1.0,,,TSM,7.03,63,6,6,"2020,2021,2022,2023,2024,2025",9.0,0.397,1.0,245.24,-31.79,south_apex,28.3
10,1,231.0,233.0,8.0,134.1,30.2,68.66,232.23,0.8187,0.9455,157.57,229.68,232.24,,0.0,1.0,,,MLE,7.26,51,6,6,"2020,2021,2022,2023,2024,2025",7.0,0.314,1.0,255.93,12.25,north_apex,13.9
10,1,355.5,357.5,8.0,234.16,-1.11,60.85,356.26,0.3806,0.9532,134.19,285.31,356.25,,0.0,1.0,,,,,58,6,3,"2023,2024,2026",1.73,0.448,1.0,236.1,17.72,north_apex,32.6
10,1,216.0,218.0,8.0,94.46,27.05,61.33,216.7,0.2685,0.9493,169.62,299.75,216.71,,0.0,1.0,EGE,5.95,KAU,5.93,93,5,5,"2021,2022,2023,2024,2025",9.0,0.387,1.0,236.34,4.21,north_apex,34.9
10,1,225.0,227.0,8.0,178.84,68.6,47.77,226.05,0.9894,0.8758,82.87,184.18,226.05,NID,0.2,0.8,SLD,5.85,NLD,1.87,45,6,6,"2020,2021,2022,2023,2024,2025",9.0,0.244,0.8,268.68,57.8,north_toroidal,2.3
21,2,226.5,230.0,8.0,146.09,-5.06,69.02,226.71,0.8729,0.9925,148.4,319.79,46.71,PIH,1.0,0.0,,,ASX,1.18,116,7,7,"2019,2020,2021,2022,2023,2024,2025",17.0,0.293,0.086,283.33,-17.01,south_apex,13.0
10,1,222.0,224.0,8.0,161.44,48.76,61.08,222.94,0.9605,0.9255,116.53,158.81,222.95,,0.0,1.0,LUM,1.85,,,27,6,6,"2020,2021,2022,2023,2024,2025",2.0,0.259,1.0,278.61,37.46,north_toroidal,23.2
10,1,228.0,230.0,8.0,105.7,6.66,61.7,228.68,0.3886,0.9623,140.01,104.44,48.68,,0.0,1.0,,,,,143,6,5,"2021,2022,2023,2024,2025",7.71,0.287,1.0,238.01,-15.55,south_apex,30.9
10,1,228.0,230.0,8.0,158.31,30.68,65.7,228.9,0.9171,0.7088,144.03,145.97,228.91,,0.0,1.0,,,FLM,3.67,56,7,7,"2019,2020,2021,2022,2023,2024,2025",9.0,0.214,1.0,279.17,20.02,north_apex,10.1
10,1,217.5,219.5,8.0,102.44,-0.56,61.77,218.39,0.6235,0.9017,130.73,77.15,38.39,,0.0,1.0,,,,,53,6,6,"2019,2021,2022,2023,2024,2025",6.0,0.283,1.0,245.42,-24.05,south_apex,24.9
10,1,217.5,219.5,8.0,123.59,7.54,69.61,218.62,0.9756,0.8524,158.99,15.7,38.62,,0.0,1.0,,,,,41,6,6,"2019,2021,2022,2023,2024,2025",4.0,0.366,1.0,265.86,-11.56,south_apex,5.3
10,1,228.0,230.0,8.0,160.04,55.11,56.21,229.23,0.9855,0.738,106.58,188.25,229.23,,0.0,1.0,,,UUM,7.78,35,6,6,"2020,2021,2022,2023,2024,2025",6.0,0.257,1.0,267.04,41.72,north_toroidal,18.4
10,1,217.5,219.5,8.0,112.66,41.98,64.52,218.53,0.6984,0.9499,140.94,247.6,218.53,TOL,0.9,0.1,,,TOL,4.37,95,6,6,"2020,2021,2022,2023,2024,2025",13.0,0.411,0.232,249.16,19.86,north_apex,20.5
10,1,216.0,218.0,8.0,106.79,-9.28,61.18,217.09,0.8318,0.9259,121.14,48.28,37.09,,0.0,1.0,,,BCN,4.86,46,5,5,"2021,2022,2023,2024,2025",8.0,0.283,1.0,252.71,-32.0,south_apex,23.3
10,1,0.0,2.0,8.0,179.27,-49.27,38.02,1.04,0.6547,0.9251,55.19,74.04,181.04,,0.0,1.0,,,,,17,4,4,"2023,2024,2025,2026",1.5,0.294,1.0,201.16,-45.79,antihelion,45.8
10,1,231.0,233.0,8.0,150.04,47.44,61.31,231.85,0.9531,0.7745,122.61,203.71,231.85,,0.0,1.0,KUM,3.13,,,45,5,5,"2021,2022,2023,2024,2025",7.0,0.267,1.0,262.35,32.49,north_apex,18.8
10,1,213.0,215.0,8.0,103.65,-8.9,61.88,213.75,0.834,0.949,121.89,48.27,33.75,,0.0,1.0,,,BCN,7.34,44,6,6,"2020,2021,2022,2023,2024,2025",7.0,0.227,1.0,252.08,-31.35,south_apex,23.2
10,1,213.0,215.0,8.0,89.85,13.34,62.07,214.0,0.3119,0.9803,152.66,111.92,34.0,,0.0,1.0,ORI,5.17,XGM,6.9,84,6,6,"2019,2021,2022,2023,2024,2025",11.0,0.357,1.0,237.24,-10.08,south_apex,32.4
10,1,211.5,213.5,8.0,112.75,47.78,64.66,211.95,0.8471,0.9362,133.21,226.07,211.96,,0.0,1.0,,,OLY,1.41,84,7,7,"2019,2020,2021,2022,2023,2024,2025",10.0,0.31,1.0,255.16,25.75,north_apex,17.6
10,1,229.5,231.5,8.0,123.92,29.75,64.35,230.98,0.5911,0.8206,159.53,264.53,230.99,,0.0,1.0,,,FCR,1.68,50,6,1,2023,0.69,0.32,1.0,248.66,9.54,north_apex,21.6
10,1,211.5,213.5,8.0,112.05,19.34,69.78,212.52,0.8584,0.9164,175.28,44.63,32.54,,0.0,1.0,,,,,133,7,7,"2019,2020,2021,2022,2023,2024,2025",16.0,0.353,1.0,258.12,-2.59,south_apex,17.1
10,1,205.5,207.5,8.0,246.9,66.33,27.62,206.81,0.9882,0.6888,45.15,168.84,206.81,,0.0,1.0,,,,,114,7,7,"2019,2020,2021,2022,2023,2024,2025",15.0,0.254,1.0,323.64,80.18,north_toroidal,27.2
10,1,204.0,206.0,8.0,86.16,46.94,60.25,204.96,0.5386,0.8807,127.72,268.79,204.96,,0.0,1.0,,,FAU,7.41,57,7,7,"2019,2020,2021,2022,2023,2024,2025",8.0,0.263,1.0,241.58,23.46,north_apex,28.1
10,1,231.0,233.0,8.0,81.09,46.41,46.79,231.83,0.2211,0.9973,67.07,303.5,231.83,NAA,1.0,0.0,,,NAA,0.61,119,6,6,"2020,2021,2022,2023,2024,2025",13.0,0.336,0.109,211.48,23.69,antihelion,26.2
10,1,0.0,2.0,8.0,284.36,-42.13,67.3,1.15,0.9184,0.9003,145.79,326.04,181.15,,0.0,1.0,,,,,20,3,0,,-0.37,0.4,1.0,276.39,-18.89,south_apex,7.2
10,1,231.0,233.0,8.0,102.58,40.91,56.8,231.95,0.2258,0.986,120.63,303.74,231.95,SAU,1.0,0.0,,,SAU,1.93,91,6,6,"2020,2021,2022,2023,2024,2025",11.0,0.286,0.044,228.46,17.83,antihelion,33.3
10,1,10.5,12.5,8.0,217.54,6.43,40.41,12.01,0.2698,0.9759,41.4,299.08,12.02,,0.0,1.0,,,,,28,5,5,"2022,2023,2024,2025,2026",3.0,0.429,1.0,200.62,20.56,antihelion,20.6
10,1,166.5,168.5,8.0,39.16,-2.01,56.13,167.84,0.2097,0.9827,123.26,127.95,347.84,,0.0,1.0,,,,,40,6,6,"2020,2021,2022,2023,2024,2025",5.0,0.325,1.0,228.86,-16.37,antihelion,32.9
10,1,256.5,258.5,8.0,205.16,48.44,49.84,257.49,0.9694,0.8304,88.31,164.81,257.49,,0.0,1.0,,,NCA,6.23,47,7,7,"2019,2020,2021,2022,2023,2024,2025",5.5,0.277,1.0,278.98,53.9,north_toroidal,7.8
10,1,120.0,122.0,8.0,343.95,39.89,53.5,121.01,0.8116,0.8971,99.24,233.87,121.01,,0.0,1.0,,,JPG,7.16,36,6,6,"2020,2021,2022,2023,2024,2025",4.0,0.417,1.0,244.47,43.18,north_toroidal,23.1
10,1,255.0,257.0,8.0,141.86,49.95,52.66,255.94,0.4948,0.8905,99.07,273.89,255.94,DEL,0.6,0.4,,,TUM,1.24,36,7,7,"2019,2020,2021,2022,2023,2024,2025",4.5,0.25,0.25,230.91,32.48,north_toroidal,38.6
10,1,124.5,126.5,8.0,2.4,15.31,63.57,125.0,0.5345,0.9531,151.22,268.91,125.0,JPE,1.0,0.0,JPE,3.84,AGP,2.54,274,7,7,"2019,2020,2021,2022,2023,2024,2025",39.0,0.358,0.004,243.03,13.27,north_apex,26.2
19,2,345.0,348.5,8.0,232.7,-79.27,49.68,347.82,0.9921,0.9232,85.66,353.04,167.82,,0.0,1.0,,,,,29,3,3,"2024,2025,2026",0.0,0.448,1.0,272.59,-56.41,south_apex,41.5
10,1,120.0,122.0,8.0,326.27,41.07,43.73,121.18,0.7693,0.866,75.44,240.86,121.18,,0.0,1.0,,,TLA,5.72,52,5,5,"2020,2022,2023,2024,2025",6.0,0.481,1.0,227.21,51.0,north_toroidal,25.9
10,1,126.0,128.0,8.0,336.66,-3.68,41.9,126.96,0.0508,0.9802,26.66,336.65,126.97,NDA,0.3,0.7,,,,,444,7,7,"2019,2020,2021,2022,2023,2024,2025",41.0,0.358,0.435,209.98,6.13,antihelion,11.7
10,1,250.5,252.5,8.0,105.67,-33.76,42.72,251.52,0.7956,0.9721,68.77,52.7,71.52,,0.0,1.0,,,,,42,4,4,"2022,2023,2024,2025",3.0,0.476,1.0,223.47,-55.13,south_apex,55.3
10,1,118.5,120.5,8.0,45.8,-76.22,29.9,119.69,0.9712,0.9444,45.29,24.49,299.69,IHD,0.6,0.4,,,IHD,1.13,40,3,3,"2023,2024,2025",1.0,0.55,0.45,184.65,-73.03,antihelion,74.1
10,1,129.0,131.0,8.0,332.52,-15.45,31.46,130.19,0.226,0.8756,6.0,131.23,310.14,SIA,0.9,0.1,NIA,7.29,SIA,0.83,346,6,6,"2020,2021,2022,2023,2024,2025",28.0,0.405,0.416,199.07,-3.46,antihelion,3.6
10,1,10.5,12.5,8.0,308.99,20.15,54.24,11.53,0.6205,1.0009,98.67,103.96,11.53,,0.0,1.0,,,AED,7.9,18,4,4,"2021,2022,2024,2025",1.5,0.5,1.0,306.39,37.32,north_toroidal,33.0
10,1,123.0,125.0,8.0,32.79,44.97,61.68,123.89,0.9214,0.8461,127.06,142.91,123.88,PPS,0.2,0.6,FAN,5.78,BTR,7.85,130,6,6,"2020,2021,2022,2023,2024,2025",13.0,0.369,0.669,282.69,29.76,north_apex,18.9
10,1,351.0,353.0,8.0,258.15,-28.2,71.31,352.08,0.9898,0.9595,171.12,7.3,172.09,,0.0,1.0,,,,,18,4,4,"2023,2024,2025,2026",1.5,0.444,1.0,267.43,-5.14,south_apex,10.2
10,1,348.0,350.0,8.0,164.06,-58.01,37.31,348.55,0.8139,0.842,59.42,53.3,168.54,,0.0,1.0,,,LCE,5.33,14,3,3,"2024,2025,2026",0.5,0.429,1.0,212.84,-57.36,antihelion,58.5
10,1,133.5,135.5,8.0,294.52,-14.12,14.79,134.84,0.8291,0.6648,3.1,236.44,134.9,,0.0,1.0,,,,,477,7,7,"2019,2020,2021,2022,2023,2024,2025",42.0,0.411,1.0,159.77,6.26,antihelion,40.7
10,1,345.0,347.0,8.0,277.77,-16.0,65.76,345.83,0.5918,0.8887,164.81,98.01,345.83,,0.0,1.0,,,,,16,4,4,"2023,2024,2025,2026",1.5,0.312,1.0,292.72,7.69,north_apex,23.4
10,1,112.5,114.5,8.0,23.76,11.15,69.94,113.79,1.0108,0.906,177.18,175.3,114.14,,0.0,1.0,,,,,18,3,3,"2023,2024,2025",1.0,0.333,1.0,271.68,1.53,north_apex,13.6
10,1,256.5,258.5,8.0,112.12,-57.24,35.69,257.64,0.9804,0.9061,57.08,7.95,77.64,,0.0,1.0,,,VAC,5.67,47,3,3,"2023,2024,2025",1.0,0.489,0.979,248.35,-74.84,south_apex,61.8
27,2,351.0,354.5,8.0,280.2,-5.51,65.78,351.69,0.7222,0.928,146.17,114.82,351.69,,0.0,1.0,,,,,30,4,4,"2023,2024,2025,2026",1.5,0.467,1.0,289.96,17.04,north_apex,19.3
10,1,138.0,140.0,8.0,277.09,48.02,19.11,138.97,0.9867,0.6588,28.82,200.9,138.98,AUD,0.7,0.3,AUD,2.66,,,1475,7,7,"2019,2020,2021,2022,2023,2024,2025",62.49,0.292,0.38,145.32,72.12,north_toroidal,52.0
10,1,244.5,246.5,8.0,151.53,-30.29,58.61,246.09,0.9376,0.8856,112.66,333.43,66.09,,0.0,1.0,,,,,26,4,4,"2022,2023,2024,2025",3.0,0.5,1.0,280.91,-38.13,south_apex,25.1
10,1,111.0,113.0,8.0,357.55,-7.64,63.78,112.33,0.4648,0.9085,166.23,97.65,292.35,,0.0,1.0,,,,,30,4,4,"2021,2023,2024,2025",2.0,0.4,1.0,242.9,-7.0,south_apex,27.8
10,1,111.0,113.0,8.0,340.83,-49.63,40.6,112.32,0.4941,0.8894,60.68,95.95,292.32,,0.0,1.0,,,,,15,3,3,"2023,2024,2025",0.0,0.533,1.0,208.25,-37.69,antihelion,38.5
10,1,244.5,246.5,8.0,120.96,76.83,40.01,245.66,0.7722,0.9175,62.39,236.78,245.66,,0.0,1.0,,,,,30,5,5,"2019,2021,2022,2024,2025",3.0,0.3,1.0,216.45,55.54,north_toroidal,28.9
10,1,352.5,354.5,8.0,227.75,-1.13,58.3,353.54,0.2611,0.9605,130.65,300.73,353.54,,0.0,1.0,,,,,19,4,4,"2023,2024,2025,2026",1.5,0.421,1.0,230.8,15.77,antihelion,34.3
10,1,109.5,111.5,8.0,17.21,-33.13,58.04,110.53,0.8557,0.9377,111.77,47.17,290.53,,0.0,1.0,,,ESC,7.51,6,2,2,"2024,2025",0.0,0.667,1.0,250.74,-37.9,south_apex,28.7
10,1,13.5,15.5,8.0,280.95,-57.69,60.24,13.82,0.9794,0.7706,119.98,17.73,193.82,,0.0,1.0,,,,,26,3,3,"2024,2025,2026",0.0,0.5,1.0,262.83,-34.6,south_apex,20.7
10,1,106.5,108.5,8.0,3.73,8.78,67.96,107.15,0.9009,0.8341,168.73,221.32,107.12,,0.0,1.0,,,,,20,4,4,"2021,2022,2024,2025",3.0,0.4,1.0,258.81,6.86,north_apex,13.7
10,1,142.5,144.5,8.0,336.18,-8.09,28.57,143.9,0.3617,0.8516,2.22,293.08,144.21,,0.0,1.0,NIA,2.17,SIA,6.83,388,7,7,"2019,2020,2021,2022,2023,2024,2025",29.0,0.387,1.0,191.09,1.64,antihelion,9.1
10,1,343.5,345.5,8.0,164.55,-26.01,33.62,344.91,0.5048,0.9033,34.0,93.33,164.91,,0.0,1.0,,,,,25,4,4,"2023,2024,2025,2026",1.0,0.52,1.0,191.25,-29.31,antihelion,30.5
10,1,24.0,26.0,8.0,300.35,-35.91,68.81,24.73,1.0026,0.9128,154.12,356.23,204.74,,0.0,1.0,,,,,23,4,4,"2023,2024,2025,2026",1.0,0.435,1.0,269.95,-15.59,south_apex,0.6
10,1,255.0,257.0,8.0,107.19,-12.59,44.15,256.48,0.4227,0.9393,70.43,99.46,76.49,ACA,0.5,0.4,,,GCM,2.86,55,6,6,"2019,2021,2022,2023,2024,2025",5.0,0.309,0.091,214.28,-35.24,antihelion,37.8
39,1,51.0,53.0,7.67,314.57,2.15,67.21,51.68,0.9996,0.912,148.18,192.41,51.67,,0.0,1.0,BAQ,6.15,,,42,5,5,"2021,2023,2024,2025,2026",3.5,0.381,1.0,266.47,18.01,north_apex,4.5
14,1,229.5,231.5,7.6,116.84,28.36,64.4,230.5,0.4428,0.936,163.69,278.4,230.51,,0.0,1.0,,,FCR,5.41,84,6,4,"2021,2023,2024,2025",2.68,0.321,1.0,243.02,7.48,north_apex,27.5
14,1,312.0,314.0,7.6,232.66,-46.92,63.43,313.48,0.7746,0.9291,128.17,302.4,133.48,,0.0,1.0,,,NOR,7.1,22,5,5,"2022,2023,2024,2025,2026",2.5,0.364,1.0,289.7,-27.21,south_apex,22.1
15,1,117.0,119.0,7.6,318.5,73.8,38.53,118.21,1.0045,0.8978,63.82,167.15,118.21,,0.0,1.0,,,,,20,5,5,"2020,2021,2023,2024,2025",3.0,0.3,1.0,289.47,71.77,north_toroidal,14.2
15,1,321.0,323.0,7.6,260.22,-4.93,62.93,321.97,0.5231,0.9689,139.41,91.66,321.97,,0.0,1.0,,,FSO,1.47,22,4,4,"2023,2024,2025,2026",2.0,0.318,1.0,297.65,18.47,north_apex,26.7
15,1,120.0,122.0,7.6,354.76,51.43,55.71,121.08,1.0028,0.9321,103.97,193.46,121.08,,0.0,1.0,ZCS,7.07,DCD,7.39,43,5,5,"2021,2022,2023,2024,2025",2.0,0.651,1.0,263.63,45.28,north_toroidal,15.2
15,1,144.0,146.0,7.6,44.32,29.31,68.42,144.46,0.9937,0.8666,160.0,195.89,144.45,,0.0,1.0,,,AET,7.64,69,6,6,"2020,2021,2022,2023,2024,2025",9.0,0.348,0.971,265.89,11.59,north_apex,5.3
14,1,348.0,350.0,7.6,275.8,-9.22,66.87,348.8,0.7687,0.9139,152.33,122.35,348.79,,0.0,1.0,,,,,38,5,5,"2022,2023,2024,2025,2026",3.5,0.342,1.0,286.81,15.53,north_apex,16.2
14,1,192.0,194.0,7.6,58.81,43.95,55.39,192.97,0.3517,0.9082,117.14,290.73,192.97,,0.0,1.0,,,SPS,6.14,22,4,4,"2020,2023,2024,2025",2.0,0.455,1.0,232.89,23.25,north_apex,36.0
14,1,336.0,338.0,7.6,202.66,-37.65,60.06,336.87,0.5594,0.9636,122.02,85.19,156.87,,0.0,1.0,,,,,41,4,4,"2022,2023,2025,2026",1.5,0.439,1.0,239.06,-25.86,south_apex,31.0
15,1,295.5,297.5,7.6,140.0,-40.12,44.09,296.1,0.767,0.8955,72.81,57.14,116.1,BPX,0.533,0.467,,,PVL,3.15,53,5,5,"2022,2023,2024,2025,2026",6.5,0.302,0.151,225.73,-51.75,south_apex,52.1
14,1,75.0,77.0,7.6,10.51,-6.31,65.65,75.81,0.6525,0.9272,159.37,284.96,255.81,,0.0,1.0,,,,,13,4,4,"2023,2024,2025,2026",1.5,0.308,1.0,291.33,-10.13,south_apex,21.4
14,1,247.5,249.5,7.6,104.41,-30.17,43.25,249.04,0.769,0.9591,69.34,57.52,69.04,,0.0,1.0,,,,,32,6,6,"2020,2021,2022,2023,2024,2025",4.0,0.344,1.0,221.89,-52.94,south_apex,55.1
14,1,355.5,357.5,7.6,286.46,-0.96,62.72,357.04,0.6797,0.8628,137.32,106.88,357.03,,0.0,1.0,,,,,18,4,4,"2022,2023,2025,2026",1.5,0.333,1.0,293.4,21.01,north_apex,23.1
12,1,201.0,203.0,7.6,42.77,24.35,39.78,202.19,0.112,0.962,22.02,323.36,202.19,CTA,0.417,0.583,,,SSA,7.62,137,7,7,"2019,2020,2021,2022,2023,2024,2025",16.0,0.307,0.533,205.31,7.59,antihelion,9.3
15,1,334.5,336.5,7.6,310.62,-74.43,44.44,335.47,0.7991,0.9449,74.23,307.15,155.47,,0.0,1.0,,,,,19,2,2,"2025,2026",0.5,0.526,1.0,311.76,-52.64,south_apex,51.2
23,1,85.5,87.5,7.59,11.81,63.27,42.49,86.48,0.7456,0.9111,70.57,115.99,86.48,,0.0,1.0,,,,,24,4,4,"2023,2024,2025,2026",1.5,0.375,1.0,318.68,51.2,north_toroidal,28.9
21,1,339.0,341.0,7.59,260.45,-9.82,67.83,339.98,0.8759,0.835,155.51,138.33,339.98,,0.0,1.0,,,,,25,5,5,"2021,2022,2023,2024,2025",2.5,0.48,1.0,281.13,13.93,north_apex,10.8
23,1,345.0,347.0,7.59,260.38,-58.66,60.02,345.94,0.9504,0.8748,117.93,335.04,165.94,,0.0,1.0,,,,,24,3,3,"2024,2025,2026",0.0,0.625,1.0,278.89,-35.6,south_apex,22.1
23,1,91.5,93.5,7.59,348.99,-17.38,66.13,92.49,0.6974,0.9399,157.45,70.44,272.5,,0.0,1.0,,,ADS,5.01,37,6,6,"2021,2022,2023,2024,2025,2026",2.5,0.324,1.0,249.13,-11.85,south_apex,20.5
33,1,108.0,110.0,7.38,309.97,25.95,41.75,108.57,0.5792,0.9347,65.7,262.94,108.58,,0.0,1.0,,,,,38,6,6,"2020,2021,2022,2023,2024,2025",4.0,0.368,1.0,213.06,42.5,north_toroidal,39.7
44,1,34.5,36.5,7.27,311.28,2.44,65.97,35.45,0.9305,0.8196,144.28,146.69,35.45,,0.0,1.0,,,,,32,4,4,"2020,2024,2025,2026",2.0,0.531,1.0,279.47,20.27,north_apex,10.5
28,1,19.5,21.5,7.14,297.75,11.19,62.01,20.43,0.9096,0.8586,124.16,143.42,20.43,,0.0,1.0,,,,,33,6,6,"2021,2022,2023,2024,2025,2026",4.0,0.242,1.0,282.84,30.98,north_apex,19.9
25,1,40.5,42.5,7.14,279.79,6.87,57.96,41.32,0.6147,0.9392,114.56,258.76,41.32,,0.0,1.0,,,,,46,6,6,"2020,2021,2023,2024,2025,2026",4.0,0.348,1.0,239.49,29.86,north_apex,31.9
21,1,357.0,359.0,7.06,285.91,-7.1,66.61,358.12,0.7338,0.9352,149.44,116.75,358.12,,0.0,1.0,,,,,30,5,5,"2021,2023,2024,2025,2026",4.0,0.333,1.0,290.36,16.1,north_apex,19.6
21,1,87.0,89.0,7.06,316.35,10.13,56.74,87.98,0.4411,0.9628,116.7,279.3,87.98,M25O1,0.429,0.571,,,,,60,5,5,"2022,2023,2024,2025,2026",3.5,0.417,0.367,233.92,24.5,north_apex,35.3
21,1,10.5,12.5,7.06,254.29,5.06,60.07,11.48,0.6083,0.9316,121.13,259.93,11.48,,0.0,1.0,,,,,39,7,7,"2020,2021,2022,2023,2024,2025,2026",3.5,0.462,1.0,240.4,27.54,north_apex,30.3
21,1,54.0,56.0,7.06,3.43,-37.91,59.43,55.19,0.8759,0.9304,115.86,315.02,235.19,,0.0,1.0,,,,,29,4,4,"2023,2024,2025,2026",1.5,0.414,1.0,287.64,-35.22,south_apex,25.8
22,1,28.5,30.5,7.06,283.5,-9.31,68.4,29.32,0.8237,0.9721,155.05,231.31,29.32,,0.0,1.0,,,,,73,6,6,"2021,2022,2023,2024,2025,2026",6.0,0.329,1.0,253.79,13.31,north_apex,15.8
22,1,13.5,15.5,7.06,251.89,-11.59,61.69,14.72,0.3383,0.9418,150.44,292.06,14.71,,0.0,1.0,,,SSR,6.4,45,6,6,"2020,2021,2023,2024,2025,2026",3.5,0.422,0.933,237.7,11.54,north_apex,31.6
22,1,144.0,146.0,7.06,29.44,36.75,65.31,144.83,0.8652,0.964,137.27,224.93,144.83,,0.0,1.0,,,ETR,3.19,96,6,6,"2020,2021,2022,2023,2024,2025",10.0,0.375,0.958,255.7,23.83,north_apex,16.1
14,1,37.5,39.5,6.86,286.91,-54.23,59.91,38.34,0.6917,0.9554,116.49,69.06,218.34,,0.0,1.0,,,,,28,4,4,"2023,2024,2025,2026",1.5,0.321,1.0,241.54,-31.4,south_apex,30.9
13,1,354.0,356.0,6.86,232.78,14.49,54.64,354.8,0.5166,0.9494,103.83,266.86,354.8,,0.0,1.0,,,,,16,4,4,"2023,2024,2025,2026",1.5,0.375,1.0,232.54,31.66,north_apex,38.2
14,1,40.5,42.5,6.86,247.36,14.28,38.89,41.43,0.497,0.9598,50.62,271.78,41.43,,0.0,1.0,,,ATH,6.19,56,6,6,"2020,2022,2023,2024,2025,2026",6.5,0.304,1.0,200.66,35.32,antihelion,35.3
14,1,40.5,42.5,6.86,277.86,-15.44,62.07,41.89,0.2992,0.9758,158.33,295.13,41.88,,0.0,1.0,,,,,73,6,6,"2021,2022,2023,2024,2025,2026",7.5,0.247,1.0,236.07,7.73,north_apex,34.1
14,1,0.0,2.0,6.86,277.8,-13.95,69.55,1.08,0.9524,0.881,163.67,155.23,1.07,,0.0,1.0,,,,,10,3,3,"2021,2025,2026",0.5,0.4,1.0,96.34,9.03,antihelion,103.7
14,1,67.5,69.5,6.86,323.64,0.99,67.35,68.38,0.8976,0.8844,153.52,219.88,68.37,,0.0,1.0,,,MBA,4.0,38,6,6,"2021,2022,2023,2024,2025,2026",5.5,0.211,1.0,258.08,13.76,north_apex,11.6
13,1,66.0,68.0,6.86,344.07,12.0,66.07,66.98,0.8715,0.9494,147.4,135.4,66.97,,0.0,1.0,,,,,18,4,4,"2023,2024,2025,2026",1.5,0.333,1.0,284.25,18.69,north_apex,14.1
13,1,52.5,54.5,6.86,330.38,14.18,65.1,54.01,0.876,0.9412,136.27,136.29,54.01,,0.0,1.0,,,,,24,5,5,"2021,2023,2024,2025,2026",3.0,0.25,1.0,284.69,24.34,north_apex,16.7
14,1,198.0,200.0,6.86,35.98,56.66,43.46,198.72,0.5214,0.9483,70.78,268.54,198.72,OBC,0.071,0.929,,,OBC,7.17,35,6,6,"2020,2021,2022,2023,2024,2025",4.0,0.257,0.886,217.42,39.85,north_toroidal,39.4
14,1,318.0,320.0,6.86,140.96,-48.25,37.92,318.83,0.8236,0.9135,59.76,48.59,138.83,,0.0,1.0,,,VEL,5.28,17,3,3,"2024,2025,2026",0.5,0.412,1.0,215.66,-59.15,antihelion,60.7
11,1,316.5,318.5,6.86,195.32,5.89,60.66,317.33,0.2554,0.9525,145.18,302.23,317.33,,0.0,1.0,FEV,7.05,,,29,5,5,"2022,2023,2024,2025,2026",2.0,0.483,1.0,234.08,10.96,north_apex,35.2
13,1,121.5,123.5,6.86,25.97,38.24,65.45,122.54,0.9913,0.9672,134.41,161.93,122.53,PPS,0.154,0.846,PPS,7.94,BTR,2.04,80,6,6,"2020,2021,2022,2023,2024,2025",9.0,0.5,0.787,276.51,26.13,north_apex,12.7
35,2,234.0,237.5,6.86,123.91,30.61,64.17,235.57,0.4703,0.9176,156.04,274.79,235.58,,0.0,1.0,,,FCR,1.31,96,6,6,"2019,2021,2022,2023,2024,2025",16.0,0.26,1.0,243.72,10.29,north_apex,26.1
14,1,312.0,314.0,6.86,191.36,5.12,61.61,313.31,0.2685,0.9553,153.21,299.03,313.31,,0.0,1.0,,,,,57,5,5,"2022,2023,2024,2025,2026",5.5,0.439,1.0,235.41,9.11,north_apex,34.3
13,1,96.0,98.0,6.86,30.6,-22.32,61.44,97.04,0.9417,0.9029,123.88,328.04,277.04,,0.0,1.0,,,,,29,4,4,"2023,2024,2025,2026",1.5,0.345,1.0,282.48,-33.19,south_apex,21.5
27,1,292.5,294.5,6.71,139.28,-39.39,44.82,293.24,0.7656,0.9009,73.34,57.68,113.25,BPX,0.519,0.481,,,PVL,4.07,91,6,6,"2021,2022,2023,2024,2025,2026",7.0,0.286,0.033,226.91,-51.59,south_apex,51.3
21,1,255.0,257.0,6.71,158.79,-9.98,69.67,256.27,0.9812,0.9154,150.13,10.34,76.27,,0.0,1.0,,,EPX,3.28,64,7,2,"2019,2021",0.87,0.266,1.0,267.02,-17.68,south_apex,3.9
27,1,241.5,243.5,6.71,157.95,-6.6,69.46,242.48,0.9116,0.9508,154.14,327.16,62.48,PIH,0.556,0.444,,,EPX,3.78,135,7,7,"2019,2020,2021,2022,2023,2024,2025",19.0,0.304,0.067,280.26,-15.1,south_apex,9.9
26,1,265.5,267.5,6.71,136.07,57.63,42.99,266.66,0.5082,0.9323,65.43,269.61,266.66,,0.0,1.0,,,,,35,5,0,,-0.68,0.343,1.0,211.9,39.32,antihelion,40.9
25,1,195.0,197.0,6.71,114.41,17.1,69.39,196.02,0.943,0.8112,172.66,331.05,16.29,,0.0,1.0,,,,,23,4,4,"2022,2023,2024,2025",3.0,0.348,1.0,278.45,-4.01,south_apex,13.8
16,1,174.0,176.0,6.54,100.12,5.2,66.13,175.09,0.8167,0.856,146.74,306.28,355.09,,0.0,1.0,,,EMO,7.58,27,5,5,"2021,2022,2023,2024,2025",3.0,0.407,1.0,286.35,-17.49,south_apex,15.9
19,1,64.5,66.5,6.54,338.12,7.31,68.17,65.26,0.9655,0.9422,154.23,155.01,65.25,,0.0,1.0,,,,,31,5,5,"2022,2023,2024,2025,2026",3.0,0.29,1.0,277.49,14.68,north_apex,7.3
20,1,244.5,246.5,6.54,188.95,39.88,58.17,245.77,0.9193,0.9268,108.7,148.97,245.77,,0.0,1.0,,,,,46,6,6,"2020,2021,2022,2023,2024,2025",4.0,0.304,1.0,284.44,40.33,north_toroidal,21.7
13,1,285.0,287.0,6.54,202.79,-8.89,71.09,286.06,0.9234,0.9105,177.02,156.32,285.53,,0.0,1.0,,,,,23,6,6,"2021,2022,2023,2024,2025,2026",2.5,0.304,1.0,276.76,2.18,north_apex,14.5
19,1,216.0,218.0,6.54,96.73,6.51,62.31,216.64,0.4627,0.9692,140.21,95.67,36.64,,0.0,1.0,,,XGM,6.19,161,7,7,"2019,2020,2021,2022,2023,2024,2025",23.0,0.348,0.919,240.08,-16.46,south_apex,28.8
32,1,357.0,359.0,6.15,266.22,20.35,56.13,358.09,0.9927,0.8614,105.53,185.63,358.09,,0.0,1.0,,,,,35,6,6,"2020,2021,2022,2024,2025,2026",3.0,0.4,1.0,266.29,43.17,north_toroidal,17.0
13,1,169.5,171.5,6.11,191.27,59.85,34.57,170.37,0.8433,0.9182,50.48,131.69,170.37,,0.0,1.0,,,SUR,2.34,40,6,6,"2020,2021,2022,2023,2024,2025",5.0,0.275,1.0,344.1,58.64,north_toroidal,37.8
10,1,103.5,105.5,6.11,26.13,-29.66,60.15,104.76,1.0032,0.9103,116.43,13.8,284.76,,0.0,1.0,,,,,17,2,2,"2023,2024",0.0,0.824,1.0,264.84,-36.81,south_apex,22.3
13,1,22.5,24.5,6.11,226.23,7.13,38.65,23.84,0.34,0.9752,37.47,289.65,23.84,,0.0,1.0,,,,,46,7,7,"2020,2021,2022,2023,2024,2025,2026",3.5,0.326,1.0,196.57,23.31,antihelion,23.6
13,1,21.0,23.0,6.11,332.23,-56.57,57.43,22.32,0.886,0.9705,106.59,319.82,202.32,,0.0,1.0,,,,,21,4,4,"2023,2024,2025,2026",2.0,0.333,1.0,287.39,-41.05,south_apex,30.2
11,1,111.0,113.0,6.11,6.27,7.41,68.96,111.61,0.865,0.9307,172.17,226.73,111.38,,0.0,1.0,,,,,17,4,4,"2022,2023,2024,2025",2.0,0.353,1.0,256.18,4.27,north_apex,17.3
11,1,19.5,21.5,6.11,319.19,12.35,57.57,20.48,0.4551,0.9672,114.72,84.63,20.48,,0.0,1.0,,,,,25,6,0,,0.26,0.28,1.0,306.71,26.88,north_apex,36.3
12,1,172.5,174.5,6.11,6.23,23.88,39.45,173.29,0.2541,0.9619,40.04,302.81,173.29,,0.0,1.0,,,EAN,4.92,60,6,6,"2020,2021,2022,2023,2024,2025",8.0,0.283,1.0,201.83,19.62,antihelion,19.7
12,1,193.5,195.5,6.11,52.66,-11.78,43.22,194.79,0.3211,0.9459,65.12,113.96,14.79,,0.0,1.0,,,,,43,6,6,"2020,2021,2022,2023,2024,2025",4.0,0.372,1.0,212.04,-28.54,antihelion,30.8
12,1,132.0,134.0,6.11,351.39,-21.33,44.29,133.42,0.1284,0.9749,57.1,140.06,313.42,PAU,1.0,0.0,PAU,1.04,AOA,7.28,360,6,6,"2020,2021,2022,2023,2024,2025",32.0,0.469,0.097,210.3,-16.58,antihelion,19.5
13,1,354.0,356.0,6.11,179.07,-68.81,42.36,354.96,0.8801,0.8912,70.33,40.79,174.96,,0.0,1.0,,,,,23,3,3,"2024,2025,2026",0.5,0.565,1.0,230.56,-58.55,south_apex,53.8
12,1,345.0,347.0,6.11,226.96,18.64,54.75,345.87,0.5668,0.9872,100.76,262.02,345.86,,0.0,1.0,,,,,27,4,4,"2022,2024,2025,2026",1.5,0.444,1.0,232.85,34.68,north_toroidal,35.7
13,1,223.5,225.5,6.11,154.39,38.85,64.72,224.16,0.9562,0.8192,133.42,157.22,224.16,,0.0,1.0,,,,,63,7,5,"2019,2020,2021,2022,2023",2.56,0.238,1.0,277.73,26.06,north_apex,13.2
11,1,84.0,86.0,6.11,299.06,12.68,45.91,85.42,0.4011,0.9389,79.25,285.58,85.43,,0.0,1.0,,,,,33,6,6,"2020,2021,2023,2024,2025,2026",3.0,0.364,1.0,218.83,32.83,antihelion,37.5
13,1,73.5,75.5,6.11,291.21,14.2,47.39,74.56,0.4783,0.9376,81.24,275.86,74.56,,0.0,1.0,,,,,28,6,6,"2021,2022,2023,2024,2025,2026",3.5,0.25,1.0,220.64,35.09,antihelion,40.2
21,2,40.5,44.0,6.11,263.16,25.12,43.73,42.52,0.7156,0.969,69.89,246.77,42.52,,0.0,1.0,,,,,47,6,6,"2021,2022,2023,2024,2025,2026",5.0,0.34,1.0,218.69,48.71,north_toroidal,32.0
13,1,75.0,77.0,6.11,344.67,65.96,36.65,75.96,0.8892,0.8136,60.6,136.11,75.97,,0.0,1.0,,,,,20,5,5,"2021,2023,2024,2025,2026",2.5,0.25,1.0,318.8,62.62,north_toroidal,23.6
13,1,309.0,311.0,6.11,240.85,-34.73,65.96,309.75,0.5504,0.9808,150.27,275.71,129.75,XLU,0.385,0.615,,,XLU,0.46,54,4,4,"2023,2024,2025,2026",1.71,0.352,0.741,296.04,-13.97,south_apex,25.2
13,1,87.0,89.0,6.11,324.6,6.03,61.76,87.43,0.5353,0.9472,136.09,268.92,87.42,,0.0,1.0,,,,,34,4,4,"2023,2024,2025,2026",3.0,0.412,1.0,241.16,19.68,north_apex,27.9
13,1,78.0,80.0,6.11,6.73,-31.9,62.51,78.94,1.0083,0.8752,126.21,348.03,258.94,,0.0,1.0,,,AST,4.8,16,3,3,"2024,2025,2026",0.0,0.5,1.0,273.99,-31.53,south_apex,16.9
10,1,334.5,336.5,6.11,262.4,-38.33,67.81,335.39,0.7379,1.0073,151.15,298.94,155.39,,0.0,1.0,,,,,17,2,2,"2025,2026",0.0,0.647,1.0,288.91,-14.87,south_apex,18.3
18,1,99.0,101.0,6.01,15.89,7.3,69.34,99.58,0.9545,0.8896,178.37,236.24,189.84,,0.0,1.0,,,DPI,3.87,52,6,6,"2021,2022,2023,2024,2025,2026",4.5,0.481,0.404,279.16,0.83,north_apex,16.8
18,1,255.0,257.0,6.01,133.45,12.23,60.68,255.94,0.2456,0.9487,164.37,123.32,75.93,,0.0,1.0,,,DCC,1.8,98,7,7,"2019,2020,2021,2022,2023,2024,2025",11.0,0.316,1.0,235.17,-5.22,antihelion,35.5
16,1,187.5,189.5,6.01,138.14,75.42,49.33,188.52,0.9854,0.8922,86.67,165.27,188.52,,0.0,1.0,OCT,6.14,,,34,4,4,"2022,2023,2024,2025",5.0,0.471,1.0,283.06,55.17,north_toroidal,8.5
19,1,12.0,14.0,6.01,299.1,-2.72,66.16,12.82,0.7712,0.9515,145.67,121.41,12.82,,0.0,1.0,,,,,36,5,5,"2021,2022,2024,2025,2026",3.5,0.361,1.0,287.27,18.05,north_apex,16.8
15,1,255.0,257.0,6.01,165.94,-6.64,70.09,256.08,0.9746,0.8951,159.33,348.05,76.08,PIH,0.533,0.467,,,DEC,3.36,43,6,6,"2019,2021,2022,2023,2024,2025",4.5,0.419,0.395,272.99,-12.1,south_apex,4.1
21,1,195.0,197.0,5.85,66.55,28.84,59.22,196.37,0.1908,0.9708,157.65,309.37,196.37,PTA,0.476,0.524,,,PTA,2.33,112,7,7,"2019,2020,2021,2022,2023,2024,2025",19.0,0.232,0.402,231.77,7.0,antihelion,32.5
21,1,117.0,119.0,5.52,345.21,47.44,51.92,118.0,0.9581,0.7794,94.97,209.83,118.0,,0.0,1.0,,,,,30,5,5,"2021,2022,2023,2024,2025",5.0,0.3,1.0,254.38,48.8,north_toroidal,14.4
16,1,55.5,57.5,5.48,332.01,-3.94,68.19,56.85,0.9719,0.7957,167.66,156.4,56.81,,0.0,1.0,ETA,5.46,MKQ,6.25,18,4,4,"2023,2024,2025,2026",2.0,0.333,1.0,276.16,7.18,north_apex,9.9
18,1,252.0,254.0,5.48,90.82,54.46,37.24,252.75,0.4319,0.9488,43.72,279.62,252.75,,0.0,1.0,,,,,42,4,4,"2021,2023,2024,2025",4.0,0.31,1.0,198.55,30.66,antihelion,30.7
27,2,193.5,197.0,5.48,187.45,67.95,42.24,195.98,0.9199,0.8759,71.54,146.98,195.98,OSD,0.235,0.765,,,OSD,0.48,36,6,6,"2019,2020,2021,2022,2023,2025",3.0,0.306,0.472,303.96,60.91,north_toroidal,16.8
17,1,202.5,204.5,5.48,85.17,-0.63,59.89,203.23,0.5666,0.9123,127.04,85.75,23.23,,0.0,1.0,,,SOR,2.52,50,5,1,2023,0.01,0.4,1.0,241.22,-23.85,south_apex,28.5
17,1,354.0,356.0,5.48,272.69,-12.33,69.89,354.75,0.9375,0.9187,160.54,151.6,354.75,,0.0,1.0,,,,,14,4,0,,-0.68,0.429,1.0,278.4,10.93,north_apex,9.1
21,1,51.0,53.0,5.42,322.36,12.33,64.77,51.94,0.9801,0.9064,135.45,159.74,51.94,,0.0,1.0,,,,,42,5,5,"2022,2023,2024,2025,2026",4.0,0.405,1.0,276.53,26.31,north_apex,12.9
10,1,309.0,311.0,5.37,180.59,-10.15,60.52,310.14,0.23,0.9655,151.35,124.62,130.14,,0.0,1.0,,,,,33,4,4,"2023,2024,2025,2026",3.5,0.394,1.0,234.59,-8.88,south_apex,35.2
10,1,64.5,66.5,5.37,347.72,67.52,34.25,65.31,0.8566,0.9312,52.32,132.09,65.32,,0.0,1.0,,,,,12,3,0,,-0.68,0.333,1.0,336.37,60.06,north_toroidal,33.2
12,1,313.5,315.5,5.37,251.13,-33.82,63.22,314.7,0.401,0.9594,152.21,258.5,134.7,,0.0,1.0,,,XLU,5.32,18,3,0,,-0.56,0.556,0.944,300.13,-11.55,south_apex,29.5
10,1,154.5,156.5,5.37,353.89,29.36,44.42,155.5,0.3042,0.9588,68.23,295.11,155.5,ASP,0.6,0.4,,,ASP,1.38,42,5,5,"2020,2021,2023,2024,2025",5.0,0.429,0.214,211.55,28.45,antihelion,30.6
11,1,190.5,192.5,5.37,85.77,-15.65,57.48,191.48,0.8793,0.9287,110.53,41.58,11.48,,0.0,1.0,,,,,22,5,5,"2021,2022,2023,2024,2025",3.0,0.273,1.0,252.7,-38.74,south_apex,28.3
12,1,193.5,195.5,5.37,139.88,43.31,60.18,194.01,0.6671,0.8478,125.85,106.58,194.02,,0.0,1.0,,,,,33,6,6,"2020,2021,2022,2023,2024,2025",4.0,0.273,1.0,294.61,26.56,north_apex,25.7
11,1,61.5,63.5,5.37,353.13,19.6,61.34,62.75,0.5308,0.9701,133.72,92.15,62.74,,0.0,1.0,,,CHP,2.73,27,6,6,"2021,2022,2023,2024,2025,2026",2.5,0.333,1.0,299.74,20.9,north_apex,28.9
11,1,144.0,146.0,5.37,21.65,61.39,54.98,145.17,1.0032,0.9589,101.44,191.0,145.17,,0.0,1.0,,,FTC,7.01,60,6,6,"2020,2021,2022,2023,2024,2025",6.0,0.333,1.0,264.62,46.73,north_toroidal,13.7
12,1,241.5,243.5,5.37,75.17,49.83,36.13,242.27,0.4072,0.9548,39.17,281.89,242.27,,0.0,1.0,,,,,47,7,7,"2019,2020,2021,2022,2023,2024,2025",6.0,0.298,1.0,196.94,27.53,antihelion,27.7
10,1,144.0,146.0,5.37,17.77,49.3,56.78,145.0,0.8876,0.8365,111.1,223.54,145.0,,0.0,1.0,,,FOA,4.19,68,7,3,"2019,2020,2022",1.96,0.235,1.0,252.92,37.81,north_toroidal,24.9
12,1,316.5,318.5,5.37,243.35,-73.66,49.31,317.43,0.8365,0.9234,84.57,312.93,137.43,,0.0,1.0,,,APO,6.37,33,3,2,"2024,2026",-0.3,0.455,1.0,300.67,-50.84,south_apex,44.1
10,1,321.0,323.0,5.37,206.21,-65.48,53.5,321.93,0.9819,0.8919,97.35,351.36,141.93,,0.0,1.0,,,,,21,4,4,"2023,2024,2025,2026",1.0,0.333,1.0,273.76,-49.36,south_apex,34.5
11,1,178.5,180.5,5.37,20.03,-18.85,34.13,179.61,0.4334,0.9524,31.17,98.65,358.93,,0.0,1.0,,,CTS,3.6,45,5,5,"2020,2022,2023,2024,2025",7.0,0.4,1.0,191.99,-24.45,antihelion,25.7
12,1,88.5,90.5,5.37,7.24,-16.23,68.14,89.74,1.0148,0.964,149.72,352.56,269.75,,0.0,1.0,,,,,20,5,5,"2021,2023,2024,2025,2026",2.0,0.4,1.0,274.7,-17.88,south_apex,5.3
12,1,292.5,294.5,5.37,211.14,-42.87,62.26,293.53,0.7552,0.8987,125.32,300.45,113.53,,0.0,1.0,,,,,14,3,3,"2024,2025,2026",0.5,0.5,1.0,291.01,-27.88,south_apex,23.4
12,1,244.5,246.5,5.37,100.2,-34.81,41.47,245.32,0.8194,0.9675,65.15,49.17,65.32,,0.0,1.0,,,,,32,4,4,"2022,2023,2024,2025",2.0,0.469,1.0,220.05,-57.01,south_apex,58.3
12,1,96.0,98.0,5.37,352.56,-10.11,67.48,97.51,0.7445,0.9482,167.26,64.39,277.52,,0.0,1.0,,,,,18,4,4,"2020,2023,2024,2025",1.5,0.389,1.0,251.14,-6.34,south_apex,20.5
12,1,88.5,90.5,5.37,13.06,-14.25,67.07,89.37,0.9732,0.867,148.14,335.68,269.37,,0.0,1.0,,,,,26,5,0,,-0.14,0.385,1.0,276.77,-17.75,south_apex,7.1
11,1,25.5,27.5,5.37,305.46,1.18,67.03,26.74,0.9007,0.9193,144.49,142.43,26.74,,0.0,1.0,,,TDE,6.19,23,4,4,"2023,2024,2025,2026",1.5,0.478,1.0,281.82,20.12,north_apex,12.4
12,1,100.5,102.5,5.37,17.25,8.01,69.26,101.74,0.9642,0.8757,177.62,154.36,101.62,,0.0,1.0,,,DPI,5.39,53,6,6,"2021,2022,2023,2024,2025,2026",3.0,0.415,0.642,278.14,0.94,north_apex,16.2
12,1,28.5,30.5,5.37,307.73,70.92,26.6,29.46,0.9698,0.8649,39.98,157.72,29.47,,0.0,1.0,,,EDR,2.07,67,7,7,"2020,2021,2022,2023,2024,2025,2026",7.0,0.358,1.0,5.81,75.43,north_toroidal,39.5
12,1,87.0,89.0,5.37,16.66,29.32,61.38,87.99,0.5301,0.9479,134.65,90.51,87.98,,0.0,1.0,,,,,31,6,6,"2021,2022,2023,2024,2025,2026",3.5,0.258,1.0,298.97,20.85,north_apex,28.2
11,1,105.0,107.0,5.37,303.14,18.53,40.63,105.82,0.4725,0.9671,57.36,274.9,105.82,,0.0,1.0,,,,,20,4,4,"2021,2022,2024,2025",3.0,0.3,1.0,204.97,35.63,antihelion,35.9
11,1,82.5,84.5,5.37,6.9,-16.33,67.21,83.31,0.9701,0.8908,149.01,335.14,263.32,,0.0,1.0,,,,,28,5,5,"2022,2023,2024,2025,2026",3.0,0.429,1.0,280.72,-17.85,south_apex,10.7
12,1,40.5,42.5,5.37,325.94,-0.37,66.75,41.02,0.7791,0.9024,156.75,121.24,41.01,,0.0,1.0,BAQ,2.94,,,53,7,7,"2020,2021,2022,2023,2024,2025,2026",5.5,0.264,1.0,287.11,12.43,north_apex,16.8
12,1,133.5,135.5,5.37,314.19,45.98,36.17,134.35,0.8378,0.9498,55.44,229.87,134.36,FNC,1.0,0.0,,,FNC,1.11,114,6,6,"2020,2021,2022,2023,2024,2025",20.0,0.254,0.079,205.66,59.05,north_toroidal,32.6
12,1,18.0,20.0,5.37,305.06,-31.5,68.09,19.5,0.8804,0.8936,158.83,318.26,199.51,,0.0,1.0,,,,,30,4,4,"2023,2024,2025,2026",1.5,0.433,0.967,280.83,-12.11,south_apex,10.9
10,1,346.5,348.5,5.37,257.83,-34.91,69.46,347.65,0.9865,0.8545,159.2,350.73,167.66,,0.0,1.0,,,,,26,4,4,"2022,2024,2025,2026",1.5,0.385,1.0,271.86,-13.56,south_apex,2.3
12,1,15.0,17.0,5.37,253.1,2.48,58.77,16.21,0.4507,0.9613,118.81,276.7,16.21,,0.0,1.0,,,THO,7.76,24,5,5,"2021,2022,2024,2025,2026",3.0,0.333,1.0,234.96,24.23,north_apex,34.3
11,1,120.0,122.0,5.37,42.02,26.18,66.84,121.03,0.7833,0.9254,162.02,119.95,121.02,,0.0,1.0,,,,,39,4,4,"2022,2023,2024,2025",5.0,0.359,1.0,287.6,9.97,north_apex,17.9
11,1,349.5,351.5,5.37,263.88,-18.71,69.27,350.18,0.9761,0.7562,171.86,163.54,350.18,,0.0,1.0,,,EOP,2.5,11,4,4,"2021,2024,2025,2026",1.0,0.364,1.0,273.54,4.61,north_apex,11.0
12,1,247.5,249.5,5.37,84.95,72.12,35.32,248.45,0.692,0.9594,50.13,247.07,248.45,,0.0,1.0,,,,,25,5,5,"2021,2022,2023,2024,2025",3.0,0.4,1.0,200.13,49.23,north_toroidal,41.9
12,1,279.0,281.0,5.37,143.44,-35.57,52.69,279.94,0.82,0.9119,93.81,48.64,99.94,,0.0,1.0,,,PYX,2.76,39,5,5,"2022,2023,2024,2025,2026",2.0,0.436,1.0,242.42,-47.7,south_apex,40.3
32,1,246.0,248.0,5.33,189.1,9.54,64.77,247.14,0.4817,0.9477,152.27,86.91,247.15,DSV,0.219,0.781,DRV,3.04,,,90,6,6,"2019,2021,2022,2023,2024,2025",10.0,0.311,0.322,296.91,12.64,north_apex,26.2
30,1,115.5,117.5,5.23,17.35,21.01,68.97,116.32,1.0105,0.8839,157.89,188.68,116.31,,0.0,1.0,,,UPI,7.49,40,6,6,"2020,2021,2022,2023,2024,2025",6.0,0.3,1.0,266.88,12.32,north_apex,4.0
26,1,61.5,63.5,5.14,293.45,8.61,54.99,62.49,0.5054,0.9168,105.37,271.86,62.49,,0.0,1.0,,,,,32,4,4,"2023,2024,2025,2026",2.0,0.406,1.0,232.6,30.58,north_apex,37.8
22,1,69.0,71.0,5.14,289.35,63.19,33.42,69.98,1.0083,0.9207,53.59,175.62,69.98,,0.0,1.0,,,JRD,4.72,81,7,5,"2020,2021,2022,2023,2026",2.63,0.309,0.321,298.26,79.06,north_toroidal,21.5
